-0.00068,0,0.08
-0.000676,-0.08,0
-0.000672,0,0
-0.000668,0,0
-0.000664,0,0
-0.00066,0,-0.08
-0.000656,0,-0.08
-0.000652,0,-0.08
-0.000648,-0.08,-0.08
-0.000644,0,-0.08
-0.00064,0,-0.08
-0.000636,0,-0.08
-0.000632,0,-0.08
-0.000628,0,-0.08
-0.000624,0.08,-0.08
-0.00062,0.08,-0.08
-0.000616,0,-0.08
-0.000612,0,0
-0.000608,0,0
-0.000604,-0.08,0
-0.0006,-0.08,0
-0.000596,0,0
-0.000592,0,0
-0.000588,0,0
-0.000584,0.08,0
-0.00058,0,-0.08
-0.000576,0.08,-0.08
-0.000572,0,-0.08
-0.000568,0,-0.08
-0.000564,0,0
-0.00056,0,0
-0.000556,-0.08,-0.08
-0.000552,-0.08,-0.08
-0.000548,-0.08,0
-0.000544,0,0
-0.00054,0,0
-0.000536,0.08,0
-0.000532,0,0
-0.000528,0,0
-0.000524,0.08,0
-0.00052,0.08,-0.08
-0.000516,0,0
-0.000512,0,0
-0.000508,0.08,0
-0.000504,0,0
-0.0005,0,0
-0.000496,0,0
-0.000492,0,0
-0.000488,0,-0.08
-0.000484,-0.08,0
-0.00048,-0.08,0
-0.000476,0,0.08
-0.000472,0,0
-0.000468,-0.08,0
-0.000464,0,0
-0.00046,0,0.08
-0.000456,0,0.08
-0.000452,0,0
-0.000448,0,0.08
-0.000444,0,0.08
-0.00044,0.08,0
-0.000436,0.08,0
-0.000432,0.08,0
-0.000428,0.08,0
-0.000424,0.08,0
-0.00042,0.08,0
-0.000416,0.08,0
-0.000412,0.08,0
-0.000408,0.08,0
-0.000404,0.08,0
-0.0004,0.08,0
-0.000396,0.08,0.08
-0.000392,0.08,0
-0.000388,0.08,0
-0.000384,0,0
-0.00038,0,0
-0.000376,0.08,0
-0.000372,0.08,0
-0.000368,0.08,0.08
-0.000364,0.08,0.08
-0.00036,0.08,0.08
-0.000356,0,0.08
-0.000352,0,0
-0.000348,0,0
-0.000344,0,0
-0.00034,0,0
-0.000336,0,0
-0.000332,0,0
-0.000328,0,0
-0.000324,0,0
-0.00032,0.08,0
-0.000316,0.08,0
-0.000312,0.08,0
-0.000308,0.08,0.08
-0.000304,0.08,0
-0.0003,0.08,0
-0.000296,0.08,0
-0.000292,0.08,0
-0.000288,0.08,0.08
-0.000284,0.08,0
-0.00028,0.08,0
-0.000276,0.08,0
-0.000272,0,0
-0.000268,0.08,-0.08
-0.000264,0,0
-0.00026,0,0
-0.000256,0,-0.08
-0.000252,0,-0.08
-0.000248,0,-0.08
-0.000244,0,-0.08
-0.00024,0.08,0
-0.000236,0.08,0
-0.000232,0.08,0
-0.000228,0.08,0
-0.000224,0.08,0
-0.00022,0.08,0
-0.000216,0.08,0
-0.000212,0.08,0
-0.000208,0.08,0
-0.000204,0.08,0
-0.0002,0.08,0
-0.000196,0.08,0
-0.000192,0.08,0.08
-0.000188,-0.08,0
-0.000184,0,0
-0.00018,0,0
-0.000176,0.08,0
-0.000172,0,0
-0.000168,0,0
-0.000164,0,-0.08
-0.00016,0,0
-0.000156,0.08,0
-0.000152,0,0
-0.000148,0,0
-0.000144,0,0
-0.00014,0,0
-0.000136,0,0
-0.000132,0,0
-0.000128,0,0
-0.000124,0.08,0
-0.00012,0.08,0
-0.000116,0.08,0
-0.000112,0.08,-0.08
-0.000108,0,-0.08
-0.000104,0,-0.08
-0.0001,0,-0.08
-9.6e-005,0,-0.08
-9.2e-005,0,-0.08
-8.8e-005,0,-0.08
-8.4e-005,0,-0.08
-8e-005,-0.08,0
-7.6e-005,0,0
-7.2e-005,-0.08,0
-6.8e-005,0,0
-6.4e-005,0,0
-6e-005,-0.08,0
-5.6e-005,0.08,0
-5.2e-005,0.08,0
-4.8e-005,0,0
-4.4e-005,0,0
-4e-005,0.08,0
-3.6e-005,0.08,-0.08
-3.2e-005,0.08,-0.08
-2.8e-005,0.08,0
-2.4e-005,0,0
-2e-005,0,0
-1.6e-005,-0.08,0
-1.2e-005,-0.08,0
-8e-006,-0.08,-0.08
-4e-006,-4.56,-5.04
-1.0842e-019,-6.72,-6
4e-006,7.76,-6
8e-006,7.76,-5.92
1.2e-005,7.84,-6
1.6e-005,7.84,-6
2e-005,7.84,-6
2.4e-005,7.84,-6
2.8e-005,7.84,-5.92
3.2e-005,7.84,-6
3.6e-005,7.76,-5.92
4e-005,7.84,-6
4.4e-005,7.84,-6
4.8e-005,7.84,-6
5.2e-005,7.84,-6
5.6e-005,7.84,-5.92
6e-005,7.84,8.32
6.4e-005,7.84,8.4
6.8e-005,7.84,8.48
7.2e-005,7.84,8.48
7.6e-005,7.84,8.48
8e-005,7.76,8.48
8.4e-005,7.76,8.4
8.8e-005,7.84,8.4
9.2e-005,0.56,8.4
9.6e-005,-6,0.32
0.0001,-6.72,-2.4
0.000104,-6.8,-2.8
0.000108,-6.8,-2.16
0.000112,-6.16,-1.28
0.000116,-5.12,-0.4
0.00012,-4.4,0.24
0.000124,-4.08,0.72
0.000128,-3.92,0.96
0.000132,-4,0.96
0.000136,-4.16,0.88
0.00014,-4.48,0.72
0.000144,-4.72,0.48
0.000148,-5.04,0.32
0.000152,-5.28,0.16
0.000156,-5.52,0.08
0.00016,-5.68,0
0.000164,-5.84,-0.08
0.000168,-5.92,-0.08
0.000172,-6,-0.08
0.000176,-6,-0.08
0.00018,-6.08,0
0.000184,-6.08,0
0.000188,-6.08,0.08
0.000192,-6.08,0.08
0.000196,-6.08,0.16
0.0002,-6,0.16
0.000204,-6,0.16
0.000208,-6.08,0.16
0.000212,-6.08,0.24
0.000216,-6.08,0.24
0.00022,-6.08,0.24
0.000224,-6,0.4
0.000228,-6,0.4
0.000232,-6,0.48
0.000236,-6,0.56
0.00024,-6,0.56
0.000244,-6,0.56
0.000248,-6,0.56
0.000252,-6,0.64
0.000256,-6,0.64
0.00026,-6,0.64
0.000264,-6,0.72
0.000268,-6,0.8
0.000272,-5.92,0.8
0.000276,-5.92,0.8
0.00028,-5.92,0.88
0.000284,-5.92,0.88
0.000288,-5.92,0.96
0.000292,-5.92,0.96
0.000296,-5.84,1.04
0.0003,-5.92,1.04
0.000304,-5.84,1.04
0.000308,-5.92,1.04
0.000312,-5.84,1.12
0.000316,-5.84,1.12
0.00032,-5.84,1.2
0.000324,-5.76,1.2
0.000328,-5.76,1.2
0.000332,-5.76,1.28
0.000336,-5.76,1.28
0.00034,-5.76,1.28
0.000344,-5.68,1.36
0.000348,-5.68,1.36
0.000352,-5.6,1.44
0.000356,-5.6,1.44
0.00036,-5.6,1.44
0.000364,-5.52,1.52
0.000368,-5.6,1.52
0.000372,-5.52,1.52
0.000376,-5.6,1.52
0.00038,-5.6,1.6
0.000384,-5.6,1.6
0.000388,-5.52,1.6
0.000392,-5.6,1.68
0.000396,-5.44,1.76
0.0004,-5.36,1.76
0.000404,-5.36,1.76
0.000408,-5.36,1.84
0.000412,-5.36,1.92
0.000416,-5.28,1.92
0.00042,-5.28,1.92
0.000424,-5.28,1.92
0.000428,-5.28,1.92
0.000432,-5.28,2
0.000436,-5.2,2
0.00044,-5.2,2.08
0.000444,-5.2,2.08
0.000448,-5.2,2.08
0.000452,-5.2,2.08
0.000456,-5.12,2.08
0.00046,-5.04,2.16
0.000464,-5.04,2.16
0.000468,-4.96,2.24
0.000472,-4.96,2.24
0.000476,-4.88,2.32
0.00048,-4.88,2.32
0.000484,-4.8,2.32
0.000488,-4.88,2.32
0.000492,-4.88,2.32
0.000496,-4.88,2.32
0.0005,-4.88,2.4
0.000504,-4.88,2.4
0.000508,-4.8,2.4
0.000512,-4.8,2.48
0.000516,-4.8,2.48
0.00052,-4.72,2.48
0.000524,-4.72,2.56
0.000528,-4.64,2.64
0.000532,-4.56,2.64
0.000536,-4.56,2.64
0.00054,-4.56,2.56
0.000544,-4.56,2.56
0.000548,-4.48,2.56
0.000552,-4.4,2.56
0.000556,-4.4,2.64
0.00056,-4.4,2.64
0.000564,-4.4,2.64
0.000568,-4.4,2.64
0.000572,-4.32,2.64
0.000576,-4.32,2.72
0.00058,-4.24,2.72
0.000584,-4.16,2.8
0.000588,-4.16,2.8
0.000592,-4.16,2.72
0.000596,-4.16,2.8
0.0006,-4.08,2.8
0.000604,-4,2.88
0.000608,-4,2.8
0.000612,-4,2.88
0.000616,-3.92,2.88
0.00062,-3.92,2.88
0.000624,-3.92,2.88
0.000628,-3.84,2.88
0.000632,-3.84,2.88
0.000636,-3.76,2.88
0.00064,-3.84,2.88
0.000644,-3.76,2.88
0.000648,-3.68,2.88
0.000652,-3.68,2.96
0.000656,-3.68,2.96
0.00066,-3.6,2.96
0.000664,-3.52,3.04
0.000668,-3.52,3.04
0.000672,-3.44,3.04
0.000676,-3.44,3.04
0.00068,-3.44,3.04
0.000684,-3.44,3.04
0.000688,-3.36,3.04
0.000692,-3.36,3.04
0.000696,-3.36,3.04
0.0007,-3.28,3.04
0.000704,-3.2,3.04
0.000708,-3.2,3.04
0.000712,-3.12,3.04
0.000716,-3.2,3.12
0.00072,-3.12,3.12
0.000724,-3.12,3.12
0.000728,-3.04,3.12
0.000732,-3.04,3.04
0.000736,-2.96,3.12
0.00074,-2.88,3.12
0.000744,-2.88,3.12
0.000748,-2.88,3.12
0.000752,-2.88,3.04
0.000756,-2.8,3.12
0.00076,-2.8,3.04
0.000764,-2.8,3.04
0.000768,-2.72,3.04
0.000772,-2.72,3.04
0.000776,-2.72,3.04
0.00078,-2.64,3.12
0.000784,-2.64,3.12
0.000788,-2.56,3.2
0.000792,-2.48,3.2
0.000796,-2.48,3.2
0.0008,-2.48,3.2
0.000804,-2.48,3.2
0.000808,-2.4,3.2
0.000812,-2.4,3.12
0.000816,-2.4,3.12
0.00082,-2.48,3.12
0.000824,-2.32,3.2
0.000828,-2.4,3.2
0.000832,-2.24,3.2
0.000836,-2.24,3.12
0.00084,-2.24,3.12
0.000844,-2.16,3.2
0.000848,-2.16,3.2
0.000852,-2.08,3.2
0.000856,-2,3.12
0.00086,-2.08,3.12
0.000864,-2,3.12
0.000868,-2,3.04
0.000872,-1.92,3.04
0.000876,-1.92,3.04
0.00088,-1.84,3.04
0.000884,-1.84,3.12
0.000888,-1.84,3.12
0.000892,-1.84,3.12
0.000896,-1.76,3.12
0.0009,-1.68,3.12
0.000904,-1.68,3.12
0.000908,-1.6,3.12
0.000912,-1.6,3.04
0.000916,-1.6,3.04
0.00092,-1.6,3.04
0.000924,-1.6,3.12
0.000928,-1.6,3.12
0.000932,-1.6,3.04
0.000936,-1.6,3.04
0.00094,-1.52,3.04
0.000944,-1.44,2.96
0.000948,-1.44,2.96
0.000952,-1.36,2.96
0.000956,-1.36,3.04
0.00096,-1.36,2.96
0.000964,-1.36,2.96
0.000968,-1.28,2.96
0.000972,-1.28,2.96
0.000976,-1.28,2.96
0.00098,-1.2,2.96
0.000984,-1.2,2.96
0.000988,-1.2,2.96
0.000992,-1.2,2.96
0.000996,-1.12,2.96
0.001,-1.12,2.88
0.001004,-1.04,2.88
0.001008,-1.04,2.88
0.001012,-1.04,2.88
0.001016,-0.96,2.88
0.00102,-0.96,2.8
0.001024,-0.96,2.88
0.001028,-0.88,2.8
0.001032,-0.96,2.88
0.001036,-0.88,2.8
0.00104,-0.88,2.8
0.001044,-0.88,2.8
0.001048,-0.88,2.8
0.001052,-0.8,2.72
0.001056,-0.8,2.72
0.00106,-0.72,2.72
0.001064,-0.8,2.72
0.001068,-0.64,2.8
0.001072,-0.64,2.8
0.001076,-0.72,2.8
0.00108,-0.64,2.72
0.001084,-0.64,2.72
0.001088,-0.64,2.72
0.001092,-0.64,2.72
0.001096,-0.56,2.72
0.0011,-0.56,2.72
0.001104,-0.56,2.64
0.001108,-0.48,2.56
0.001112,-0.4,2.64
0.001116,-0.48,2.64
0.00112,-0.48,2.56
0.001124,-0.4,2.56
0.001128,-0.4,2.56
0.001132,-0.4,2.56
0.001136,-0.32,2.56
0.00114,-0.32,2.48
0.001144,-0.32,2.4
0.001148,-0.32,2.4
0.001152,-0.32,2.48
0.001156,-0.24,2.48
0.00116,-0.32,2.48
0.001164,-0.24,2.4
0.001168,-0.24,2.4
0.001172,-0.16,2.4
0.001176,-0.24,2.4
0.00118,-0.16,2.4
0.001184,-0.16,2.32
0.001188,-0.08,2.32
0.001192,-0.08,2.32
0.001196,-0.08,2.24
0.0012,-0.08,2.32
0.001204,-0.08,2.24
0.001208,-0.08,2.24
0.001212,-0.08,2.24
0.001216,0,2.24
0.00122,-0.08,2.16
0.001224,0,2.16
0.001228,0,2.16
0.001232,0,2.08
0.001236,0.08,2.08
0.00124,0.08,2.08
0.001244,0.08,2.08
0.001248,0.08,2.08
0.001252,0.08,2
0.001256,0.08,2
0.00126,0.08,2.08
0.001264,0.16,2
0.001268,0.16,2
0.001272,0.16,2
0.001276,0.16,2
0.00128,0.24,1.92
0.001284,0.16,1.92
0.001288,0.24,1.92
0.001292,0.24,1.84
0.001296,0.32,1.84
0.0013,0.32,1.84
0.001304,0.24,1.84
0.001308,0.24,1.84
0.001312,0.24,1.76
0.001316,0.24,1.76
0.00132,0.24,1.84
0.001324,0.32,1.76
0.001328,0.32,1.76
0.001332,0.32,1.76
0.001336,0.32,1.76
0.00134,0.32,1.68
0.001344,0.32,1.68
0.001348,0.32,1.76
0.001352,0.4,1.76
0.001356,0.4,1.68
0.00136,0.4,1.68
0.001364,0.4,1.68
0.001368,0.4,1.68
0.001372,0.4,1.6
0.001376,0.4,1.6
0.00138,0.4,1.52
0.001384,0.4,1.6
0.001388,0.32,1.52
0.001392,0.4,1.6
0.001396,0.48,1.52
0.0014,0.4,1.52
0.001404,0.48,1.52
0.001408,0.4,1.44
0.001412,0.4,1.44
0.001416,0.4,1.44
0.00142,0.48,1.44
0.001424,0.48,1.36
0.001428,0.48,1.36
0.001432,0.56,1.28
0.001436,0.56,1.28
0.00144,0.56,1.28
0.001444,0.48,1.2
0.001448,0.56,1.2
0.001452,0.48,1.2
0.001456,0.56,1.2
0.00146,0.56,1.28
0.001464,0.48,1.2
0.001468,0.4,1.28
0.001472,0.48,1.2
0.001476,0.48,1.2
0.00148,0.48,1.2
0.001484,0.56,1.2
0.001488,0.56,1.12
0.001492,0.56,1.12
0.001496,0.56,1.2
0.0015,0.56,1.12
0.001504,0.56,1.12
0.001508,0.56,1.12
0.001512,0.56,1.04
0.001516,0.56,1.12
0.00152,0.64,1.04
0.001524,0.56,1.04
0.001528,0.56,1.04
0.001532,0.56,0.96
0.001536,0.56,0.96
0.00154,0.56,0.88
0.001544,0.56,0.96
0.001548,0.56,0.96
0.001552,0.56,0.96
0.001556,0.56,0.88
0.00156,0.64,0.88
0.001564,0.64,0.88
0.001568,0.56,0.96
0.001572,0.64,0.88
0.001576,0.64,0.96
0.00158,0.64,0.88
0.001584,0.64,0.8
0.001588,0.64,0.88
0.001592,0.64,0.88
0.001596,0.64,0.88
0.0016,0.64,0.88
0.001604,0.64,0.8
0.001608,0.64,0.8
0.001612,0.64,0.8
0.001616,0.64,0.8
0.00162,0.64,0.72
0.001624,0.56,0.72
0.001628,0.64,0.72
0.001632,0.64,0.64
0.001636,0.56,0.72
0.00164,0.64,0.72
0.001644,0.56,0.72
0.001648,0.56,0.72
0.001652,0.56,0.64
0.001656,0.56,0.64
0.00166,0.56,0.64
0.001664,0.56,0.56
0.001668,0.56,0.56
0.001672,0.64,0.56
0.001676,0.56,0.56
0.00168,0.64,0.56
0.001684,0.56,0.56
0.001688,0.64,0.56
0.001692,0.64,0.48
0.001696,0.56,0.48
0.0017,0.64,0.48
0.001704,0.64,0.48
0.001708,0.56,0.4
0.001712,0.64,0.48
0.001716,0.56,0.48
0.00172,0.56,0.48
0.001724,0.56,0.4
0.001728,0.56,0.4
0.001732,0.56,0.4
0.001736,0.56,0.4
0.00174,0.64,0.48
0.001744,0.64,0.4
0.001748,0.64,0.32
0.001752,0.64,0.32
0.001756,0.64,0.4
0.00176,0.64,0.4
0.001764,0.56,0.32
0.001768,0.56,0.4
0.001772,0.48,0.32
0.001776,0.56,0.4
0.00178,0.56,0.4
0.001784,0.48,0.4
0.001788,0.4,0.32
0.001792,0.48,0.32
0.001796,0.4,0.32
0.0018,0.56,0.32
0.001804,0.56,0.32
0.001808,0.48,0.32
0.001812,0.56,0.32
0.001816,0.56,0.24
0.00182,0.56,0.24
0.001824,0.56,0.24
0.001828,0.56,0.24
0.001832,0.56,0.32
0.001836,0.56,0.32
0.00184,0.56,0.24
0.001844,0.64,0.24
0.001848,0.56,0.32
0.001852,0.48,0.24
0.001856,0.48,0.24
0.00186,0.48,0.24
0.001864,0.48,0.24
0.001868,0.48,0.24
0.001872,0.4,0.16
0.001876,0.4,0.16
0.00188,0.48,0.16
0.001884,0.48,0.16
0.001888,0.48,0.24
0.001892,0.48,0.16
0.001896,0.4,0.16
0.0019,0.48,0.16
0.001904,0.48,0.16
0.001908,0.48,0.16
0.001912,0.48,0.16
0.001916,0.4,0.16
0.00192,0.4,0.16
0.001924,0.4,0.08
0.001928,0.48,0.16
0.001932,0.4,0.16
0.001936,0.4,0.08
0.00194,0.4,0.08
0.001944,0.4,0.08
0.001948,0.4,0.08
0.001952,0.4,0.08
0.001956,0.48,0.16
0.00196,0.48,0.16
0.001964,0.48,0.16
0.001968,0.4,0.16
0.001972,0.4,0.08
0.001976,0.4,0.08
0.00198,0.4,0.08
0.001984,0.4,0
0.001988,0.4,0
0.001992,0.4,0
0.001996,0.4,0
0.002,0.4,0
0.002004,0.32,0.08
0.002008,0.32,0
0.002012,0.32,0
0.002016,0.4,-0.08
0.00202,0.32,0
0.002024,0.4,0
0.002028,0.32,0
0.002032,0.32,0
0.002036,0.32,0
0.00204,0.32,0
0.002044,0.32,0
0.002048,0.32,-0.08
0.002052,0.24,0
0.002056,0.32,0
0.00206,0.32,0
0.002064,0.32,0
0.002068,0.32,-0.08
0.002072,0.32,-0.08
0.002076,0.32,-0.08
0.00208,0.32,0
0.002084,0.24,0
0.002088,0.24,0
0.002092,0.24,0
0.002096,0.24,0
0.0021,0.32,0
0.002104,0.24,-0.08
0.002108,0.24,0
0.002112,0.24,-0.08
0.002116,0.16,-0.08
0.00212,0.08,0
0.002124,0.16,0
0.002128,0.16,0
0.002132,0.24,0
0.002136,0.24,0
0.00214,0.24,0
0.002144,0.24,0
0.002148,0.16,0
0.002152,0.16,-0.08
0.002156,0.16,-0.08
0.00216,0.16,-0.08
0.002164,0.16,0
0.002168,0.24,-0.08
0.002172,0.24,0
0.002176,0.24,0
0.00218,0.24,-0.08
0.002184,0.24,0
0.002188,0.24,-0.16
0.002192,0.24,-0.08
0.002196,0.16,-0.08
0.0022,0.08,-0.08
0.002204,0.08,-0.08
0.002208,0.16,-0.08
0.002212,0.16,-0.08
0.002216,0.16,-0.16
0.00222,0.16,-0.08
0.002224,0.16,-0.08
0.002228,0.08,-0.08
0.002232,0.08,-0.08
0.002236,0.16,-0.08
0.00224,0.16,-0.08
0.002244,0.16,-0.08
0.002248,0.16,-0.08
0.002252,0.16,-0.08
0.002256,0.08,-0.16
0.00226,0.08,-0.16
0.002264,0.16,-0.08
0.002268,0.16,-0.08
0.002272,0.08,0
0.002276,0.08,0
0.00228,0.16,-0.08
0.002284,0.16,-0.08
0.002288,0.16,0
0.002292,0.16,-0.08
0.002296,0.16,-0.08
0.0023,0.16,-0.08
0.002304,0.08,-0.08
0.002308,0.08,-0.08
0.002312,0.08,-0.08
0.002316,0.08,-0.08
0.00232,0.08,-0.08
0.002324,0.08,-0.08
0.002328,0.08,-0.08
0.002332,0.08,-0.08
0.002336,0.08,-0.08
0.00234,0.08,-0.16
0.002344,0.16,-0.08
0.002348,0.16,-0.08
0.002352,0,-0.08
0.002356,0.08,-0.08
0.00236,0,-0.08
0.002364,0.08,-0.16
0.002368,0.08,-0.08
0.002372,0.08,-0.08
0.002376,0.08,-0.08
0.00238,0.08,-0.16
0.002384,0.08,-0.16
0.002388,0.08,-0.16
0.002392,0.08,-0.16
0.002396,0.08,-0.16
0.0024,0.08,-0.16
0.002404,0.16,-0.08
0.002408,0.16,-0.08
0.002412,0.16,-0.16
0.002416,0.16,-0.16
0.00242,0.08,-0.08
0.002424,0.08,-0.16
0.002428,0.08,-0.16
0.002432,0.08,-0.16
0.002436,0,-0.16
0.00244,0,-0.08
0.002444,0,-0.08
0.002448,0,-0.08
0.002452,0,-0.08
0.002456,0,-0.08
0.00246,0,-0.08
0.002464,0,-0.08
0.002468,0.08,-0.08
0.002472,0.08,-0.08
0.002476,0.16,-0.16
0.00248,0.08,-0.08
0.002484,0.08,-0.08
0.002488,0.08,-0.16
0.002492,0.08,-0.08
0.002496,0,-0.08
0.0025,0,-0.08
0.002504,0.08,-0.08
0.002508,0.08,-0.08
0.002512,0.08,-0.08
0.002516,0.08,-0.16
0.00252,0.16,-0.08
0.002524,0.08,-0.08
0.002528,0.08,-0.08
0.002532,0.08,-0.08
0.002536,0.08,-0.08
0.00254,0.16,-0.08
0.002544,0.08,-0.08
0.002548,0.08,-0.08
0.002552,0.08,-0.08
0.002556,0.08,-0.08
0.00256,0.08,-0.08
0.002564,0.08,-0.08
0.002568,0.08,-0.08
0.002572,0.08,-0.08
0.002576,0.08,-0.08
0.00258,0.08,0
0.002584,0.16,-0.08
0.002588,0.08,-0.08
0.002592,0.08,-0.08
0.002596,0,0
0.0026,0.08,0
0.002604,0.08,-0.08
0.002608,0.08,-0.08
0.002612,0.08,-0.08
0.002616,0.08,-0.08
0.00262,0,-0.08
0.002624,0,-0.08
0.002628,-0.08,-0.08
0.002632,-0.08,-0.08
0.002636,0,-0.08
0.00264,0.08,-0.08
0.002644,0.08,-0.08
0.002648,0,-0.08
0.002652,0.08,-0.08
0.002656,0.08,-0.08
0.00266,0.08,-0.08
0.002664,0.16,-0.08
0.002668,0.08,-0.08
0.002672,0.08,-0.08
0.002676,0.08,-0.08
0.00268,0.08,0
0.002684,0,-0.08
0.002688,0.08,0
0.002692,0,-0.08
0.002696,0,-0.08
0.0027,0,-0.08
0.002704,0,-0.08
0.002708,0.08,-0.08
0.002712,0.08,0
0.002716,0,-0.08
0.00272,0,-0.08
0.002724,0,-0.16
0.002728,0.08,-0.08
0.002732,0.08,-0.08
0.002736,0,-0.08
0.00274,0,-0.08
0.002744,0.08,-0.16
0.002748,0.08,-0.16
0.002752,0.16,-0.16
0.002756,0.08,-0.08
0.00276,0.08,-0.08
0.002764,0.08,-0.08
0.002768,0.16,-0.08
0.002772,0.16,-0.08
0.002776,0.16,-0.08
0.00278,0.08,-0.08
0.002784,0.08,-0.16
0.002788,0.08,-0.08
0.002792,0.08,-0.08
0.002796,0.08,0
0.0028,0.08,-0.08
0.002804,0.08,-0.08
0.002808,0,0
0.002812,0.08,0
0.002816,0.08,0
0.00282,0.08,-0.08
0.002824,0.08,-0.08
0.002828,0.08,0
0.002832,0.08,0
0.002836,0.08,-0.08
0.00284,0,-0.08
0.002844,0.08,-0.08
0.002848,0.08,-0.08
0.002852,0.08,-0.08
0.002856,0.08,-0.08
0.00286,0.08,-0.08
0.002864,0.08,-0.08
0.002868,0.08,-0.08
0.002872,0.08,-0.08
0.002876,0.16,-0.08
0.00288,0.16,-0.08
0.002884,0.16,-0.08
0.002888,0.16,0
0.002892,0.16,-0.08
0.002896,0.08,-0.08
0.0029,0.08,-0.16
0.002904,0.08,-0.16
0.002908,0.08,-0.16
0.002912,0,-0.08
0.002916,0,-0.08
0.00292,0,-0.08
0.002924,0.08,-0.08
0.002928,0.08,-0.08
0.002932,0.16,-0.08
0.002936,0.16,-0.08
0.00294,0.16,-0.08
0.002944,0.16,-0.08
0.002948,0.08,-0.08
0.002952,0.08,-0.16
0.002956,0.16,-0.08
0.00296,0.08,-0.08
0.002964,0.08,-0.16
0.002968,0.08,-0.08
0.002972,0.08,-0.08
0.002976,0.08,-0.08
0.00298,0,-0.08
0.002984,0,-0.08
0.002988,0,-0.08
0.002992,0,-0.08
0.002996,0,-0.08
0.003,0,-0.08
0.003004,0.08,0
0.003008,0.08,0
0.003012,0.16,0
0.003016,0.16,0
0.00302,0.16,-0.08
0.003024,0.16,-0.08
0.003028,0.16,-0.08
0.003032,0.08,-0.16
0.003036,0.16,-0.16
0.00304,0.08,-0.16
0.003044,0.16,-0.16
0.003048,0.16,-0.08
0.003052,0.08,-0.08
0.003056,0.08,-0.08
0.00306,0.08,-0.08
0.003064,0.16,-0.08
0.003068,0.16,-0.08
0.003072,0.16,-0.08
0.003076,0.16,-0.08
0.00308,0.16,-0.08
0.003084,0.08,-0.08
0.003088,0.08,-0.08
0.003092,0.16,-0.16
0.003096,0.08,-0.08
0.0031,0.08,-0.08
0.003104,0.08,-0.08
0.003108,0.08,-0.08
0.003112,0.08,-0.08
0.003116,0.08,-0.16
0.00312,0.08,-0.08
0.003124,0.08,-0.08
0.003128,0.08,-0.08
0.003132,0.08,-0.08
0.003136,0.16,-0.08
0.00314,0.16,-0.08
0.003144,0.16,-0.08
0.003148,0.16,-0.08
0.003152,0.16,-0.08
0.003156,0.16,-0.16
0.00316,0.08,-0.16
0.003164,0.08,-0.16
0.003168,0.08,-0.16
0.003172,0.08,-0.16
0.003176,0.16,-0.16
0.00318,0.08,-0.16
0.003184,0.08,-0.16
0.003188,0.08,-0.16
0.003192,0.08,-0.08
0.003196,0.08,-0.08
0.0032,0,-0.08
0.003204,0,-0.08
0.003208,0.08,-0.08
0.003212,0.08,-0.08
0.003216,0.08,-0.08
0.00322,0.16,-0.08
0.003224,0.08,-0.08
0.003228,0.08,0
0.003232,0.08,-0.08
0.003236,0.16,0
0.00324,0.08,-0.08
0.003244,0.08,-0.08
0.003248,0.16,-0.08
0.003252,0.16,-0.08
0.003256,0.16,-0.08
0.00326,0.08,-0.08
0.003264,0.08,-0.08
0.003268,0.08,-0.08
0.003272,0.08,-0.16
0.003276,0.08,-0.08
0.00328,0.08,-0.16
0.003284,0.08,-0.08
0.003288,0.08,-0.08
0.003292,0.08,-0.16
0.003296,0.16,-0.08
0.0033,0.16,-0.08
0.003304,0.16,-0.16
0.003308,0.08,-0.16
0.003312,0.08,-0.16
0.003316,0.08,-0.08
0.00332,0.08,-0.16
0.003324,0.16,-0.08
0.003328,0.08,-0.08
0.003332,0.16,-0.08
0.003336,0.08,-0.08
0.00334,0.16,-0.08
0.003344,0.08,-0.08
0.003348,0.08,-0.08
0.003352,0.16,-0.16
0.003356,0.16,-0.16
0.00336,0.08,-0.16
0.003364,0.08,-0.08
0.003368,0.08,-0.16
0.003372,0.08,-0.16
0.003376,0.08,-0.16
0.00338,0.16,-0.16
0.003384,0.08,-0.16
0.003388,0.08,-0.24
0.003392,0.08,-0.16
0.003396,0.08,-0.08
0.0034,0.08,-0.08
0.003404,0.08,-0.08
0.003408,0.08,-0.08
0.003412,0.08,-0.08
0.003416,0.16,-0.08
0.00342,0.08,-0.08
0.003424,0.16,0
0.003428,0.16,0
0.003432,0.16,-0.08
0.003436,0.16,-0.08
0.00344,0.08,-0.08
0.003444,0.16,-0.08
0.003448,0.16,-0.08
0.003452,0.16,-0.16
0.003456,0.16,-0.08
0.00346,0.16,-0.16
0.003464,0.16,-0.08
0.003468,0.16,-0.08
0.003472,0.16,-0.08
0.003476,0.24,-0.08
0.00348,0.16,-0.16
0.003484,0.16,-0.16
0.003488,0.16,-0.16
0.003492,0.16,-0.16
0.003496,0.08,-0.16
0.0035,0.16,-0.16
0.003504,0.16,-0.16
0.003508,0.08,-0.16
0.003512,0.16,-0.16
0.003516,0.16,-0.08
0.00352,0.08,-0.16
0.003524,-6.64,-6.08
0.003528,7.84,-6.16
0.003532,7.92,-6.08
0.003536,7.92,-6.08
0.00354,7.92,-6.08
0.003544,7.92,-6.08
0.003548,7.92,-6.16
0.003552,7.92,-6.08
0.003556,7.92,-6.08
0.00356,7.92,-6.08
0.003564,7.92,-6.08
0.003568,7.92,-6.08
0.003572,7.92,-6.08
0.003576,7.92,-6.08
0.00358,7.92,-6.08
0.003584,7.92,-6.08
0.003588,7.92,-6.08
0.003592,7.92,-6.08
0.003596,7.92,-6.08
0.0036,7.92,-6.08
0.003604,7.92,-6.08
0.003608,7.92,-6.08
0.003612,7.92,-6.08
0.003616,7.92,-6.08
0.00362,7.84,-6.08
0.003624,7.92,-6
0.003628,7.92,-6.08
0.003632,7.92,-0.32
0.003636,7.84,8.24
0.00364,7.92,8.32
0.003644,7.84,8.32
0.003648,7.92,8.32
0.003652,7.84,8.4
0.003656,7.92,8.32
0.00366,7.84,8.32
0.003664,7.92,8.32
0.003668,7.84,8.32
0.003672,1.84,1.36
0.003676,0.24,-0.64
0.00368,0.16,-1.04
0.003684,0.88,-0.64
0.003688,1.68,0
0.003692,2.32,0.56
0.003696,2.8,1.04
0.0037,2.88,1.2
0.003704,2.8,1.2
0.003708,2.64,1.2
0.003712,2.4,0.96
0.003716,2.08,0.8
0.00372,1.76,0.56
0.003724,1.52,0.4
0.003728,1.2,0.24
0.003732,0.96,0.16
0.003736,0.72,0.08
0.00374,0.64,0
0.003744,0.56,0
0.003748,0.48,-0.08
0.003752,0.48,-0.08
0.003756,0.48,-0.08
0.00376,0.48,-0.08
0.003764,0.4,-0.08
0.003768,0.4,-0.08
0.003772,0.32,-0.08
0.003776,0.24,0
0.00378,0.24,0
0.003784,0.24,0
0.003788,0.24,0.08
0.003792,0.24,0.08
0.003796,0.24,0.08
0.0038,0.16,0.08
0.003804,0.16,0.16
0.003808,0.08,0.16
0.003812,0.08,0.16
0.003816,0,0.16
0.00382,0.08,0.16
0.003824,0.08,0.16
0.003828,0.08,0.16
0.003832,0.08,0.16
0.003836,0.08,0.16
0.00384,0.08,0.24
0.003844,0,0.16
0.003848,0.08,0.24
0.003852,0.08,0.24
0.003856,0,0.24
0.00386,0.08,0.24
0.003864,0.08,0.24
0.003868,0.08,0.24
0.003872,0.08,0.24
0.003876,0.08,0.24
0.00388,0.16,0.24
0.003884,0.08,0.24
0.003888,0.16,0.24
0.003892,0.08,0.32
0.003896,0.16,0.32
0.0039,0.16,0.32
0.003904,0.24,0.32
0.003908,0.24,0.4
0.003912,0.24,0.32
0.003916,0.24,0.32
0.00392,0.16,0.32
0.003924,0.16,0.4
0.003928,0.16,0.4
0.003932,0.16,0.32
0.003936,0.16,0.32
0.00394,0.08,0.32
0.003944,0.16,0.32
0.003948,0.16,0.4
0.003952,0.16,0.4
0.003956,0.16,0.4
0.00396,0.16,0.4
0.003964,0.16,0.4
0.003968,0.16,0.4
0.003972,0.16,0.4
0.003976,0.16,0.4
0.00398,0.16,0.4
0.003984,0.16,0.4
0.003988,0.16,0.48
0.003992,0.16,0.48
0.003996,0.16,0.48
0.004,0.16,0.48
0.004004,0.08,0.4
0.004008,0.16,0.4
0.004012,0.16,0.4
0.004016,0.16,0.4
0.00402,0.16,0.48
0.004024,0.16,0.48
0.004028,0.16,0.48
0.004032,0.16,0.48
0.004036,0.24,0.48
0.00404,0.24,0.56
0.004044,0.24,0.56
0.004048,0.24,0.56
0.004052,0.16,0.56
0.004056,0.24,0.56
0.00406,0.24,0.48
0.004064,0.32,0.56
0.004068,0.24,0.56
0.004072,0.24,0.56
0.004076,0.24,0.56
0.00408,0.24,0.56
0.004084,0.32,0.56
0.004088,0.32,0.56
0.004092,0.32,0.56
0.004096,0.32,0.56
0.0041,0.32,0.48
0.004104,0.32,0.48
0.004108,0.32,0.48
0.004112,0.32,0.48
0.004116,0.32,0.4
0.00412,0.32,0.48
0.004124,0.32,0.56
0.004128,0.32,0.56
0.004132,0.4,0.56
0.004136,0.4,0.56
0.00414,0.4,0.56
0.004144,0.48,0.56
0.004148,0.48,0.56
0.004152,0.4,0.56
0.004156,0.4,0.56
0.00416,0.4,0.56
0.004164,0.48,0.56
0.004168,0.48,0.56
0.004172,0.4,0.56
0.004176,0.4,0.56
0.00418,0.4,0.56
0.004184,0.4,0.48
0.004188,0.4,0.48
0.004192,0.4,0.48
0.004196,0.4,0.48
0.0042,0.4,0.56
0.004204,0.4,0.64
0.004208,0.4,0.56
0.004212,0.48,0.56
0.004216,0.48,0.56
0.00422,0.56,0.56
0.004224,0.56,0.56
0.004228,0.56,0.56
0.004232,0.56,0.56
0.004236,0.56,0.48
0.00424,0.56,0.56
0.004244,0.56,0.56
0.004248,0.56,0.48
0.004252,0.56,0.48
0.004256,0.56,0.48
0.00426,0.56,0.48
0.004264,0.56,0.48
0.004268,0.56,0.48
0.004272,0.64,0.48
0.004276,0.64,0.48
0.00428,0.56,0.48
0.004284,0.56,0.4
0.004288,0.56,0.4
0.004292,0.56,0.4
0.004296,0.56,0.4
0.0043,0.56,0.48
0.004304,0.64,0.48
0.004308,0.64,0.48
0.004312,0.64,0.48
0.004316,0.64,0.56
0.00432,0.64,0.56
0.004324,0.64,0.56
0.004328,0.64,0.48
0.004332,0.72,0.48
0.004336,0.64,0.48
0.00434,0.64,0.48
0.004344,0.64,0.48
0.004348,0.64,0.48
0.004352,0.64,0.4
0.004356,0.64,0.48
0.00436,0.64,0.48
0.004364,0.64,0.4
0.004368,0.64,0.4
0.004372,0.72,0.4
0.004376,0.72,0.4
0.00438,0.64,0.32
0.004384,0.72,0.32
0.004388,0.64,0.4
0.004392,0.56,0.32
0.004396,0.64,0.4
0.0044,0.64,0.32
0.004404,0.64,0.32
0.004408,0.64,0.32
0.004412,0.64,0.32
0.004416,0.64,0.32
0.00442,0.64,0.32
0.004424,0.72,0.32
0.004428,0.72,0.32
0.004432,0.64,0.32
0.004436,0.72,0.32
0.00444,0.72,0.32
0.004444,0.8,0.32
0.004448,0.8,0.32
0.004452,0.8,0.32
0.004456,0.8,0.32
0.00446,0.8,0.32
0.004464,0.8,0.24
0.004468,0.72,0.24
0.004472,0.8,0.24
0.004476,0.8,0.24
0.00448,0.8,0.24
0.004484,0.8,0.32
0.004488,0.8,0.32
0.004492,0.72,0.24
0.004496,0.8,0.24
0.0045,0.8,0.24
0.004504,0.72,0.24
0.004508,0.72,0.24
0.004512,0.8,0.16
0.004516,0.8,0.16
0.00452,0.8,0.16
0.004524,0.8,0.16
0.004528,0.8,0.16
0.004532,0.88,0.16
0.004536,0.88,0.16
0.00454,0.8,0.16
0.004544,0.8,0.16
0.004548,0.8,0.16
0.004552,0.8,0.16
0.004556,0.88,0.16
0.00456,0.88,0.16
0.004564,0.88,0.16
0.004568,0.88,0.16
0.004572,0.88,0.16
0.004576,0.8,0.08
0.00458,0.88,0.16
0.004584,0.8,0.08
0.004588,0.8,0.16
0.004592,0.8,0.08
0.004596,0.8,0.08
0.0046,0.8,0.16
0.004604,0.8,0.08
0.004608,0.72,0.16
0.004612,0.8,0.08
0.004616,0.72,0.08
0.00462,0.8,0
0.004624,0.8,0.08
0.004628,0.8,0
0.004632,0.8,0
0.004636,0.8,0
0.00464,0.8,0
0.004644,0.8,0
0.004648,0.8,0
0.004652,0.8,0
0.004656,0.72,0
0.00466,0.72,0
0.004664,0.8,0
0.004668,0.72,0
0.004672,0.72,0
0.004676,0.72,0
0.00468,0.8,0
0.004684,0.72,0
0.004688,0.72,0
0.004692,0.64,-0.08
0.004696,0.64,-0.08
0.0047,0.72,-0.08
0.004704,0.64,-0.08
0.004708,0.72,-0.08
0.004712,0.8,-0.08
0.004716,0.72,-0.08
0.00472,0.72,-0.08
0.004724,0.72,-0.16
0.004728,0.72,-0.24
0.004732,0.72,-0.16
0.004736,0.72,-0.08
0.00474,0.72,-0.16
0.004744,0.64,-0.24
0.004748,0.72,-0.16
0.004752,0.64,-0.24
0.004756,0.56,-0.16
0.00476,0.56,-0.16
0.004764,0.56,-0.16
0.004768,0.64,-0.16
0.004772,0.64,-0.08
0.004776,0.64,-0.08
0.00478,0.64,-0.16
0.004784,0.64,-0.16
0.004788,0.64,-0.16
0.004792,0.64,-0.24
0.004796,0.64,-0.16
0.0048,0.72,-0.16
0.004804,0.72,-0.24
0.004808,0.64,-0.24
0.004812,0.72,-0.24
0.004816,0.64,-0.24
0.00482,0.64,-0.24
0.004824,0.64,-0.24
0.004828,0.64,-0.24
0.004832,0.56,-0.32
0.004836,0.56,-0.24
0.00484,0.56,-0.24
0.004844,0.56,-0.24
0.004848,0.56,-0.24
0.004852,0.56,-0.24
0.004856,0.56,-0.32
0.00486,0.56,-0.32
0.004864,0.56,-0.24
0.004868,0.64,-0.24
0.004872,0.64,-0.24
0.004876,0.64,-0.24
0.00488,0.56,-0.24
0.004884,0.56,-0.24
0.004888,0.56,-0.24
0.004892,0.56,-0.24
0.004896,0.56,-0.24
0.0049,0.56,-0.24
0.004904,0.56,-0.32
0.004908,0.56,-0.32
0.004912,0.56,-0.32
0.004916,0.56,-0.32
0.00492,0.56,-0.32
0.004924,0.4,-0.32
0.004928,0.4,-0.32
0.004932,0.4,-0.4
0.004936,0.48,-0.32
0.00494,0.4,-0.32
0.004944,0.48,-0.4
0.004948,0.48,-0.32
0.004952,0.48,-0.32
0.004956,0.48,-0.32
0.00496,0.48,-0.32
0.004964,0.48,-0.32
0.004968,0.48,-0.32
0.004972,0.4,-0.4
0.004976,0.4,-0.32
0.00498,0.48,-0.32
0.004984,0.48,-0.32
0.004988,0.4,-0.32
0.004992,0.4,-0.32
0.004996,0.4,-0.32
0.005,0.4,-0.32
0.005004,0.4,-0.32
0.005008,0.32,-0.32
0.005012,0.32,-0.32
0.005016,0.32,-0.32
0.00502,0.32,-0.32
0.005024,0.32,-0.32
0.005028,0.32,-0.32
0.005032,0.32,-0.4
0.005036,0.32,-0.48
0.00504,0.32,-0.48
0.005044,0.24,-0.48
0.005048,0.32,-0.4
0.005052,0.32,-0.4
0.005056,0.24,-0.4
0.00506,0.24,-0.4
0.005064,0.24,-0.4
0.005068,0.24,-0.4
0.005072,0.24,-0.4
0.005076,0.32,-0.4
0.00508,0.24,-0.32
0.005084,0.24,-0.32
0.005088,0.24,-0.4
0.005092,0.32,-0.32
0.005096,0.24,-0.4
0.0051,0.24,-0.32
0.005104,0.24,-0.24
0.005108,0.16,-0.32
0.005112,0.16,-0.4
0.005116,0.08,-0.32
0.00512,0.08,-0.32
0.005124,0.16,-0.32
0.005128,0.16,-0.32
0.005132,0.16,-0.32
0.005136,0.16,-0.32
0.00514,0.16,-0.32
0.005144,0.16,-0.32
0.005148,0.08,-0.32
0.005152,0.08,-0.32
0.005156,0,-0.32
0.00516,0.08,-0.32
0.005164,0.08,-0.4
0.005168,0,-0.4
0.005172,0,-0.4
0.005176,0,-0.32
0.00518,0,-0.4
0.005184,0,-0.32
0.005188,0,-0.32
0.005192,0,-0.32
0.005196,0,-0.4
0.0052,0.08,-0.32
0.005204,0.08,-0.24
0.005208,0,-0.24
0.005212,0,-0.24
0.005216,-0.08,-0.32
0.00522,0,-0.32
0.005224,-0.08,-0.32
0.005228,-0.08,-0.24
0.005232,0,-0.24
0.005236,-0.08,-0.32
0.00524,-0.08,-0.24
0.005244,-0.08,-0.24
0.005248,-0.08,-0.32
0.005252,-0.08,-0.24
0.005256,-0.08,-0.32
0.00526,-0.08,-0.32
0.005264,-0.16,-0.24
0.005268,-0.16,-0.24
0.005272,-0.24,-0.24
0.005276,-0.16,-0.32
0.00528,-0.24,-0.24
0.005284,-0.16,-0.32
0.005288,-0.16,-0.24
0.005292,-0.16,-0.24
0.005296,-0.16,-0.24
0.0053,-0.24,-0.24
0.005304,-0.24,-0.24
0.005308,-0.16,-0.24
0.005312,-0.24,-0.24
0.005316,-0.24,-0.24
0.00532,-0.24,-0.24
0.005324,-0.24,-0.24
0.005328,-0.24,-0.24
0.005332,-0.24,-0.16
0.005336,-0.24,-0.16
0.00534,-0.24,-0.08
0.005344,-0.24,-0.08
0.005348,-0.24,-0.08
0.005352,-0.24,-0.08
0.005356,-0.24,-0.08
0.00536,-0.24,-0.08
0.005364,-0.16,-0.08
0.005368,-0.24,-0.08
0.005372,-0.24,-0.08
0.005376,-0.32,-0.08
0.00538,-0.32,-0.08
0.005384,-0.32,-0.08
0.005388,-0.32,-0.08
0.005392,-0.32,-0.08
0.005396,-0.32,-0.08
0.0054,-0.32,-0.08
0.005404,-0.32,0
0.005408,-0.4,0
0.005412,-0.4,0
0.005416,-0.4,-0.08
0.00542,-0.4,0
0.005424,-0.32,0
0.005428,-0.32,0
0.005432,-0.4,-0.08
0.005436,-0.4,0
0.00544,-0.4,0.08
0.005444,-0.48,0
0.005448,-0.48,0.08
0.005452,-0.48,0.08
0.005456,-0.4,0.08
0.00546,-0.4,0.08
0.005464,-0.4,0.08
0.005468,-0.4,0.16
0.005472,-0.4,0.16
0.005476,-0.4,0.08
0.00548,-0.56,0
0.005484,-0.48,0.08
0.005488,-0.48,0.16
0.005492,-0.48,0.16
0.005496,-0.4,0.08
0.0055,-0.48,0.16
0.005504,-0.48,0.16
0.005508,-0.48,0.16
0.005512,-0.48,0.16
0.005516,-0.56,0.16
0.00552,-0.56,0.16
0.005524,-0.56,0.16
0.005528,-0.56,0.24
0.005532,-0.48,0.16
0.005536,-0.56,0.24
0.00554,-0.56,0.24
0.005544,-0.56,0.24
0.005548,-0.56,0.24
0.005552,-0.48,0.24
0.005556,-0.56,0.32
0.00556,-0.48,0.32
0.005564,-0.48,0.32
0.005568,-0.48,0.4
0.005572,-0.56,0.32
0.005576,-0.56,0.32
0.00558,-0.56,0.32
0.005584,-0.56,0.4
0.005588,-0.56,0.4
0.005592,-0.64,0.4
0.005596,-0.64,0.4
0.0056,-0.56,0.4
0.005604,-0.56,0.4
0.005608,-0.56,0.4
0.005612,-0.48,0.4
0.005616,-0.56,0.4
0.00562,-0.56,0.4
0.005624,-0.56,0.48
0.005628,-0.56,0.4
0.005632,-0.56,0.4
0.005636,-0.56,0.48
0.00564,-0.56,0.56
0.005644,-0.56,0.48
0.005648,-0.56,0.56
0.005652,-0.56,0.56
0.005656,-0.56,0.48
0.00566,-0.56,0.56
0.005664,-0.56,0.56
0.005668,-0.64,0.56
0.005672,-0.64,0.56
0.005676,-0.64,0.64
0.00568,-0.64,0.64
0.005684,-0.64,0.56
0.005688,-0.64,0.64
0.005692,-0.56,0.64
0.005696,-0.64,0.64
0.0057,-0.56,0.64
0.005704,-0.64,0.64
0.005708,-0.56,0.64
0.005712,-0.56,0.64
0.005716,-0.64,0.72
0.00572,-0.64,0.8
0.005724,-0.56,0.72
0.005728,-0.56,0.72
0.005732,-0.56,0.72
0.005736,-0.56,0.8
0.00574,-0.56,0.8
0.005744,-0.56,0.8
0.005748,-0.56,0.8
0.005752,-0.56,0.8
0.005756,-0.48,0.88
0.00576,-0.48,0.88
0.005764,-0.56,0.88
0.005768,-0.56,0.88
0.005772,-0.56,0.88
0.005776,-0.56,0.96
0.00578,-0.56,0.96
0.005784,-0.56,0.96
0.005788,-0.56,0.96
0.005792,-0.56,0.96
0.005796,-0.56,0.96
0.0058,-0.56,0.96
0.005804,-0.48,0.96
0.005808,-0.48,1.04
0.005812,-0.56,1.04
0.005816,-0.56,0.96
0.00582,-0.48,0.96
0.005824,-0.48,0.96
0.005828,-0.56,0.96
0.005832,-0.56,0.96
0.005836,-0.56,1.04
0.00584,-0.48,1.12
0.005844,-0.48,1.04
0.005848,-0.4,1.04
0.005852,-0.4,1.04
0.005856,-0.4,1.04
0.00586,-0.48,1.04
0.005864,-0.4,1.12
0.005868,-0.48,1.12
0.005872,-0.48,1.12
0.005876,-0.48,1.12
0.00588,-0.48,1.12
0.005884,-0.48,1.12
0.005888,-0.48,1.12
0.005892,-0.48,1.12
0.005896,-0.4,1.12
0.0059,-0.48,1.12
0.005904,-0.4,1.2
0.005908,-0.4,1.28
0.005912,-0.4,1.28
0.005916,-0.4,1.28
0.00592,-0.4,1.28
0.005924,-0.4,1.28
0.005928,-0.4,1.28
0.005932,-0.32,1.36
0.005936,-0.4,1.28
0.00594,-0.4,1.28
0.005944,-0.4,1.28
0.005948,-0.4,1.28
0.005952,-0.32,1.28
0.005956,-0.4,1.36
0.00596,-0.32,1.28
0.005964,-0.4,1.36
0.005968,-0.4,1.36
0.005972,-0.32,1.44
0.005976,-0.32,1.44
0.00598,-0.24,1.44
0.005984,-0.24,1.44
0.005988,-0.24,1.44
0.005992,-0.24,1.44
0.005996,-0.24,1.44
0.006,-0.32,1.52
0.006004,-0.32,1.52
0.006008,-0.32,1.52
0.006012,-0.32,1.52
0.006016,-0.24,1.52
0.00602,-0.24,1.52
0.006024,-0.24,1.52
0.006028,-0.24,1.52
0.006032,-0.24,1.52
0.006036,-0.16,1.52
0.00604,-0.24,1.52
0.006044,-0.16,1.6
0.006048,-0.16,1.6
0.006052,-0.16,1.6
0.006056,-0.16,1.68
0.00606,-0.16,1.68
0.006064,-0.08,1.76
0.006068,-0.08,1.68
0.006072,-0.08,1.68
0.006076,-0.08,1.76
0.00608,-0.08,1.68
0.006084,0,1.68
0.006088,-0.08,1.68
0.006092,-0.08,1.68
0.006096,-0.08,1.76
0.0061,0,1.76
0.006104,0.08,1.76
0.006108,0.08,1.76
0.006112,0.08,1.76
0.006116,0.08,1.76
0.00612,0,1.84
0.006124,0.08,1.84
0.006128,0.08,1.76
0.006132,0.08,1.76
0.006136,0.08,1.84
0.00614,0.16,1.84
0.006144,0.16,1.84
0.006148,0.16,1.84
0.006152,0.16,1.84
0.006156,0.16,1.84
0.00616,0.16,1.92
0.006164,0.16,1.92
0.006168,0.16,1.92
0.006172,0.16,1.84
0.006176,0.16,1.92
0.00618,0.16,1.84
0.006184,0.16,1.84
0.006188,0.24,1.84
0.006192,0.24,1.84
0.006196,0.32,1.92
0.0062,0.24,1.92
0.006204,0.24,1.92
0.006208,0.24,1.92
0.006212,0.24,2
0.006216,0.24,2
0.00622,0.32,1.92
0.006224,0.32,1.92
0.006228,0.4,1.92
0.006232,0.4,2
0.006236,0.4,2.08
0.00624,0.4,2.08
0.006244,0.48,2.08
0.006248,0.48,2.08
0.006252,0.48,2.08
0.006256,0.56,2.08
0.00626,0.56,2.08
0.006264,0.56,2.08
0.006268,0.56,2.08
0.006272,0.56,2.08
0.006276,0.56,2.08
0.00628,0.56,2.08
0.006284,0.56,2.08
0.006288,0.56,2.08
0.006292,0.64,2.08
0.006296,0.64,2.08
0.0063,0.64,2.08
0.006304,0.56,2.08
0.006308,0.64,2.08
0.006312,0.64,2.08
0.006316,0.64,2.08
0.00632,0.64,2.16
0.006324,0.72,2.16
0.006328,0.8,2.16
0.006332,0.8,2.16
0.006336,0.8,2.16
0.00634,0.8,2.16
0.006344,0.8,2.08
0.006348,0.8,2.08
0.006352,0.8,2.16
0.006356,0.8,2.16
0.00636,0.8,2.16
0.006364,0.88,2.16
0.006368,0.88,2.16
0.006372,0.88,2.16
0.006376,0.88,2.16
0.00638,0.88,2.16
0.006384,0.88,2.16
0.006388,0.96,2.16
0.006392,1.04,2.16
0.006396,1.04,2.16
0.0064,1.04,2.24
0.006404,1.04,2.24
0.006408,1.12,2.24
0.006412,1.04,2.16
0.006416,1.12,2.16
0.00642,1.12,2.16
0.006424,1.12,2.16
0.006428,1.12,2.16
0.006432,1.12,2.24
0.006436,1.12,2.16
0.00644,1.12,2.16
0.006444,1.2,2.24
0.006448,1.2,2.16
0.006452,1.2,2.16
0.006456,1.2,2.16
0.00646,1.2,2.24
0.006464,1.2,2.16
0.006468,1.28,2.16
0.006472,1.28,2.16
0.006476,1.28,2.16
0.00648,1.36,2.16
0.006484,1.36,2.24
0.006488,1.36,2.24
0.006492,1.36,2.24
0.006496,1.36,2.32
0.0065,1.36,2.24
0.006504,1.36,2.32
0.006508,1.36,2.24
0.006512,1.44,2.24
0.006516,1.44,2.24
0.00652,1.52,2.32
0.006524,1.52,2.32
0.006528,1.52,2.24
0.006532,1.52,2.24
0.006536,1.6,2.32
0.00654,1.52,2.24
0.006544,1.6,2.24
0.006548,1.6,2.24
0.006552,1.6,2.16
0.006556,1.6,2.24
0.00656,1.68,2.24
0.006564,1.68,2.24
0.006568,1.68,2.24
0.006572,1.68,2.16
0.006576,1.68,2.24
0.00658,1.68,2.16
0.006584,1.76,2.16
0.006588,1.76,2.08
0.006592,1.84,2.16
0.006596,1.84,2.16
0.0066,1.84,2.16
0.006604,1.92,2.24
0.006608,1.84,2.24
0.006612,1.84,2.16
0.006616,1.92,2.16
0.00662,2,2.16
0.006624,2,2.08
0.006628,1.92,2.16
0.006632,1.92,2.16
0.006636,1.92,2.08
0.00664,2,2.16
0.006644,2,2.16
0.006648,2,2.24
0.006652,2,2.16
0.006656,2.08,2.16
0.00666,2,2.08
0.006664,2,2.08
0.006668,2,2.08
0.006672,2,2
0.006676,2.08,2
0.00668,2.08,2.08
0.006684,2.08,2.08
0.006688,2.08,2.16
0.006692,2.16,2.08
0.006696,2.24,2.08
0.0067,2.16,2
0.006704,2.16,2
0.006708,2.16,1.92
0.006712,2.24,2
0.006716,2.24,2
0.00672,2.24,2
0.006724,2.24,2
0.006728,2.32,2
0.006732,2.32,1.92
0.006736,2.4,1.92
0.00674,2.4,1.92
0.006744,2.48,1.92
0.006748,2.4,2
0.006752,2.4,2
0.006756,2.4,1.92
0.00676,2.4,1.92
0.006764,2.4,1.92
0.006768,2.4,1.92
0.006772,2.48,1.92
0.006776,2.4,1.92
0.00678,2.48,1.92
0.006784,2.56,1.84
0.006788,2.56,1.84
0.006792,2.56,1.84
0.006796,2.56,1.84
0.0068,2.48,1.76
0.006804,2.56,1.76
0.006808,2.56,1.76
0.006812,2.56,1.76
0.006816,2.48,1.84
0.00682,2.56,1.76
0.006824,2.64,1.76
0.006828,2.64,1.76
0.006832,2.64,1.76
0.006836,2.64,1.68
0.00684,2.72,1.68
0.006844,2.72,1.68
0.006848,2.64,1.68
0.006852,2.72,1.68
0.006856,2.72,1.68
0.00686,2.72,1.68
0.006864,2.8,1.68
0.006868,2.8,1.68
0.006872,2.8,1.68
0.006876,2.88,1.68
0.00688,2.88,1.68
0.006884,2.88,1.6
0.006888,2.88,1.6
0.006892,2.8,1.6
0.006896,2.8,1.6
0.0069,2.8,1.52
0.006904,2.8,1.6
0.006908,2.88,1.52
0.006912,2.88,1.6
0.006916,2.8,1.6
0.00692,2.88,1.52
0.006924,2.88,1.52
0.006928,2.88,1.52
0.006932,2.96,1.52
0.006936,2.96,1.44
0.00694,2.96,1.44
0.006944,2.88,1.44
0.006948,2.96,1.44
0.006952,2.96,1.36
0.006956,2.96,1.28
0.00696,2.96,1.28
0.006964,3.04,1.28
0.006968,3.04,1.28
0.006972,3.04,1.28
0.006976,3.04,1.28
0.00698,3.04,1.36
0.006984,3.04,1.36
0.006988,2.96,1.36
0.006992,3.04,1.28
0.006996,3.04,1.2
0.007,3.12,1.2
0.007004,3.12,1.2
0.007008,3.12,1.12
0.007012,3.12,1.12
0.007016,3.12,1.12
0.00702,3.12,1.04
0.007024,3.12,1.04
0.007028,3.12,1.12
0.007032,3.12,1.12
0.007036,3.2,1.04
0.00704,3.2,1.04
0.007044,3.2,1.04
0.007048,3.2,1.04
0.007052,3.2,1.04
0.007056,3.2,1.04
0.00706,3.12,0.96
0.007064,3.12,1.04
0.007068,3.12,1.04
0.007072,3.12,1.04
0.007076,3.2,0.96
0.00708,3.2,0.96
0.007084,3.2,0.96
0.007088,3.2,0.88
0.007092,3.2,0.88
0.007096,3.2,0.88
0.0071,3.28,0.8
0.007104,3.2,0.8
0.007108,3.2,0.8
0.007112,3.2,0.88
0.007116,3.2,0.88
0.00712,3.2,0.88
0.007124,3.28,0.8
0.007128,3.2,0.8
0.007132,3.28,0.72
0.007136,3.28,0.8
0.00714,3.28,0.72
0.007144,3.28,0.72
0.007148,3.28,0.64
0.007152,3.28,0.72
0.007156,3.28,0.64
0.00716,3.28,0.64
0.007164,3.36,0.64
0.007168,3.36,0.56
0.007172,3.36,0.56
0.007176,3.36,0.56
0.00718,3.36,0.48
0.007184,3.28,0.48
0.007188,3.2,0.48
0.007192,3.2,0.48
0.007196,3.28,0.4
0.0072,3.28,0.4
0.007204,3.36,0.4
0.007208,3.36,0.4
0.007212,3.36,0.4
0.007216,3.36,0.4
0.00722,3.28,0.4
0.007224,3.36,0.24
0.007228,3.2,0.32
0.007232,3.28,0.24
0.007236,3.36,0.32
0.00724,3.36,0.24
0.007244,3.36,0.24
0.007248,3.28,0.16
0.007252,3.28,0.16
0.007256,3.36,0.16
0.00726,3.36,0.16
0.007264,3.28,0.16
0.007268,3.28,0.16
0.007272,3.2,0.16
0.007276,3.2,0.08
0.00728,3.2,0.16
0.007284,3.2,0.08
0.007288,3.28,0.08
0.007292,3.2,0.08
0.007296,3.28,0.08
0.0073,3.36,0.08
0.007304,3.28,0.08
0.007308,3.28,0
0.007312,3.28,0.08
0.007316,3.36,0
0.00732,3.36,0
0.007324,3.36,0
0.007328,3.36,-0.08
0.007332,3.2,-0.16
0.007336,3.36,-0.16
0.00734,3.36,-0.16
0.007344,3.28,-0.16
0.007348,3.2,-0.24
0.007352,3.2,-0.16
0.007356,3.2,-0.16
0.00736,3.2,-0.24
0.007364,3.2,-0.24
0.007368,3.2,-0.32
0.007372,3.2,-0.24
0.007376,3.12,-0.24
0.00738,3.2,-0.24
0.007384,3.12,-0.24
0.007388,3.2,-0.32
0.007392,3.2,-0.4
0.007396,3.2,-0.48
0.0074,3.2,-0.4
0.007404,3.2,-0.4
0.007408,3.2,-0.4
0.007412,3.2,-0.4
0.007416,3.12,-0.48
0.00742,3.12,-0.48
0.007424,3.2,-0.56
0.007428,3.12,-0.48
0.007432,3.12,-0.56
0.007436,3.12,-0.56
0.00744,3.12,-0.64
0.007444,3.12,-0.56
0.007448,3.12,-0.64
0.007452,3.12,-0.64
0.007456,3.12,-0.64
0.00746,3.12,-0.64
0.007464,3.12,-0.72
0.007468,3.12,-0.72
0.007472,3.04,-0.72
0.007476,3.12,-0.72
0.00748,3.12,-0.72
0.007484,3.12,-0.72
0.007488,3.12,-0.72
0.007492,3.04,-0.72
0.007496,3.04,-0.72
0.0075,2.96,-0.72
0.007504,2.96,-0.8
0.007508,2.88,-0.72
0.007512,2.96,-0.8
0.007516,2.96,-0.8
0.00752,2.96,-0.8
0.007524,2.96,-0.8
0.007528,2.96,-0.88
0.007532,2.88,-0.88
0.007536,2.96,-0.88
0.00754,2.96,-0.88
0.007544,2.96,-0.88
0.007548,2.88,-0.88
0.007552,2.8,-0.96
0.007556,2.8,-1.04
0.00756,2.88,-0.96
0.007564,2.96,-0.96
0.007568,2.88,-0.96
0.007572,2.88,-1.04
0.007576,2.8,-1.04
0.00758,2.72,-1.04
0.007584,2.72,-1.04
0.007588,2.72,-1.04
0.007592,2.72,-1.04
0.007596,2.72,-1.04
0.0076,2.72,-1.12
0.007604,2.72,-1.2
0.007608,2.72,-1.2
0.007612,2.64,-1.2
0.007616,2.64,-1.12
0.00762,2.64,-1.2
0.007624,2.64,-1.2
0.007628,2.64,-1.12
0.007632,2.64,-1.2
0.007636,2.64,-1.12
0.00764,2.64,-1.2
0.007644,2.64,-1.2
0.007648,2.56,-1.12
0.007652,2.56,-1.2
0.007656,2.48,-1.28
0.00766,2.56,-1.28
0.007664,2.56,-1.28
0.007668,2.48,-1.28
0.007672,2.56,-1.28
0.007676,2.48,-1.28
0.00768,2.48,-1.28
0.007684,2.4,-1.28
0.007688,2.4,-1.36
0.007692,2.4,-1.36
0.007696,2.4,-1.36
0.0077,2.4,-1.36
0.007704,2.32,-1.36
0.007708,2.4,-1.36
0.007712,2.4,-1.36
0.007716,2.32,-1.36
0.00772,2.32,-1.36
0.007724,2.24,-1.36
0.007728,2.24,-1.36
0.007732,2.24,-1.36
0.007736,2.24,-1.36
0.00774,2.24,-1.44
0.007744,2.24,-1.44
0.007748,2.24,-1.44
0.007752,2.16,-1.36
0.007756,2.24,-1.44
0.00776,2.16,-1.44
0.007764,2.16,-1.44
0.007768,2.16,-1.44
0.007772,2.16,-1.52
0.007776,2.16,-1.52
0.00778,2.16,-1.52
0.007784,2.08,-1.52
0.007788,2,-1.6
0.007792,2,-1.52
0.007796,1.92,-1.44
0.0078,1.92,-1.44
0.007804,1.92,-1.52
0.007808,1.84,-1.52
0.007812,1.84,-1.52
0.007816,1.92,-1.52
0.00782,1.92,-1.52
0.007824,1.84,-1.52
0.007828,1.84,-1.52
0.007832,1.84,-1.52
0.007836,1.84,-1.52
0.00784,1.84,-1.52
0.007844,1.84,-1.52
0.007848,1.84,-1.6
0.007852,1.84,-1.6
0.007856,1.76,-1.6
0.00786,1.76,-1.6
0.007864,1.76,-1.6
0.007868,1.76,-1.6
0.007872,1.76,-1.68
0.007876,1.68,-1.6
0.00788,1.68,-1.6
0.007884,1.6,-1.6
0.007888,1.76,-1.6
0.007892,1.68,-1.6
0.007896,1.68,-1.6
0.0079,1.6,-1.6
0.007904,1.6,-1.6
0.007908,1.6,-1.6
0.007912,1.6,-1.6
0.007916,1.6,-1.6
0.00792,1.6,-1.6
0.007924,1.52,-1.52
0.007928,1.52,-1.6
0.007932,1.52,-1.6
0.007936,1.52,-1.6
0.00794,1.52,-1.6
0.007944,1.52,-1.68
0.007948,1.44,-1.6
0.007952,1.44,-1.6
0.007956,1.36,-1.68
0.00796,1.36,-1.68
0.007964,1.36,-1.6
0.007968,1.36,-1.68
0.007972,1.36,-1.6
0.007976,1.36,-1.68
0.00798,1.36,-1.68
0.007984,1.36,-1.68
0.007988,1.36,-1.68
0.007992,1.36,-1.68
0.007996,1.36,-1.68
0.008,1.28,-1.68
0.008004,1.28,-1.6
0.008008,1.2,-1.68
0.008012,1.28,-1.68
0.008016,1.28,-1.68
0.00802,1.2,-1.68
0.008024,1.2,-1.52
0.008028,1.2,-1.52
0.008032,1.2,-1.6
0.008036,1.2,-1.6
0.00804,1.2,-1.6
0.008044,1.12,-1.68
0.008048,1.12,-1.68
0.008052,1.12,-1.68
0.008056,1.12,-1.68
0.00806,1.12,-1.68
0.008064,1.04,-1.68
0.008068,1.04,-1.68
0.008072,1.12,-1.68
0.008076,1.04,-1.68
0.00808,1.04,-1.6
0.008084,1.04,-1.52
0.008088,0.96,-1.6
0.008092,0.96,-1.6
0.008096,0.96,-1.6
0.0081,0.96,-1.6
0.008104,0.96,-1.6
0.008108,0.96,-1.6
0.008112,0.96,-1.52
0.008116,0.96,-1.52
0.00812,0.96,-1.52
0.008124,0.88,-1.52
0.008128,0.88,-1.6
0.008132,0.8,-1.52
0.008136,0.8,-1.52
0.00814,0.8,-1.52
0.008144,0.8,-1.52
0.008148,0.8,-1.6
0.008152,0.8,-1.52
0.008156,0.8,-1.52
0.00816,0.8,-1.6
0.008164,0.88,-1.6
0.008168,0.8,-1.52
0.008172,0.72,-1.52
0.008176,0.72,-1.44
0.00818,0.64,-1.52
0.008184,0.64,-1.52
0.008188,0.64,-1.52
0.008192,0.56,-1.52
0.008196,0.56,-1.52
0.0082,0.64,-1.52
0.008204,0.56,-1.52
0.008208,0.56,-1.52
0.008212,0.56,-1.44
0.008216,0.56,-1.44
0.00822,0.56,-1.44
0.008224,0.56,-1.52
0.008228,0.64,-1.52
0.008232,0.56,-1.44
0.008236,0.56,-1.44
0.00824,0.56,-1.44
0.008244,0.56,-1.44
0.008248,0.48,-1.44
0.008252,0.48,-1.44
0.008256,0.48,-1.44
0.00826,0.48,-1.44
0.008264,0.4,-1.36
0.008268,0.4,-1.36
0.008272,0.4,-1.36
0.008276,0.32,-1.44
0.00828,0.32,-1.44
0.008284,0.32,-1.44
0.008288,0.4,-1.52
0.008292,0.4,-1.44
0.008296,0.4,-1.44
0.0083,0.4,-1.44
0.008304,0.32,-1.36
0.008308,0.4,-1.36
0.008312,0.32,-1.28
0.008316,0.4,-1.28
0.00832,0.32,-1.28
0.008324,0.32,-1.28
0.008328,0.32,-1.28
0.008332,0.32,-1.36
0.008336,0.32,-1.36
0.00834,0.32,-1.36
0.008344,0.32,-1.36
0.008348,0.32,-1.28
0.008352,0.24,-1.28
0.008356,0.16,-1.28
0.00836,0.16,-1.28
0.008364,0.16,-1.2
0.008368,0.16,-1.36
0.008372,0.16,-1.28
0.008376,0.16,-1.28
0.00838,0.16,-1.36
0.008384,0.16,-1.28
0.008388,0.24,-1.28
0.008392,0.24,-1.28
0.008396,0.24,-1.28
0.0084,0.16,-1.28
0.008404,0.16,-1.28
0.008408,0.16,-1.2
0.008412,0.16,-1.12
0.008416,0.08,-1.2
0.00842,0.08,-1.2
0.008424,0.08,-1.12
0.008428,0.08,-1.12
0.008432,0.16,-1.04
0.008436,0.16,-1.12
0.00844,0.16,-1.12
0.008444,0.16,-1.12
0.008448,0.08,-1.12
0.008452,0.16,-1.12
0.008456,0.08,-1.12
0.00846,0,-1.12
0.008464,0,-1.12
0.008468,0,-1.04
0.008472,0,-1.04
0.008476,0.08,-1.04
0.00848,0.08,-1.04
0.008484,0.08,-1.04
0.008488,0.08,-1.04
0.008492,0.08,-1.04
0.008496,0,-1.12
0.0085,0,-1.12
0.008504,0,-1.12
0.008508,-0.08,-1.12
0.008512,-0.08,-1.12
0.008516,-0.08,-1.12
0.00852,-0.08,-1.04
0.008524,-0.08,-1.04
0.008528,-0.08,-1.04
0.008532,-0.08,-1.04
0.008536,-0.16,-1.04
0.00854,-0.08,-0.96
0.008544,-0.08,-0.96
0.008548,-0.08,-0.96
0.008552,-0.16,-0.96
0.008556,-0.24,-0.96
0.00856,-0.24,-0.96
0.008564,-0.16,-0.96
0.008568,-0.16,-0.96
0.008572,-0.16,-0.96
0.008576,-0.08,-0.88
0.00858,-0.08,-0.88
0.008584,-0.08,-0.88
0.008588,-0.16,-0.88
0.008592,-0.08,-0.88
0.008596,-0.08,-0.88
0.0086,-0.08,-0.88
0.008604,-0.16,-0.88
0.008608,-0.16,-0.88
0.008612,-0.16,-0.88
0.008616,-0.16,-0.88
0.00862,-0.16,-0.88
0.008624,-0.16,-0.8
0.008628,-0.08,-0.88
0.008632,-0.16,-0.8
0.008636,-0.16,-0.8
0.00864,-0.16,-0.88
0.008644,-0.16,-0.88
0.008648,-0.16,-0.88
0.008652,-0.16,-0.8
0.008656,-0.16,-0.8
0.00866,-0.16,-0.8
0.008664,-0.16,-0.8
0.008668,-0.08,-0.8
0.008672,-0.16,-0.8
0.008676,-0.08,-0.8
0.00868,-0.08,-0.72
0.008684,-0.16,-0.72
0.008688,-0.16,-0.72
0.008692,-0.16,-0.8
0.008696,-0.16,-0.8
0.0087,-0.16,-0.8
0.008704,-0.16,-0.72
0.008708,-0.16,-0.72
0.008712,-0.16,-0.72
0.008716,-0.24,-0.64
0.00872,-0.24,-0.72
0.008724,-0.24,-0.72
0.008728,-0.32,-0.64
0.008732,-0.24,-0.64
0.008736,-0.24,-0.64
0.00874,-0.24,-0.64
0.008744,-0.24,-0.64
0.008748,-0.32,-0.64
0.008752,-0.32,-0.64
0.008756,-0.32,-0.64
0.00876,-0.32,-0.72
0.008764,-0.32,-0.64
0.008768,-0.24,-0.72
0.008772,-0.24,-0.64
0.008776,-0.24,-0.64
0.00878,-0.16,-0.72
0.008784,-0.24,-0.72
0.008788,-0.24,-0.64
0.008792,-0.24,-0.56
0.008796,-0.32,-0.56
0.0088,-0.32,-0.56
0.008804,-0.32,-0.56
0.008808,-0.32,-0.56
0.008812,-0.24,-0.56
0.008816,-0.24,-0.48
0.00882,-0.24,-0.56
0.008824,-0.32,-0.48
0.008828,-0.24,-0.48
0.008832,-0.24,-0.56
0.008836,-0.16,-0.56
0.00884,-0.24,-0.48
0.008844,-0.24,-0.56
0.008848,-0.24,-0.48
0.008852,-0.32,-0.48
0.008856,-0.32,-0.48
0.00886,-0.32,-0.48
0.008864,-0.24,-0.48
0.008868,-0.24,-0.48
0.008872,-0.24,-0.48
0.008876,-0.24,-0.56
0.00888,-0.24,-0.48
0.008884,-0.16,-0.56
0.008888,-0.16,-0.48
0.008892,-0.24,-0.48
0.008896,-0.24,-0.48
0.0089,-0.16,-0.4
0.008904,-0.24,-0.4
0.008908,-0.24,-0.4
0.008912,-0.24,-0.48
0.008916,-0.24,-0.48
0.00892,-0.16,-0.48
0.008924,-0.16,-0.48
0.008928,-0.08,-0.48
0.008932,-0.16,-0.4
0.008936,-0.16,-0.48
0.00894,-0.24,-0.4
0.008944,-0.32,-0.48
0.008948,-0.32,-0.48
0.008952,-0.24,-0.48
0.008956,-0.16,-0.4
0.00896,-0.24,-0.4
0.008964,-0.16,-0.4
0.008968,-0.16,-0.4
0.008972,-0.16,-0.4
0.008976,-0.16,-0.4
0.00898,-0.16,-0.4
0.008984,-0.16,-0.4
0.008988,-0.16,-0.4
0.008992,-0.24,-0.4
0.008996,-0.16,-0.4
0.009,-0.24,-0.4
0.009004,-0.16,-0.4
0.009008,-0.16,-0.4
0.009012,-0.24,-0.4
0.009016,-0.24,-0.4
0.00902,-0.24,-0.48
0.009024,-0.16,-0.4
0.009028,-0.16,-0.4
0.009032,-0.08,-0.4
0.009036,-0.16,-0.4
0.00904,-0.16,-0.32
0.009044,-0.08,-0.32
0.009048,-0.08,-0.32
0.009052,-0.16,-0.32
0.009056,-0.08,-0.32
0.00906,-0.16,-0.32
0.009064,-0.16,-0.32
0.009068,-0.08,-0.32
0.009072,-0.16,-0.32
0.009076,-0.16,-0.32
0.00908,-0.16,-0.32
0.009084,-0.16,-0.24
0.009088,-0.16,-0.32
0.009092,-0.16,-0.32
0.009096,-0.16,-0.32
0.0091,-0.16,-0.24
0.009104,-0.16,-0.32
0.009108,-0.24,-0.24
0.009112,-0.16,-0.24
0.009116,-0.16,-0.24
0.00912,-0.16,-0.24
0.009124,-0.16,-0.24
0.009128,-0.16,-0.24
0.009132,-0.16,-0.16
0.009136,-0.08,-0.16
0.00914,-0.16,-0.16
0.009144,-0.16,-0.16
0.009148,-0.16,-0.24
0.009152,-0.16,-0.24
0.009156,-0.16,-0.24
0.00916,-0.16,-0.24
0.009164,-0.16,-0.24
0.009168,-0.16,-0.16
0.009172,-0.16,-0.24
0.009176,-0.16,-0.24
0.00918,-0.16,-0.32
0.009184,-0.16,-0.32
0.009188,-0.16,-0.32
0.009192,-0.16,-0.32
0.009196,-0.16,-0.24
0.0092,-0.16,-0.24
0.009204,-0.16,-0.24
0.009208,-0.16,-0.24
0.009212,-0.16,-0.24
0.009216,-0.08,-0.08
0.00922,-0.08,-0.16
0.009224,-0.08,-0.16
0.009228,-0.08,-0.24
0.009232,-0.08,-0.16
0.009236,-0.08,-0.24
0.00924,-0.16,-0.24
0.009244,-0.16,-0.24
0.009248,-0.16,-0.24
0.009252,-0.16,-0.24
0.009256,-0.16,-0.24
0.00926,-0.24,-0.24
0.009264,-0.16,-0.24
0.009268,-0.16,-0.32
0.009272,-0.16,-0.32
0.009276,-0.16,-0.32
0.00928,-0.08,-0.32
0.009284,-0.08,-0.24
0.009288,-0.08,-0.24
0.009292,0,-0.24
0.009296,-0.08,-0.24
0.0093,-0.08,-0.24
0.009304,-0.08,-0.16
0.009308,-0.08,-0.24
0.009312,-0.08,-0.24
0.009316,-0.08,-0.24
