-0.0048,0,0
-0.00479,0,0.08
-0.00478,0,0
-0.00477,-0.08,0.08
-0.00476,0,0
-0.00475,0,0
-0.00474,0.08,0
-0.00473,0.08,0
-0.00472,0,0
-0.00471,0,0
-0.0047,0,0
-0.00469,0,0
-0.00468,-0.08,0
-0.00467,0,0
-0.00466,0,0.08
-0.00465,0,-0.08
-0.00464,0.08,0
-0.00463,0,0
-0.00462,-0.08,0
-0.00461,-0.08,0
-0.0046,0,0
-0.00459,0,-0.08
-0.00458,-0.08,0
-0.00457,0,0
-0.00456,0,0
-0.00455,0,0
-0.00454,0,0
-0.00453,0,0
-0.00452,0,0
-0.00451,0,0
-0.0045,-0.08,0
-0.00449,-0.08,0
-0.00448,-0.08,0
-0.00447,-0.08,0
-0.00446,-0.08,0
-0.00445,-0.08,0
-0.00444,0,0.08
-0.00443,0,0.08
-0.00442,0,0.08
-0.00441,0,0
-0.0044,0,0
-0.00439,0,0
-0.00438,0,0
-0.00437,0,0
-0.00436,0,0
-0.00435,0,-0.08
-0.00434,0.08,0
-0.00433,0,0
-0.00432,-0.08,0
-0.00431,-0.16,0.08
-0.0043,0,0
-0.00429,-0.08,0
-0.00428,0,0
-0.00427,0.08,0
-0.00426,0.08,-0.08
-0.00425,0,0
-0.00424,-0.08,0
-0.00423,0,-0.08
-0.00422,0.08,0.08
-0.00421,-0.08,0.08
-0.0042,-0.08,0
-0.00419,0,0
-0.00418,0,0
-0.00417,0,0
-0.00416,-0.08,0
-0.00415,0,0
-0.00414,-0.08,0
-0.00413,-0.08,0
-0.00412,0,0
-0.00411,0,-0.08
-0.0041,-0.08,0
-0.00409,0.08,0
-0.00408,0,0.08
-0.00407,0,0.08
-0.00406,0,0
-0.00405,0,0
-0.00404,0.08,0
-0.00403,0.08,0.08
-0.00402,0,0.08
-0.00401,0,0
-0.004,0,0
-0.00399,0,0
-0.00398,0,0
-0.00397,0,0
-0.00396,0,0
-0.00395,0,0
-0.00394,0,0
-0.00393,0,-0.08
-0.00392,0.08,0
-0.00391,0.08,0
-0.0039,0.08,-0.08
-0.00389,0,0
-0.00388,0,0
-0.00387,0,0
-0.00386,0,0
-0.00385,0.08,0.08
-0.00384,0.16,0
-0.00383,0.08,0.08
-0.00382,0.08,0.08
-0.00381,0,0.08
-0.0038,0.08,0
-0.00379,0.08,0
-0.00378,0.08,0
-0.00377,0,0
-0.00376,0,-0.08
-0.00375,0,0
-0.00374,-0.08,0
-0.00373,-0.08,0
-0.00372,-0.08,0
-0.00371,0,0
-0.0037,0,0
-0.00369,0,0.08
-0.00368,0,0
-0.00367,0,0
-0.00366,0,0
-0.00365,0,0
-0.00364,0,0
-0.00363,0,0.08
-0.00362,0,0
-0.00361,0,-0.08
-0.0036,0,-0.08
-0.00359,-0.08,0
-0.00358,0,0
-0.00357,0,0
-0.00356,0,0
-0.00355,0,0
-0.00354,0.08,-0.08
-0.00353,0,0
-0.00352,0,-0.08
-0.00351,0,0
-0.0035,0,0.08
-0.00349,0,0
-0.00348,-0.08,0
-0.00347,0,0
-0.00346,0,0
-0.00345,-0.08,0
-0.00344,0,0.08
-0.00343,-0.08,0.08
-0.00342,-0.08,0.08
-0.00341,0,0
-0.0034,-0.08,0
-0.00339,0,0
-0.00338,0,0
-0.00337,0,0
-0.00336,0.08,0
-0.00335,0,0
-0.00334,0,0
-0.00333,0,0
-0.00332,-0.08,0
-0.00331,0,-0.08
-0.0033,0,0
-0.00329,0,0
-0.00328,0,0
-0.00327,0,0
-0.00326,0,0
-0.00325,0,-0.08
-0.00324,0,0
-0.00323,0,0
-0.00322,0,0
-0.00321,0,-0.08
-0.0032,0,0
-0.00319,0.08,0
-0.00318,0,0
-0.00317,0,0
-0.00316,0,0
-0.00315,0,0
-0.00314,0,0
-0.00313,0,0
-0.00312,-0.08,0.08
-0.00311,-0.08,0.08
-0.0031,0,-0.08
-0.00309,-0.08,0
-0.00308,0,0
-0.00307,0,0
-0.00306,0,0
-0.00305,0,0
-0.00304,-0.08,0
-0.00303,0,0
-0.00302,0.08,0
-0.00301,0,0.08
-0.003,0,0
-0.00299,0,0
-0.00298,0.08,0
-0.00297,0,0
-0.00296,0.08,0
-0.00295,0.08,0
-0.00294,0,0
-0.00293,0,0
-0.00292,0,0
-0.00291,-0.08,0
-0.0029,-0.08,0
-0.00289,-0.08,0
-0.00288,0,0
-0.00287,0,0
-0.00286,-0.08,0
-0.00285,0,0
-0.00284,0.08,0
-0.00283,0.08,0
-0.00282,0,-0.08
-0.00281,0,0
-0.0028,0,-0.08
-0.00279,0,0
-0.00278,0,0
-0.00277,0,0
-0.00276,-0.08,0
-0.00275,-0.08,0.08
-0.00274,-0.08,0
-0.00273,0,0
-0.00272,0,0
-0.00271,0,0
-0.0027,-0.08,0
-0.00269,-0.08,0
-0.00268,0.08,0
-0.00267,0,0.08
-0.00266,0.08,0
-0.00265,0.08,0
-0.00264,0.08,0.08
-0.00263,0,0
-0.00262,-0.08,0
-0.00261,0,-0.08
-0.0026,0,-0.08
-0.00259,0,-0.08
-0.00258,0,0
-0.00257,0,0
-0.00256,0.08,0.08
-0.00255,-0.08,0
-0.00254,-0.08,0
-0.00253,-0.08,0
-0.00252,0,-0.08
-0.00251,-0.08,0
-0.0025,-0.08,0
-0.00249,0,0
-0.00248,0,0
-0.00247,0,0
-0.00246,0,0
-0.00245,0,-0.08
-0.00244,0,0
-0.00243,0,0
-0.00242,0,0
-0.00241,0,-0.08
-0.0024,-0.08,0
-0.00239,0.08,0
-0.00238,0,0.08
-0.00237,0,0
-0.00236,0,0
-0.00235,0,0
-0.00234,0,0
-0.00233,0,0
-0.00232,0,0.08
-0.00231,0.08,0
-0.0023,0,0
-0.00229,-0.08,0
-0.00228,0,0.08
-0.00227,0.08,0.08
-0.00226,0.08,0
-0.00225,0.08,0
-0.00224,0,0
-0.00223,0,0
-0.00222,-0.08,0.08
-0.00221,0,0
-0.0022,-0.08,0
-0.00219,0,0.08
-0.00218,0,0.08
-0.00217,-0.08,0
-0.00216,0,0
-0.00215,0.08,0.08
-0.00214,0.08,0
-0.00213,0,0.08
-0.00212,0,0
-0.00211,0.08,0
-0.0021,0,0
-0.00209,0,-0.08
-0.00208,0.08,0
-0.00207,0,0.08
-0.00206,0.08,0
-0.00205,-0.08,0
-0.00204,0,0.08
-0.00203,0,0.08
-0.00202,-0.08,0.08
-0.00201,0.08,0.08
-0.002,0,0
-0.00199,0.08,0
-0.00198,0,0
-0.00197,0,0
-0.00196,0.08,0
-0.00195,0.08,0.08
-0.00194,0.08,0.08
-0.00193,0,0
-0.00192,0.08,0
-0.00191,0.08,0.08
-0.0019,0.08,0
-0.00189,0.08,0
-0.00188,-0.08,0
-0.00187,-0.08,0.08
-0.00186,0.08,0
-0.00185,0.08,0.08
-0.00184,0.08,0
-0.00183,0.08,0
-0.00182,-0.08,0.08
-0.00181,0,0.08
-0.0018,0.08,0
-0.00179,0.08,0.08
-0.00178,0.08,0
-0.00177,0,0
-0.00176,-0.08,0
-0.00175,0,0
-0.00174,0,0.08
-0.00173,0,0
-0.00172,0,0
-0.00171,0,0
-0.0017,0.08,0
-0.00169,0,0.08
-0.00168,0.08,0
-0.00167,0,0
-0.00166,-0.08,0
-0.00165,0,0
-0.00164,0,0
-0.00163,0.08,0.08
-0.00162,0,0
-0.00161,0.08,0.08
-0.0016,0.08,0
-0.00159,0.08,0
-0.00158,0,0
-0.00157,0.08,0
-0.00156,0.08,0
-0.00155,0.08,0
-0.00154,0,0
-0.00153,0.08,0
-0.00152,0.08,0
-0.00151,0,0.08
-0.0015,0,0.08
-0.00149,0,0.08
-0.00148,0,0
-0.00147,0,0
-0.00146,0.08,0
-0.00145,0.08,0
-0.00144,0.08,0
-0.00143,0,0
-0.00142,-0.08,0
-0.00141,0,0
-0.0014,0,0
-0.00139,-0.08,0
-0.00138,-0.08,0
-0.00137,0,0
-0.00136,0,0
-0.00135,0,0.08
-0.00134,-0.08,0.08
-0.00133,-0.08,0
-0.00132,-0.08,0
-0.00131,-0.08,0
-0.0013,0.08,-0.08
-0.00129,0,0
-0.00128,-0.08,-0.08
-0.00127,0,0
-0.00126,0,0.08
-0.00125,0,0.08
-0.00124,0,0.08
-0.00123,-0.08,0
-0.00122,0,-0.08
-0.00121,0.08,-0.08
-0.0012,0,0
-0.00119,0,0.08
-0.00118,0.08,0
-0.00117,0.08,0
-0.00116,0.08,0
-0.00115,0,0
-0.00114,-0.08,0
-0.00113,0,0
-0.00112,0,0
-0.00111,0.08,0
-0.0011,0,0
-0.00109,-0.08,0
-0.00108,0,-0.08
-0.00107,0,0
-0.00106,0,0
-0.00105,0,0
-0.00104,0,0
-0.00103,-0.08,-0.08
-0.00102,0,-0.08
-0.00101,0.08,0
-0.001,0,0
-0.00099,0,0
-0.00098,0,0.08
-0.00097,-0.08,0.08
-0.00096,-0.08,0
-0.00095,-0.08,0.08
-0.00094,0,0
-0.00093,0,0
-0.00092,-0.08,0.08
-0.00091,-0.16,0
-0.0009,0,0.08
-0.00089,-0.08,0
-0.00088,-0.08,0
-0.00087,0.08,0
-0.00086,0,0
-0.00085,0.08,0
-0.00084,0.08,0
-0.00083,0.08,0
-0.00082,0,0
-0.00081,0,0
-0.0008,0.08,0
-0.00079,0,0
-0.00078,0.08,0
-0.00077,0,0
-0.00076,0,0
-0.00075,0,0
-0.00074,-0.08,-0.08
-0.00073,-0.08,-0.08
-0.00072,-0.08,0
-0.00071,0,-0.08
-0.0007,0,0
-0.00069,0,-0.08
-0.00068,0,0
-0.00067,0,0
-0.00066,-0.08,0.08
-0.00065,0,0
-0.00064,0,0
-0.00063,0,0
-0.00062,0,-0.08
-0.00061,0.08,0
-0.0006,0,0
-0.00059,0,0
-0.00058,0,-0.08
-0.00057,0,0
-0.00056,-0.08,0
-0.00055,-0.08,0
-0.00054,0,0
-0.00053,0,0
-0.00052,0,0
-0.00051,0,0
-0.0005,-0.08,-0.08
-0.00049,0,0
-0.00048,-0.08,0
-0.00047,-0.08,0
-0.00046,-0.08,0
-0.00045,0,0
-0.00044,-0.08,-0.08
-0.00043,0,-0.08
-0.00042,0,0
-0.00041,0,0.08
-0.0004,0,0
-0.00039,0.08,0.08
-0.00038,0,0
-0.00037,0,0
-0.00036,-0.08,0
-0.00035,0,0
-0.00034,0,0
-0.00033,0,0
-0.00032,0,0
-0.00031,0,0
-0.0003,0.08,0
-0.00029,0,-0.08
-0.00028,-0.08,0
-0.00027,-0.08,0
-0.00026,0,0.08
-0.00025,-0.08,0
-0.00024,-0.08,0
-0.00023,-0.08,0
-0.00022,0,0
-0.00021,0,0
-0.0002,0,0
-0.00019,-0.08,0
-0.00018,0,0
-0.00017,-0.08,0
-0.00016,0.08,-0.08
-0.00015,0,0
-0.00014,0,0
-0.00013,0,0.08
-0.00012,0.08,0
-0.00011,-0.08,0
-0.0001,0,0
-9e-005,0,0
-8e-005,0,0
-7e-005,0,0
-6e-005,0.08,0
-5e-005,0,0
-4e-005,0,0
-3e-005,-0.08,0
-2e-005,-0.08,0
-1e-005,-0.08,0
8.6736e-019,7.6,-5.92
1e-005,7.76,-5.92
2e-005,7.76,-5.92
3e-005,7.76,-5.84
4e-005,7.68,-5.92
5e-005,7.68,-5.92
6e-005,7.76,8.4
7e-005,7.76,8.48
8e-005,7.68,8.48
9e-005,-0.16,8.48
0.0001,-6.88,-2.72
0.00011,-6.16,-1.04
0.00012,-4.16,0.8
0.00013,-3.92,1.2
0.00014,-4.64,0.88
0.00015,-5.36,0.4
0.00016,-5.84,0.16
0.00017,-5.92,0.16
0.00018,-5.92,0.32
0.00019,-6,0.4
0.0002,-6,0.56
0.00021,-6,0.64
0.00022,-5.92,0.64
0.00023,-5.92,0.8
0.00024,-5.92,0.88
0.00025,-5.92,0.96
0.00026,-5.84,1.12
0.00027,-5.84,1.2
0.00028,-5.84,1.36
0.00029,-5.76,1.36
0.0003,-5.84,1.44
0.00031,-5.76,1.52
0.00032,-5.68,1.6
0.00033,-5.68,1.68
0.00034,-5.6,1.84
0.00035,-5.52,1.84
0.00036,-5.44,2
0.00037,-5.36,2.16
0.00038,-5.28,2.16
0.00039,-5.28,2.24
0.0004,-5.2,2.32
0.00041,-5.12,2.4
0.00042,-5.04,2.4
0.00043,-5.04,2.56
0.00044,-4.88,2.64
0.00045,-4.8,2.72
0.00046,-4.88,2.8
0.00047,-4.8,2.8
0.00048,-4.56,2.88
0.00049,-4.56,2.88
0.0005,-4.4,2.96
0.00051,-4.32,2.96
0.00052,-4.16,2.96
0.00053,-4.08,3.04
0.00054,-4.08,3.12
0.00055,-3.92,3.2
0.00056,-3.92,3.28
0.00057,-3.84,3.28
0.00058,-3.68,3.36
0.00059,-3.6,3.36
0.0006,-3.52,3.44
0.00061,-3.44,3.44
0.00062,-3.44,3.44
0.00063,-3.36,3.44
0.00064,-3.2,3.52
0.00065,-3.04,3.52
0.00066,-3.04,3.52
0.00067,-2.96,3.6
0.00068,-2.88,3.6
0.00069,-2.8,3.6
0.0007,-2.72,3.68
0.00071,-2.64,3.68
0.00072,-2.48,3.68
0.00073,-2.32,3.68
0.00074,-2.32,3.68
0.00075,-2.16,3.68
0.00076,-2.08,3.68
0.00077,-2.08,3.68
0.00078,-2,3.68
0.00079,-1.84,3.68
0.0008,-1.68,3.6
0.00081,-1.6,3.52
0.00082,-1.52,3.52
0.00083,-1.44,3.6
0.00084,-1.36,3.6
0.00085,-1.28,3.6
0.00086,-1.2,3.52
0.00087,-1.2,3.52
0.00088,-1.12,3.52
0.00089,-1.12,3.44
0.0009,-0.96,3.44
0.00091,-0.88,3.44
0.00092,-0.88,3.44
0.00093,-0.8,3.44
0.00094,-0.64,3.28
0.00095,-0.64,3.36
0.00096,-0.56,3.28
0.00097,-0.48,3.28
0.00098,-0.48,3.2
0.00099,-0.4,3.2
0.001,-0.32,3.12
0.00101,-0.32,3.12
0.00102,-0.16,3.04
0.00103,-0.08,3.04
0.00104,0,3.04
0.00105,0.08,2.96
0.00106,0.08,2.88
0.00107,0.16,2.8
0.00108,0.16,2.8
0.00109,0.24,2.8
0.0011,0.24,2.8
0.00111,0.32,2.8
0.00112,0.4,2.72
0.00113,0.48,2.64
0.00114,0.4,2.56
0.00115,0.48,2.56
0.00116,0.56,2.56
0.00117,0.56,2.4
0.00118,0.64,2.32
0.00119,0.64,2.32
0.0012,0.72,2.24
0.00121,0.64,2.24
0.00122,0.64,2.16
0.00123,0.64,2.16
0.00124,0.72,2.08
0.00125,0.72,2.08
0.00126,0.8,2
0.00127,0.8,1.92
0.00128,0.88,1.84
0.00129,0.88,1.76
0.0013,0.8,1.68
0.00131,0.88,1.68
0.00132,0.88,1.6
0.00133,0.96,1.68
0.00134,0.88,1.68
0.00135,0.88,1.6
0.00136,0.96,1.52
0.00137,0.96,1.44
0.00138,1.04,1.36
0.00139,1.04,1.36
0.0014,0.96,1.36
0.00141,1.04,1.28
0.00142,0.96,1.2
0.00143,0.88,1.2
0.00144,0.96,1.12
0.00145,0.88,1.12
0.00146,0.96,1.04
0.00147,0.96,1.04
0.00148,0.96,0.96
0.00149,0.96,0.96
0.0015,1.04,0.96
0.00151,0.96,0.8
0.00152,1.04,0.88
0.00153,1.04,0.88
0.00154,0.96,0.8
0.00155,0.96,0.8
0.00156,0.96,0.72
0.00157,0.96,0.72
0.00158,0.96,0.64
0.00159,0.96,0.64
0.0016,0.96,0.56
0.00161,0.88,0.56
0.00162,0.88,0.56
0.00163,0.8,0.48
0.00164,0.72,0.48
0.00165,0.88,0.4
0.00166,0.88,0.4
0.00167,0.8,0.4
0.00168,0.8,0.32
0.00169,0.8,0.32
0.0017,0.72,0.32
0.00171,0.8,0.32
0.00172,0.72,0.4
0.00173,0.64,0.24
0.00174,0.64,0.24
0.00175,0.64,0.24
0.00176,0.64,0.16
0.00177,0.64,0.16
0.00178,0.56,0.16
0.00179,0.64,0.16
0.0018,0.56,0.16
0.00181,0.56,0.16
0.00182,0.56,0.16
0.00183,0.56,0.08
0.00184,0.56,0
0.00185,0.48,0.08
0.00186,0.48,0
0.00187,0.48,0
0.00188,0.48,0
0.00189,0.48,0.08
0.0019,0.48,0
0.00191,0.4,0
0.00192,0.4,0
0.00193,0.4,-0.08
0.00194,0.4,-0.08
0.00195,0.4,0
0.00196,0.32,-0.08
0.00197,0.32,-0.08
0.00198,0.4,0
0.00199,0.32,-0.08
0.002,0.32,-0.08
0.00201,0.32,-0.08
0.00202,0.32,-0.08
0.00203,0.32,-0.08
0.00204,0.24,0
0.00205,0.24,0
0.00206,0.24,-0.08
0.00207,0.24,-0.16
0.00208,0.24,-0.08
0.00209,0.24,-0.08
0.0021,0.16,-0.08
0.00211,0.16,-0.08
0.00212,0.24,-0.08
0.00213,0.16,-0.08
0.00214,0.16,-0.08
0.00215,0.24,-0.08
0.00216,0.16,-0.08
0.00217,0.24,-0.08
0.00218,0.16,-0.08
0.00219,0.16,-0.08
0.0022,0.16,-0.16
0.00221,0.16,-0.08
0.00222,0.16,0
0.00223,0.16,-0.08
0.00224,0.16,-0.08
0.00225,0.16,-0.08
0.00226,0.08,-0.16
0.00227,0.08,-0.08
0.00228,0.08,-0.08
0.00229,0.08,0
0.0023,0.16,-0.08
0.00231,0.08,-0.08
0.00232,0.08,-0.08
0.00233,0.08,-0.08
0.00234,0.08,-0.08
0.00235,0.16,-0.08
0.00236,0.08,-0.08
0.00237,0.08,-0.08
0.00238,0.08,-0.08
0.00239,0.08,-0.08
0.0024,0.08,-0.08
0.00241,0.08,-0.08
0.00242,0,-0.08
0.00243,0,-0.08
0.00244,0,-0.08
0.00245,0.08,-0.08
0.00246,0.08,-0.08
0.00247,0.08,-0.08
0.00248,0.08,-0.08
0.00249,0,0
0.0025,0.08,0
0.00251,0.08,0
0.00252,0.08,0
0.00253,0,-0.08
0.00254,0.08,0
0.00255,0.08,0
0.00256,-0.08,-0.08
0.00257,0,0
0.00258,0.08,0
0.00259,0.08,0
0.0026,0.16,0
0.00261,0.16,0
0.00262,0.08,0
0.00263,0.08,-0.08
0.00264,0.08,-0.16
0.00265,0.08,-0.16
0.00266,0.16,-0.08
0.00267,0.08,0
0.00268,0.16,-0.08
0.00269,0.08,0
0.0027,0,0
0.00271,0.08,0
0.00272,0.08,-0.08
0.00273,0.16,0
0.00274,0.08,-0.08
0.00275,0.08,-0.08
0.00276,0.08,0
0.00277,0.08,-0.08
0.00278,0.08,-0.08
0.00279,0.08,-0.08
0.0028,0.08,-0.08
0.00281,0.08,0
0.00282,0.08,-0.08
0.00283,0,-0.08
0.00284,0.08,-0.08
0.00285,0.08,-0.08
0.00286,0,0
0.00287,0.08,0
0.00288,0.08,-0.08
0.00289,0.08,-0.08
0.0029,0.16,-0.08
0.00291,0.16,-0.08
0.00292,0.08,0
0.00293,0.16,-0.08
0.00294,0.08,-0.08
0.00295,0.08,-0.08
0.00296,0.08,-0.08
0.00297,0.08,-0.08
0.00298,0,-0.08
0.00299,0.08,-0.08
0.003,0.16,-0.08
0.00301,0.16,-0.08
0.00302,0.16,-0.08
0.00303,0.08,-0.08
0.00304,0.08,-0.16
0.00305,0.08,-0.08
0.00306,0.08,-0.08
0.00307,0.16,-0.08
0.00308,0.16,-0.08
0.00309,0.16,-0.08
0.0031,0.16,-0.08
0.00311,0.08,-0.08
0.00312,0.08,-0.08
0.00313,0.16,-0.08
0.00314,0.08,-0.08
0.00315,0.16,-0.08
0.00316,0.08,-0.08
0.00317,0.08,-0.08
0.00318,0.08,-0.08
0.00319,0.08,-0.08
0.0032,0.08,-0.16
0.00321,0.16,-0.08
0.00322,0.16,-0.16
0.00323,0.08,-0.08
0.00324,0.16,-0.08
0.00325,0.16,-0.08
0.00326,0.16,-0.08
0.00327,0.16,-0.08
0.00328,0.16,-0.16
0.00329,0.16,-0.08
0.0033,0.24,-0.08
0.00331,0.16,-0.08
0.00332,0.16,-0.08
0.00333,0.08,-0.08
0.00334,0.08,-0.08
0.00335,0.16,-0.16
0.00336,0.16,-0.08
0.00337,0.16,-0.16
0.00338,0.16,-0.16
0.00339,0.16,-0.08
0.0034,0.16,-0.08
0.00341,0.08,-0.08
0.00342,0.08,-0.08
0.00343,0.16,-0.08
0.00344,0.16,-0.08
0.00345,0.08,-0.08
0.00346,0.16,-0.08
0.00347,0.16,-0.16
0.00348,0.16,-0.16
0.00349,0.16,-0.08
0.0035,0.16,-0.08
0.00351,0.16,-0.08
0.00352,0.16,-0.08
0.00353,0.16,-0.08
0.00354,0.16,-0.16
0.00355,0.08,-0.16
0.00356,0.08,-0.16
0.00357,0.08,-0.08
0.00358,0.08,-0.16
0.00359,0.08,-0.08
0.0036,0.08,-0.08
0.00361,0.08,-0.08
0.00362,0.08,-0.08
0.00363,0.16,-0.08
0.00364,0.16,-0.08
0.00365,0.16,-0.16
0.00366,0.16,-0.08
0.00367,0.24,-0.08
0.00368,0.16,-0.08
0.00369,0.16,-0.08
0.0037,0.24,-0.08
0.00371,0.16,-0.08
0.00372,0.16,-0.08
0.00373,0.08,-0.16
0.00374,0.16,-0.08
0.00375,0.16,-0.08
0.00376,0.08,-0.16
0.00377,0.16,-0.16
0.00378,0.08,-0.24
0.00379,0.16,-0.08
0.0038,0.08,-0.08
0.00381,0.16,-0.08
0.00382,0.08,-0.08
0.00383,0.16,-0.08
0.00384,0.16,-0.08
0.00385,0.16,-0.08
0.00386,0.16,-0.08
0.00387,0.16,-0.08
0.00388,0.16,-0.08
0.00389,0.16,-0.08
0.0039,0.16,-0.16
0.00391,0.16,-0.24
0.00392,0.16,-0.16
0.00393,0.16,-0.16
0.00394,0.08,-0.16
0.00395,0.16,-0.16
0.00396,0.32,0.16
0.00397,0.16,0
0.00398,0.16,-0.08
0.00399,0.08,-0.16
0.004,0.16,-0.24
0.00401,0.24,-0.16
0.00402,0.16,-0.08
0.00403,0.08,-0.08
0.00404,0.08,-0.08
0.00405,0.16,-0.08
0.00406,0.16,-0.08
0.00407,0.08,-0.16
0.00408,0.16,-0.08
0.00409,0.16,-0.08
0.0041,0.16,-0.16
0.00411,0.16,-0.16
0.00412,0.08,-0.16
0.00413,0.08,-0.16
0.00414,0.08,-0.16
0.00415,0.16,-0.16
0.00416,0.16,-0.24
0.00417,0.16,-0.16
0.00418,0.16,-0.16
0.00419,0.16,-0.16
0.0042,0.16,-0.08
0.00421,0.16,-0.08
0.00422,0.16,-0.16
0.00423,0.08,-0.16
0.00424,0.16,-0.24
0.00425,0.16,-0.24
0.00426,0.24,-0.16
0.00427,0.16,-0.16
0.00428,0.16,-0.16
0.00429,0.16,-0.24
0.0043,0.16,-0.16
0.00431,0.08,-0.16
0.00432,0.16,-0.16
0.00433,0.16,-0.24
0.00434,0.16,-0.16
0.00435,0.16,-0.24
0.00436,0.16,-0.24
0.00437,0.16,-0.16
0.00438,0.16,-0.24
0.00439,0.16,-0.16
0.0044,0.08,-0.16
0.00441,0.08,-0.16
0.00442,0.16,-0.08
0.00443,0.16,-0.16
0.00444,0.16,-0.24
0.00445,0.24,-0.16
0.00446,0.08,-0.24
0.00447,0.08,-0.16
0.00448,0.16,-0.16
0.00449,0.16,-0.24
0.0045,0.16,-0.08
0.00451,0.16,-0.16
0.00452,0.16,-0.16
0.00453,0.08,-0.24
0.00454,0.08,-0.16
0.00455,0.08,-0.16
0.00456,0.08,-0.08
0.00457,0.08,-0.16
0.00458,0.08,-0.16
0.00459,0.08,-0.16
0.0046,0.16,-0.16
0.00461,0.16,-0.16
0.00462,0.08,-0.16
0.00463,0.08,-0.16
0.00464,0.16,-0.16
0.00465,0.16,-0.08
0.00466,0.16,-0.16
0.00467,0.16,-0.24
0.00468,0.16,-0.24
0.00469,0.16,-0.16
0.0047,0.16,-0.24
0.00471,0.16,-0.16
0.00472,0.24,-0.16
0.00473,0.16,-0.08
0.00474,0.16,-0.08
0.00475,0.16,-0.16
0.00476,0.16,-0.08
0.00477,0.16,0
0.00478,0.08,-0.08
0.00479,0.16,-0.16
0.0048,0.16,-0.16
0.00481,0.16,-0.16
0.00482,0.08,-0.16
0.00483,0.08,-0.24
0.00484,0,-0.16
0.00485,0,-0.16
0.00486,0.08,-0.08
0.00487,0.08,-0.08
0.00488,0.16,-0.08
0.00489,0.16,-0.08
0.0049,0.08,-0.16
0.00491,0.16,-0.16
0.00492,0.08,-0.08
0.00493,0.08,-0.08
0.00494,0.08,-0.16
0.00495,0.08,-0.16
0.00496,0.08,-0.08
0.00497,0.08,-0.16
0.00498,0.08,-0.08
0.00499,0.16,-0.16
0.005,0.16,-0.16
0.00501,0.08,-0.16
0.00502,0.08,-0.16
0.00503,0.08,-0.16
0.00504,0.08,-0.08
0.00505,0.08,-0.08
0.00506,0.08,-0.16
0.00507,0.08,-0.16
0.00508,0.08,-0.16
0.00509,0.08,-0.16
0.0051,0.08,-0.16
0.00511,0.08,-0.16
0.00512,0.16,-0.08
0.00513,0.16,-0.08
0.00514,0.16,-0.08
0.00515,0.16,-0.08
0.00516,0.08,-0.08
0.00517,0.16,-0.08
0.00518,0.16,-0.08
0.00519,0.08,-0.08
0.0052,0.16,-0.08
0.00521,0.08,-0.08
0.00522,0.08,-0.08
0.00523,0.16,-0.16
0.00524,0.08,-0.16
0.00525,0.08,-0.16
0.00526,0.16,-0.08
0.00527,0.08,-0.08
0.00528,0.08,-0.08
0.00529,0.08,-0.08
0.0053,0.16,-0.08
0.00531,0.08,-0.08
0.00532,0.08,-0.08
0.00533,0.16,-0.08
0.00534,0.08,-0.16
0.00535,0.16,-0.16
0.00536,0.16,-0.16
0.00537,0.16,-0.16
0.00538,0.16,-0.16
0.00539,0.08,-0.08
0.0054,0.08,-0.08
0.00541,0.08,-0.08
0.00542,0.16,-0.08
0.00543,0.16,-0.08
0.00544,0.16,-0.16
0.00545,0.08,-0.08
0.00546,0.08,-0.08
0.00547,0.08,-0.08
0.00548,0.08,-0.08
0.00549,0,-0.08
0.0055,0,-0.08
0.00551,0.08,0
0.00552,0.08,-0.08
0.00553,0.08,-0.08
0.00554,0.08,-0.08
0.00555,0.08,-0.08
0.00556,0.08,-0.08
0.00557,0.16,-0.08
0.00558,0.08,-0.08
0.00559,0.08,-0.08
0.0056,0.16,-0.08
0.00561,0.24,-0.16
0.00562,0.16,-0.08
0.00563,0.08,-0.08
0.00564,0.08,-0.08
0.00565,0.16,-0.08
0.00566,0.08,-0.16
0.00567,0.08,-0.08
0.00568,0.08,-0.08
0.00569,0.08,-0.08
0.0057,0.08,-0.16
0.00571,0.16,-0.16
0.00572,0.08,-0.08
0.00573,0.08,-0.16
0.00574,0.08,-0.08
0.00575,0.08,-0.08
0.00576,0.08,-0.16
0.00577,0.08,-0.08
0.00578,0.08,-0.08
0.00579,0.16,-0.08
0.0058,0.16,-0.08
0.00581,0.16,-0.08
0.00582,0.16,-0.08
0.00583,0.08,-0.08
0.00584,0.16,-0.08
0.00585,0.08,-0.08
0.00586,0.16,-0.16
0.00587,0.08,-0.16
0.00588,0.16,-0.08
0.00589,0.16,-0.16
0.0059,0.16,-0.08
0.00591,0.08,0
0.00592,0.08,-0.08
0.00593,0.08,-0.08
0.00594,0.08,-0.16
0.00595,0.08,-0.08
0.00596,0.08,-0.16
0.00597,0.16,-0.16
0.00598,0.16,-0.16
0.00599,0.16,0
0.006,0.08,-0.08
0.00601,0.08,-0.08
0.00602,0.08,-0.08
0.00603,0.08,-0.16
0.00604,0.16,-0.16
0.00605,0.08,-0.16
0.00606,0.08,-0.08
0.00607,0.08,-0.08
0.00608,0.16,-0.08
0.00609,0.08,-0.08
0.0061,0.16,-0.16
0.00611,0.08,-0.16
0.00612,0.08,-0.24
0.00613,0.16,-0.16
0.00614,0.08,-0.24
0.00615,0.08,-0.16
0.00616,0.16,-0.08
0.00617,0.16,-0.08
0.00618,0.08,-0.08
0.00619,0.08,-0.16
0.0062,0.08,-0.16
0.00621,0.08,-0.16
0.00622,0.16,-0.16
0.00623,0.16,-0.16
0.00624,0.16,-0.16
0.00625,0.08,-0.08
0.00626,0.16,-0.16
0.00627,0.16,-0.08
0.00628,0.08,-0.08
0.00629,0.08,-0.16
0.0063,0.08,-0.08
0.00631,0.08,-0.16
0.00632,0.08,-0.08
0.00633,0,-0.16
0.00634,0.08,-0.16
0.00635,0.08,-0.16
0.00636,0.16,-0.16
0.00637,0.08,-0.16
0.00638,0.08,-0.08
0.00639,0.08,-0.16
0.0064,0.08,-0.16
0.00641,0.16,-0.16
0.00642,0.08,-0.16
0.00643,0.08,-0.16
0.00644,0.08,-0.08
0.00645,0.08,-0.08
0.00646,0.16,-0.08
0.00647,0.08,-0.08
0.00648,0.08,-0.16
0.00649,0.16,-0.16
0.0065,0.08,-0.16
0.00651,0.08,-0.24
0.00652,0.08,-0.16
0.00653,0.08,-0.16
0.00654,0.16,-0.16
0.00655,0.08,-0.08
0.00656,0.08,-0.08
0.00657,0.08,-0.16
0.00658,0.08,-0.16
0.00659,0.08,-0.16
0.0066,0.08,-0.16
0.00661,0.08,-0.16
0.00662,0.08,-0.16
0.00663,0.08,-0.16
0.00664,0.08,-0.08
0.00665,0,-0.16
0.00666,0.08,-0.08
0.00667,0.08,-0.08
0.00668,0,-0.08
0.00669,0,-0.16
0.0067,0,-0.16
0.00671,0.08,-0.16
0.00672,0.08,-0.16
0.00673,0.08,-0.08
0.00674,0.08,-0.16
0.00675,0.08,-0.16
0.00676,0.08,-0.16
0.00677,0.08,-0.16
0.00678,0.08,-0.16
0.00679,0.08,-0.08
0.0068,0.08,-0.08
0.00681,0.08,-0.16
0.00682,0.08,-0.08
0.00683,0,-0.08
0.00684,0.08,-0.16
0.00685,0.08,-0.16
0.00686,0.16,-0.16
0.00687,0.08,-0.16
0.00688,0.08,-0.16
0.00689,0.08,-0.08
0.0069,0.08,-0.08
0.00691,0.08,-0.08
0.00692,0.16,-0.08
0.00693,0.08,-0.08
0.00694,0.16,-0.08
0.00695,0.08,-0.08
0.00696,0.08,-0.16
0.00697,0.08,-0.08
0.00698,0.08,-0.08
0.00699,0,-0.16
0.007,0.08,-0.08
0.00701,0,-0.16
0.00702,0,-0.08
0.00703,0.08,-0.08
0.00704,0.08,-0.08
0.00705,0,-0.16
0.00706,0,-0.24
0.00707,0.08,-0.16
0.00708,0.08,-0.16
0.00709,0.08,-0.08
0.0071,0.08,-0.08
0.00711,0.08,-0.16
0.00712,0.08,-0.08
0.00713,0.08,-0.08
0.00714,0.16,-0.16
0.00715,0.08,-0.16
0.00716,0.08,-0.16
0.00717,0,-0.16
0.00718,0,-0.16
0.00719,0.08,-0.08
0.0072,0.08,-0.16
0.00721,0.08,-0.08
0.00722,0,-0.08
0.00723,0,-0.08
0.00724,0,-0.08
0.00725,0,-0.16
0.00726,0.08,-0.16
0.00727,0,-0.08
0.00728,0,-0.16
0.00729,0.08,-0.08
0.0073,0.08,-0.08
0.00731,0.08,-0.08
0.00732,0.08,-0.08
0.00733,0.08,-0.08
0.00734,0.08,-0.08
0.00735,0.08,-0.08
0.00736,0.08,-0.08
0.00737,0.08,-0.08
0.00738,0.16,-0.16
0.00739,0.08,-0.16
0.0074,0.08,-0.16
0.00741,0.08,-0.08
0.00742,0.16,-0.08
0.00743,0.16,-0.08
0.00744,0.08,-0.08
0.00745,0.08,-0.08
0.00746,0.08,-0.08
0.00747,0.08,-0.08
0.00748,0.08,-0.08
0.00749,0.08,0
0.0075,0.08,0
0.00751,0.08,-0.08
0.00752,-6.08,-5.84
0.00753,7.76,-6.08
0.00754,7.84,-6.08
0.00755,7.84,-6.08
0.00756,7.84,-6
0.00757,7.84,-6
0.00758,7.76,-6.08
0.00759,7.84,-6
0.0076,7.76,-6
0.00761,7.84,-6
0.00762,7.76,-6
0.00763,7.76,2.56
0.00764,7.76,8.4
0.00765,7.84,8.4
0.00766,7.76,8.4
0.00767,2.08,1.36
0.00768,0.8,-0.48
0.00769,2.64,0.96
0.0077,3.2,1.52
0.00771,2.72,1.28
0.00772,1.92,0.8
0.00773,1.28,0.4
0.00774,0.96,0.32
0.00775,0.88,0.24
0.00776,0.8,0.24
0.00777,0.64,0.32
0.00778,0.64,0.32
0.00779,0.56,0.32
0.0078,0.56,0.32
0.00781,0.48,0.32
0.00782,0.4,0.32
0.00783,0.32,0.4
0.00784,0.4,0.4
0.00785,0.4,0.4
0.00786,0.4,0.4
0.00787,0.4,0.48
0.00788,0.4,0.4
0.00789,0.4,0.4
0.0079,0.48,0.48
0.00791,0.4,0.48
0.00792,0.56,0.56
0.00793,0.56,0.48
0.00794,0.48,0.56
0.00795,0.56,0.56
0.00796,0.56,0.56
0.00797,0.56,0.64
0.00798,0.56,0.64
0.00799,0.56,0.56
0.008,0.64,0.56
0.00801,0.56,0.56
0.00802,0.72,0.56
0.00803,0.56,0.56
0.00804,0.64,0.56
0.00805,0.72,0.64
0.00806,0.72,0.56
0.00807,0.64,0.64
0.00808,0.72,0.56
0.00809,0.72,0.56
0.0081,0.72,0.56
0.00811,0.72,0.56
0.00812,0.72,0.56
0.00813,0.72,0.56
0.00814,0.8,0.56
0.00815,0.8,0.56
0.00816,0.8,0.56
0.00817,0.8,0.64
0.00818,0.8,0.56
0.00819,0.88,0.56
0.0082,0.88,0.48
0.00821,0.88,0.48
0.00822,0.88,0.48
0.00823,0.96,0.4
0.00824,0.96,0.4
0.00825,0.96,0.4
0.00826,0.96,0.4
0.00827,1.04,0.4
0.00828,0.96,0.4
0.00829,0.96,0.32
0.0083,0.96,0.32
0.00831,0.96,0.24
0.00832,1.04,0.32
0.00833,1.04,0.24
0.00834,1.04,0.24
0.00835,1.04,0.16
0.00836,1.04,0.24
0.00837,1.04,0.24
0.00838,1.04,0.24
0.00839,1.04,0.16
0.0084,0.96,0.08
0.00841,1.04,0.08
0.00842,1.12,0.16
0.00843,1.12,0.16
0.00844,1.12,0.08
0.00845,1.04,0.08
0.00846,1.04,0
0.00847,1.12,0
0.00848,1.04,0
0.00849,1.04,0
0.0085,1.12,0
0.00851,1.04,-0.08
0.00852,1.04,-0.08
0.00853,1.04,-0.08
0.00854,1.04,-0.24
0.00855,1.04,-0.08
0.00856,1.04,-0.24
0.00857,0.96,-0.16
0.00858,0.96,-0.24
0.00859,0.96,-0.32
0.0086,1.04,-0.32
0.00861,1.04,-0.32
0.00862,0.96,-0.32
0.00863,0.96,-0.24
0.00864,0.88,-0.32
0.00865,0.96,-0.32
0.00866,0.88,-0.4
0.00867,0.96,-0.4
0.00868,0.88,-0.4
0.00869,0.88,-0.4
0.0087,0.88,-0.48
0.00871,0.88,-0.48
0.00872,0.88,-0.48
0.00873,0.88,-0.48
0.00874,0.88,-0.48
0.00875,0.8,-0.48
0.00876,0.8,-0.48
0.00877,0.72,-0.56
0.00878,0.72,-0.56
0.00879,0.8,-0.48
0.0088,0.8,-0.56
0.00881,0.8,-0.56
0.00882,0.72,-0.56
0.00883,0.64,-0.48
0.00884,0.64,-0.56
0.00885,0.56,-0.64
0.00886,0.56,-0.64
0.00887,0.56,-0.64
0.00888,0.56,-0.64
0.00889,0.48,-0.56
0.0089,0.48,-0.64
0.00891,0.48,-0.64
0.00892,0.48,-0.64
0.00893,0.56,-0.64
0.00894,0.48,-0.64
0.00895,0.4,-0.72
0.00896,0.48,-0.72
0.00897,0.4,-0.64
0.00898,0.4,-0.64
0.00899,0.4,-0.56
0.009,0.32,-0.56
0.00901,0.32,-0.64
0.00902,0.32,-0.72
0.00903,0.24,-0.64
0.00904,0.16,-0.64
0.00905,0.16,-0.64
0.00906,0.24,-0.64
0.00907,0.16,-0.64
0.00908,0.16,-0.72
0.00909,0.16,-0.64
0.0091,0.16,-0.64
0.00911,0.08,-0.64
0.00912,0.08,-0.64
0.00913,0.08,-0.64
0.00914,0.08,-0.64
0.00915,0,-0.64
0.00916,0.08,-0.64
0.00917,0,-0.64
0.00918,0,-0.64
0.00919,0,-0.56
0.0092,0.08,-0.56
0.00921,0,-0.64
0.00922,-0.08,-0.64
0.00923,-0.08,-0.64
0.00924,-0.08,-0.48
0.00925,-0.08,-0.56
0.00926,0,-0.56
0.00927,-0.08,-0.48
0.00928,-0.16,-0.48
0.00929,-0.08,-0.56
0.0093,-0.16,-0.56
0.00931,-0.24,-0.48
0.00932,-0.16,-0.48
0.00933,-0.08,-0.48
0.00934,-0.24,-0.4
0.00935,-0.16,-0.48
0.00936,-0.08,-0.4
0.00937,-0.08,-0.4
0.00938,-0.16,-0.4
0.00939,-0.16,-0.4
0.0094,-0.16,-0.4
0.00941,-0.24,-0.32
0.00942,-0.08,-0.32
0.00943,-0.16,-0.32
0.00944,-0.16,-0.32
0.00945,-0.24,-0.32
0.00946,-0.24,-0.24
0.00947,-0.24,-0.24
0.00948,-0.32,-0.24
0.00949,-0.24,-0.32
0.0095,-0.24,-0.32
0.00951,-0.24,-0.24
0.00952,-0.16,-0.24
0.00953,-0.16,-0.32
0.00954,-0.24,-0.24
0.00955,-0.16,-0.24
0.00956,-0.24,-0.08
0.00957,-0.24,-0.16
0.00958,-0.16,-0.24
0.00959,-0.16,-0.24
0.0096,-0.16,-0.24
0.00961,-0.24,-0.16
0.00962,-0.16,-0.16
0.00963,-0.16,-0.16
0.00964,-0.16,-0.16
0.00965,-0.08,-0.16
0.00966,-0.24,-0.16
0.00967,-0.16,-0.08
0.00968,-0.24,-0.08
0.00969,-0.08,-0.08
0.0097,-0.08,-0.08
0.00971,-0.16,-0.08
0.00972,-0.16,-0.08
0.00973,-0.16,-0.16
0.00974,-0.08,-0.08
0.00975,-0.08,-0.08
0.00976,-0.08,-0.08
0.00977,-0.08,-0.08
0.00978,-0.08,-0.08
0.00979,-0.08,0
0.0098,-0.16,0
0.00981,-0.16,0
0.00982,-0.08,-0.08
0.00983,-0.08,-0.08
0.00984,-0.08,-0.08
0.00985,-0.08,0
0.00986,-0.08,-0.08
0.00987,-0.08,0
0.00988,-0.08,0
0.00989,-0.08,0
0.0099,-0.08,-0.08
0.00991,0,-0.08
0.00992,0,-0.08
0.00993,0,0
0.00994,0,0
0.00995,0,0
0.00996,-0.08,-0.08
0.00997,0,-0.08
0.00998,0.08,-0.08
0.00999,0.08,0
0.01,0.08,0
0.01001,0,-0.08
0.01002,0.08,0
0.01003,0.08,0
0.01004,0,-0.08
0.01005,0,0
0.01006,0,0
0.01007,-0.08,-0.08
0.01008,0,-0.08
0.01009,0,-0.08
0.0101,0,-0.08
0.01011,0.08,-0.08
0.01012,0.08,0
0.01013,0.08,0
0.01014,0.08,0
0.01015,0.08,-0.08
0.01016,0.08,-0.08
0.01017,0.08,-0.16
0.01018,0.08,-0.08
0.01019,0,0
0.0102,0.08,-0.08
0.01021,0,-0.08
0.01022,0,0
0.01023,0.08,-0.08
0.01024,0.16,-0.08
0.01025,0,0
0.01026,0.08,0
0.01027,0,-0.08
0.01028,0.08,0
0.01029,0.08,0
0.0103,0.08,-0.08
0.01031,0,-0.08
0.01032,0.08,-0.08
0.01033,0,-0.08
0.01034,0,-0.08
0.01035,0.08,-0.08
0.01036,0.08,-0.08
0.01037,0.08,0
0.01038,0.08,0
0.01039,0.08,-0.08
0.0104,0,-0.08
0.01041,0,-0.08
0.01042,0,-0.08
0.01043,0.08,-0.08
0.01044,0.08,0
0.01045,0.08,0
0.01046,0,-0.08
0.01047,0,-0.08
0.01048,0.16,-0.16
0.01049,0.08,-0.16
0.0105,0.08,-0.08
0.01051,0,-0.16
0.01052,0,-0.08
0.01053,0,-0.08
0.01054,0.08,-0.08
0.01055,0.08,-0.08
0.01056,0.08,-0.08
0.01057,0,-0.08
0.01058,0,-0.08
0.01059,0.08,-0.08
0.0106,0.08,0
0.01061,0,-0.08
0.01062,0,-0.16
0.01063,0,-0.08
0.01064,0,-0.08
0.01065,0,-0.08
0.01066,0.08,-0.08
0.01067,0.08,-0.08
0.01068,0,-0.08
0.01069,-0.08,-0.16
0.0107,-0.08,-0.08
0.01071,0,-0.08
0.01072,0.08,0
0.01073,0,-0.08
0.01074,0,-0.08
0.01075,0.08,0
0.01076,0,0
0.01077,0,-0.08
0.01078,0,-0.08
0.01079,0,-0.08
0.0108,-0.08,0
0.01081,0,-0.08
0.01082,0.08,-0.08
0.01083,0,-0.08
0.01084,-0.08,0
0.01085,0,-0.08
0.01086,0,-0.08
0.01087,-0.08,-0.08
0.01088,-0.08,-0.16
0.01089,-0.08,-0.08
0.0109,0,-0.08
0.01091,-0.08,0
0.01092,0,-0.08
0.01093,-0.08,0
0.01094,0,-0.08
0.01095,0,-0.08
0.01096,0,-0.08
0.01097,0,-0.08
0.01098,0,-0.08
0.01099,-0.08,-0.08
0.011,0,0
0.01101,0,0
0.01102,-0.08,0
0.01103,-0.08,0
0.01104,-0.08,0
0.01105,0,0
0.01106,0,-0.08
0.01107,0,-0.08
0.01108,0,-0.08
0.01109,0.08,-0.08
0.0111,0.08,-0.08
0.01111,0,-0.08
0.01112,0,0
0.01113,-0.08,-0.08
0.01114,-0.08,-0.08
0.01115,-0.08,-0.08
0.01116,0.08,-0.08
0.01117,0,-0.08
0.01118,0,-0.08
0.01119,-0.08,-0.08
0.0112,-0.08,-0.08
0.01121,0,-0.08
0.01122,0,-0.08
0.01123,0,-0.08
0.01124,0,0
0.01125,0.08,0
0.01126,0,-0.08
0.01127,0,-0.08
0.01128,0,0
0.01129,0,-0.08
0.0113,0,0
0.01131,0.08,0
0.01132,0,-0.08
0.01133,0,-0.08
0.01134,0,-0.08
0.01135,-0.08,0
0.01136,0,-0.08
0.01137,0,-0.08
0.01138,0.08,0
0.01139,0.08,-0.08
0.0114,0,-0.08
0.01141,0,-0.08
0.01142,-0.08,-0.08
0.01143,0,-0.08
0.01144,0.08,0
0.01145,0,0
0.01146,0,0
0.01147,0,0
0.01148,0,0
0.01149,-0.08,-0.08
0.0115,0.08,-0.08
0.01151,0,-0.08
0.01152,0.08,-0.08
0.01153,0,-0.08
0.01154,0,-0.08
0.01155,0,-0.08
0.01156,0.08,-0.08
0.01157,0,-0.08
0.01158,0,0
0.01159,0,-0.08
0.0116,0,-0.08
0.01161,0,-0.08
0.01162,0,-0.08
0.01163,-0.08,-0.08
0.01164,0,-0.08
0.01165,0,-0.08
0.01166,0,-0.16
0.01167,0,-0.08
0.01168,-0.08,-0.08
0.01169,-0.08,-0.08
0.0117,0.08,-0.08
0.01171,0.08,-0.08
0.01172,0.08,-0.08
0.01173,0,-0.08
0.01174,0.08,-0.08
0.01175,0,-0.08
0.01176,0.08,-0.08
0.01177,0,-0.08
0.01178,0,-0.08
0.01179,-0.08,-0.08
0.0118,0,0
0.01181,0,-0.08
0.01182,0,-0.08
0.01183,0.08,0
0.01184,0.08,-0.08
0.01185,-0.08,-0.08
0.01186,0,-0.08
0.01187,0,0
0.01188,0,0
0.01189,-0.08,-0.08
0.0119,-0.08,-0.08
0.01191,0,0
0.01192,0.08,0
0.01193,0,-0.08
0.01194,0.08,-0.08
0.01195,0.08,0
0.01196,0,-0.08
0.01197,0,-0.08
0.01198,0.08,-0.08
0.01199,0,-0.08
0.012,0,0
0.01201,0,-0.08
0.01202,-0.08,-0.08
0.01203,-0.08,-0.08
0.01204,-0.08,-0.08
0.01205,0,-0.08
0.01206,0,-0.08
0.01207,0,-0.08
0.01208,0.08,-0.08
0.01209,0.08,0
0.0121,-0.08,-0.08
0.01211,0.08,-0.08
0.01212,0.08,-0.08
0.01213,0.08,-0.08
0.01214,0,-0.08
0.01215,0,0
0.01216,-0.08,-0.08
0.01217,0,-0.08
0.01218,0.08,0
0.01219,0.08,0
0.0122,0.08,0
0.01221,0.08,0
0.01222,0.08,0
0.01223,0.08,0
0.01224,0,0
0.01225,0.08,0
0.01226,0,0
0.01227,-0.08,0
0.01228,-0.08,0
0.01229,-0.08,0
0.0123,0.08,-0.08
0.01231,0,0
0.01232,0,0
0.01233,0,0
0.01234,0,-0.08
0.01235,0,0
0.01236,0,-0.08
0.01237,0,0
0.01238,0.08,-0.08
0.01239,0,0
0.0124,0,0
0.01241,-0.08,0.08
0.01242,-0.08,0.08
0.01243,0,-0.08
0.01244,0,-0.08
0.01245,0,-0.08
0.01246,0,-0.08
0.01247,0,-0.08
0.01248,0.08,-0.08
0.01249,0.08,-0.08
0.0125,0,0
0.01251,0,-0.08
0.01252,0,-0.08
0.01253,0,-0.08
0.01254,0,-0.08
0.01255,-0.08,0
0.01256,0,0
0.01257,0,-0.08
0.01258,0.08,-0.08
0.01259,0,-0.08
0.0126,-0.08,-0.08
0.01261,0,-0.08
0.01262,0.08,0
0.01263,0,-0.08
0.01264,-0.08,-0.08
0.01265,0.08,0
0.01266,0,0
0.01267,0.08,0
0.01268,0.08,-0.08
0.01269,0,0
0.0127,0.08,0
0.01271,0,0
0.01272,-0.08,0
0.01273,0,-0.08
0.01274,0,0
0.01275,0,0
0.01276,0,-0.08
0.01277,0,-0.08
0.01278,0,-0.08
0.01279,0,-0.08
0.0128,0.08,-0.08
0.01281,0.08,-0.08
0.01282,0.08,-0.08
0.01283,0,0
0.01284,0,0
0.01285,0,0
0.01286,0.08,0
0.01287,0,-0.08
0.01288,0.08,-0.08
0.01289,0.08,-0.08
0.0129,0.08,0
0.01291,-0.08,0
0.01292,-0.08,-0.08
0.01293,-0.08,-0.08
0.01294,-0.08,-0.08
0.01295,-0.08,-0.08
0.01296,-0.08,-0.16
0.01297,0,-0.08
0.01298,-0.08,-0.08
0.01299,-0.08,0
0.013,-0.08,-0.08
0.01301,-0.08,-0.16
0.01302,-0.08,-0.08
0.01303,-0.08,-0.08
0.01304,-0.16,-0.16
0.01305,-0.08,-0.08
0.01306,-0.08,-0.08
0.01307,0,-0.08
0.01308,-0.08,-0.08
0.01309,-0.08,-0.08
0.0131,-0.08,-0.08
0.01311,-0.08,-0.08
0.01312,-0.08,-0.24
0.01313,-0.08,-0.08
0.01314,-0.08,-0.16
0.01315,-0.08,-0.08
0.01316,-0.08,-0.08
0.01317,-0.08,-0.08
0.01318,-0.08,-0.08
0.01319,-0.16,-0.08
0.0132,-0.16,-0.16
0.01321,-0.32,-0.16
0.01322,-0.16,-0.16
0.01323,-0.16,-0.08
0.01324,-0.24,-0.16
0.01325,-0.24,-0.08
0.01326,-0.16,-0.08
0.01327,-0.24,-0.08
0.01328,-0.24,-0.08
0.01329,-0.16,0
0.0133,-0.32,0
0.01331,-0.24,-0.08
0.01332,-0.16,-0.08
0.01333,-0.16,0
0.01334,-0.16,0
0.01335,-0.16,-0.08
0.01336,-0.24,-0.08
0.01337,-0.24,-0.08
0.01338,-0.24,0
0.01339,-0.24,0
0.0134,-0.24,-0.08
0.01341,-0.24,0.08
0.01342,-0.24,0
0.01343,-0.32,0
0.01344,-0.32,0.08
0.01345,-0.32,0
0.01346,-0.32,0
0.01347,-0.32,0.08
0.01348,-0.32,0
0.01349,-0.32,0
0.0135,-0.4,0
0.01351,-0.4,0
0.01352,-0.4,0.08
0.01353,-0.32,0.08
0.01354,-0.4,0.08
0.01355,-0.4,0
0.01356,-0.32,0.08
0.01357,-0.4,0.16
0.01358,-0.4,0.08
0.01359,-0.32,0.08
0.0136,-0.32,0
0.01361,-0.4,0.08
0.01362,-0.48,0.16
0.01363,-0.4,0.16
0.01364,-0.4,0.08
0.01365,-0.4,0.08
0.01366,-0.48,0.16
0.01367,-0.4,0.16
0.01368,-0.48,0.16
0.01369,-0.4,0.24
0.0137,-0.4,0.24
0.01371,-0.48,0.24
0.01372,-0.56,0.24
0.01373,-0.48,0.16
0.01374,-0.48,0.24
0.01375,-0.4,0.32
0.01376,-0.4,0.32
0.01377,-0.48,0.32
0.01378,-0.4,0.32
0.01379,-0.4,0.32
0.0138,-0.48,0.4
0.01381,-0.56,0.4
0.01382,-0.48,0.4
0.01383,-0.48,0.32
0.01384,-0.4,0.32
0.01385,-0.4,0.4
0.01386,-0.4,0.48
0.01387,-0.4,0.48
0.01388,-0.48,0.48
0.01389,-0.48,0.48
0.0139,-0.4,0.48
0.01391,-0.4,0.48
0.01392,-0.32,0.56
0.01393,-0.4,0.56
0.01394,-0.4,0.64
0.01395,-0.4,0.64
0.01396,-0.32,0.64
0.01397,-0.32,0.56
0.01398,-0.32,0.64
0.01399,-0.32,0.64
0.014,-0.4,0.72
0.01401,-0.4,0.64
0.01402,-0.4,0.64
0.01403,-0.32,0.72
0.01404,-0.32,0.64
0.01405,-0.24,0.72
0.01406,-0.32,0.8
0.01407,-0.24,0.8
0.01408,-0.32,0.8
0.01409,-0.32,0.8
0.0141,-0.24,0.8
0.01411,-0.16,0.88
0.01412,-0.16,0.88
0.01413,-0.24,0.88
0.01414,-0.24,0.88
0.01415,-0.16,0.88
0.01416,-0.16,0.8
0.01417,-0.16,0.88
0.01418,-0.16,0.88
0.01419,-0.16,0.96
0.0142,-0.08,0.96
0.01421,-0.08,0.88
0.01422,-0.08,0.96
0.01423,-0.08,0.96
0.01424,0,1.04
0.01425,0.08,1.04
0.01426,0.08,1.04
0.01427,0,1.04
0.01428,0.08,1.12
0.01429,0.08,1.04
0.0143,0.16,1.04
0.01431,0.08,1.12
0.01432,0.08,1.12
0.01433,0.08,1.04
0.01434,0.08,1.12
0.01435,0.08,1.12
0.01436,0.16,1.12
0.01437,0.16,1.04
0.01438,0.16,1.12
0.01439,0.24,1.12
0.0144,0.32,1.12
0.01441,0.32,1.2
0.01442,0.32,1.28
0.01443,0.4,1.2
0.01444,0.4,1.12
0.01445,0.4,1.12
0.01446,0.32,1.2
0.01447,0.4,1.2
0.01448,0.4,1.28
0.01449,0.48,1.28
0.0145,0.48,1.12
0.01451,0.4,1.12
0.01452,0.4,1.12
0.01453,0.4,1.2
0.01454,0.48,1.2
0.01455,0.48,1.2
0.01456,0.64,1.2
0.01457,0.64,1.2
0.01458,0.72,1.12
0.01459,0.72,1.04
0.0146,0.72,1.12
0.01461,0.8,1.12
0.01462,0.8,1.12
0.01463,0.72,1.2
0.01464,0.8,1.2
0.01465,0.8,1.12
0.01466,0.8,1.04
0.01467,0.88,1.12
0.01468,0.88,1.12
0.01469,0.88,1.12
0.0147,0.88,1.04
0.01471,0.96,1.04
0.01472,1.04,1.04
0.01473,1.04,1.04
0.01474,1.04,1.12
0.01475,1.04,1.04
0.01476,1.04,0.96
0.01477,1.12,0.96
0.01478,1.12,1.04
0.01479,1.12,0.96
0.0148,1.12,1.04
0.01481,1.12,1.04
0.01482,1.12,0.96
0.01483,1.2,0.96
0.01484,1.28,0.88
0.01485,1.28,0.88
0.01486,1.28,0.88
0.01487,1.28,0.8
0.01488,1.28,0.96
0.01489,1.36,0.88
0.0149,1.28,0.8
0.01491,1.36,0.8
0.01492,1.36,0.8
0.01493,1.36,0.72
0.01494,1.44,0.72
0.01495,1.44,0.64
0.01496,1.44,0.72
0.01497,1.52,0.64
0.01498,1.44,0.64
0.01499,1.44,0.64
0.015,1.36,0.56
0.01501,1.44,0.56
0.01502,1.52,0.56
0.01503,1.52,0.56
0.01504,1.52,0.48
0.01505,1.52,0.4
0.01506,1.52,0.4
0.01507,1.52,0.4
0.01508,1.6,0.4
0.01509,1.52,0.4
0.0151,1.52,0.32
0.01511,1.52,0.32
0.01512,1.6,0.32
0.01513,1.6,0.24
0.01514,1.6,0.24
0.01515,1.6,0.32
0.01516,1.6,0.24
0.01517,1.52,0.16
0.01518,1.52,0.16
0.01519,1.52,0.08
0.0152,1.6,0.08
0.01521,1.6,0.16
0.01522,1.52,0.08
0.01523,1.6,0
0.01524,1.52,-0.08
0.01525,1.52,0
0.01526,1.52,-0.08
0.01527,1.52,-0.08
0.01528,1.6,-0.16
0.01529,1.6,-0.16
0.0153,1.6,-0.16
0.01531,1.52,-0.24
0.01532,1.6,-0.24
0.01533,1.52,-0.32
0.01534,1.44,-0.32
0.01535,1.52,-0.24
0.01536,1.52,-0.24
0.01537,1.52,-0.32
0.01538,1.52,-0.4
0.01539,1.44,-0.4
0.0154,1.36,-0.48
0.01541,1.36,-0.4
0.01542,1.36,-0.48
0.01543,1.44,-0.48
0.01544,1.36,-0.56
0.01545,1.36,-0.64
0.01546,1.36,-0.56
0.01547,1.36,-0.64
0.01548,1.36,-0.64
0.01549,1.36,-0.56
0.0155,1.28,-0.64
0.01551,1.28,-0.64
0.01552,1.28,-0.64
0.01553,1.28,-0.64
0.01554,1.2,-0.64
0.01555,1.2,-0.72
0.01556,1.2,-0.72
0.01557,1.12,-0.72
0.01558,1.12,-0.8
0.01559,1.12,-0.8
0.0156,1.12,-0.88
0.01561,1.04,-0.88
0.01562,1.12,-0.8
0.01563,1.12,-0.88
0.01564,1.04,-0.8
0.01565,0.96,-0.88
0.01566,1.04,-0.88
0.01567,1.04,-0.96
0.01568,0.96,-0.88
0.01569,0.88,-0.88
0.0157,0.88,-0.88
0.01571,0.8,-0.88
0.01572,0.88,-1.04
0.01573,0.88,-0.96
0.01574,0.8,-0.88
0.01575,0.72,-0.88
0.01576,0.72,-0.96
0.01577,0.8,-1.04
0.01578,0.64,-1.04
0.01579,0.64,-1.04
0.0158,0.72,-0.96
0.01581,0.56,-0.96
0.01582,0.64,-0.96
0.01583,0.64,-0.96
0.01584,0.56,-1.04
0.01585,0.56,-1.04
0.01586,0.56,-0.96
0.01587,0.56,-1.04
0.01588,0.56,-1.04
0.01589,0.48,-1.04
0.0159,0.48,-1.12
0.01591,0.4,-1.04
0.01592,0.4,-1.04
0.01593,0.4,-0.96
0.01594,0.4,-1.04
0.01595,0.32,-1.04
0.01596,0.4,-1.04
0.01597,0.32,-1.04
0.01598,0.32,-0.96
0.01599,0.24,-0.96
0.016,0.24,-0.96
0.01601,0.16,-0.96
0.01602,0.24,-0.96
0.01603,0.16,-0.96
0.01604,0.16,-1.04
0.01605,0.16,-0.96
0.01606,0.16,-0.96
0.01607,0.16,-0.96
0.01608,0.08,-1.04
0.01609,0.08,-0.96
0.0161,0.08,-1.04
0.01611,0,-0.96
0.01612,0,-0.96
0.01613,0,-0.88
0.01614,0,-0.88
0.01615,0,-0.88
0.01616,0,-0.88
0.01617,-0.08,-0.88
0.01618,-0.08,-0.88
0.01619,-0.08,-0.88
0.0162,-0.08,-0.88
0.01621,-0.08,-0.88
0.01622,-0.16,-0.88
0.01623,-0.16,-0.8
0.01624,-0.24,-0.88
0.01625,-0.16,-0.72
0.01626,-0.16,-0.72
0.01627,-0.16,-0.72
0.01628,-0.16,-0.8
0.01629,-0.08,-0.8
0.0163,-0.16,-0.72
0.01631,-0.24,-0.88
0.01632,-0.16,-0.88
0.01633,-0.24,-0.72
0.01634,-0.24,-0.64
0.01635,-0.24,-0.64
0.01636,-0.24,-0.64
0.01637,-0.16,-0.64
0.01638,-0.24,-0.64
0.01639,-0.24,-0.64
0.0164,-0.32,-0.64
0.01641,-0.16,-0.64
0.01642,-0.16,-0.64
0.01643,-0.16,-0.64
0.01644,-0.24,-0.64
0.01645,-0.24,-0.64
0.01646,-0.24,-0.64
0.01647,-0.32,-0.56
0.01648,-0.32,-0.48
0.01649,-0.32,-0.48
0.0165,-0.32,-0.56
0.01651,-0.32,-0.48
0.01652,-0.32,-0.4
0.01653,-0.24,-0.48
0.01654,-0.32,-0.4
0.01655,-0.32,-0.48
0.01656,-0.24,-0.48
0.01657,-0.24,-0.48
0.01658,-0.4,-0.48
0.01659,-0.32,-0.48
0.0166,-0.32,-0.48
0.01661,-0.32,-0.4
0.01662,-0.24,-0.4
0.01663,-0.24,-0.4
0.01664,-0.32,-0.4
0.01665,-0.32,-0.32
0.01666,-0.32,-0.4
0.01667,-0.24,-0.32
0.01668,-0.32,-0.32
0.01669,-0.32,-0.32
0.0167,-0.32,-0.32
0.01671,-0.32,-0.32
0.01672,-0.32,-0.32
0.01673,-0.32,-0.32
0.01674,-0.24,-0.32
0.01675,-0.32,-0.24
0.01676,-0.32,-0.32
0.01677,-0.32,-0.32
0.01678,-0.24,-0.24
0.01679,-0.24,-0.24
0.0168,-0.16,-0.24
0.01681,-0.24,-0.24
0.01682,-0.16,-0.16
0.01683,-0.24,-0.24
0.01684,-0.24,-0.16
0.01685,-0.24,-0.24
0.01686,-0.24,-0.08
0.01687,-0.24,-0.16
0.01688,-0.24,-0.16
0.01689,-0.24,-0.16
0.0169,-0.32,-0.16
0.01691,-0.32,-0.24
0.01692,-0.24,-0.24
0.01693,-0.24,-0.16
0.01694,-0.16,-0.16
0.01695,-0.16,-0.16
0.01696,-0.16,-0.16
0.01697,-0.08,-0.08
0.01698,-0.08,-0.16
0.01699,-0.16,-0.16
0.017,-0.16,-0.16
0.01701,-0.16,-0.16
0.01702,-0.24,-0.16
0.01703,-0.16,-0.08
0.01704,-0.16,-0.16
0.01705,-0.16,-0.16
0.01706,-0.16,-0.16
0.01707,-0.16,-0.16
0.01708,-0.16,-0.16
0.01709,-0.08,-0.16
0.0171,-0.08,-0.08
0.01711,-0.16,-0.08
0.01712,-0.08,-0.08
0.01713,-0.16,-0.16
0.01714,-0.16,-0.08
0.01715,-0.16,-0.08
0.01716,-0.08,-0.08
0.01717,-0.08,-0.08
0.01718,-0.08,-0.08
0.01719,-0.16,-0.08
0.0172,-0.16,-0.08
0.01721,-0.16,-0.16
0.01722,-0.16,-0.08
0.01723,-0.16,-0.08
0.01724,-0.08,-0.16
0.01725,-0.08,-0.08
0.01726,-0.08,-0.08
0.01727,-0.08,-0.08
0.01728,-0.16,-0.08
0.01729,-0.08,-0.08
0.0173,-0.08,-0.08
0.01731,-0.16,-0.08
0.01732,-0.08,-0.08
0.01733,-0.08,-0.08
0.01734,-0.08,-0.08
0.01735,-0.08,-0.08
0.01736,-0.08,-0.16
0.01737,-0.16,-0.08
0.01738,-0.08,-0.08
0.01739,-0.08,-0.08
0.0174,-0.08,-0.08
0.01741,-0.08,-0.08
0.01742,-0.08,0
0.01743,-0.08,-0.08
0.01744,-0.16,-0.08
0.01745,-0.16,0
0.01746,-0.08,-0.08
0.01747,-0.16,-0.08
0.01748,-0.08,-0.08
0.01749,-0.08,0
0.0175,-0.08,-0.08
0.01751,0,0
0.01752,0,-0.08
0.01753,-0.08,-0.08
0.01754,-0.08,-0.08
0.01755,-0.08,-0.08
0.01756,-0.08,-0.08
0.01757,-0.08,-0.08
0.01758,-0.08,-0.16
0.01759,-0.08,-0.08
0.0176,-0.08,0
0.01761,0,-0.08
0.01762,-0.08,-0.08
0.01763,-0.16,-0.08
0.01764,-0.08,-0.08
0.01765,-0.16,-0.08
0.01766,0,-0.16
0.01767,-0.08,-0.16
0.01768,0,-0.08
0.01769,0,-0.08
0.0177,-0.08,-0.08
0.01771,-0.08,-0.08
0.01772,-0.08,-0.08
0.01773,-0.08,-0.08
0.01774,-0.08,-0.08
0.01775,-0.08,-0.08
0.01776,-0.08,-0.08
0.01777,-0.16,-0.08
0.01778,-0.08,-0.08
0.01779,-0.08,-0.08
0.0178,-0.08,-0.08
0.01781,-0.08,-0.08
0.01782,-0.08,-0.08
0.01783,-0.16,-0.08
0.01784,-0.16,-0.08
0.01785,-0.16,-0.08
0.01786,-0.08,-0.08
0.01787,-0.08,-0.16
0.01788,-0.16,-0.08
0.01789,-0.08,-0.16
0.0179,-0.08,-0.08
0.01791,-0.08,-0.16
0.01792,-0.08,-0.08
0.01793,-0.08,0
0.01794,-0.08,-0.08
0.01795,-0.16,-0.08
0.01796,-0.08,-0.08
0.01797,-0.08,-0.08
0.01798,-0.08,-0.16
0.01799,-0.08,-0.16
0.018,-0.08,-0.08
0.01801,-0.08,-0.08
0.01802,-0.08,-0.08
0.01803,-0.16,-0.08
0.01804,-0.16,-0.08
0.01805,-0.16,-0.08
0.01806,-0.08,-0.08
0.01807,-0.08,-0.16
0.01808,-0.08,-0.08
0.01809,-0.08,0
0.0181,-0.08,0
0.01811,-0.08,0
0.01812,-0.08,-0.08
0.01813,-0.08,-0.08
0.01814,-0.08,-0.08
0.01815,-0.08,-0.08
0.01816,-0.08,-0.08
0.01817,0,-0.08
0.01818,-0.08,-0.08
0.01819,-0.08,-0.08
0.0182,-0.08,-0.08
0.01821,-0.16,-0.08
0.01822,-0.16,-0.16
0.01823,-0.16,-0.08
0.01824,-0.16,-0.08
0.01825,-0.16,-0.08
0.01826,-0.08,-0.08
0.01827,-0.08,0
0.01828,-0.08,0
0.01829,-0.16,0
0.0183,-0.16,-0.08
0.01831,-0.16,-0.08
0.01832,-0.16,-0.08
0.01833,-0.16,-0.08
0.01834,-0.08,-0.08
0.01835,-0.08,-0.08
0.01836,-0.08,-0.16
0.01837,-0.08,-0.08
0.01838,-0.08,-0.08
0.01839,-0.08,-0.08
0.0184,0,-0.08
0.01841,-0.08,-0.08
0.01842,-0.16,-0.08
0.01843,-0.08,-0.08
0.01844,-0.08,0
0.01845,-0.08,-0.08
0.01846,-0.08,-0.08
0.01847,-0.08,-0.08
0.01848,0,-0.08
0.01849,-0.08,-0.08
0.0185,-0.08,-0.08
0.01851,-0.08,0
0.01852,-0.08,0
0.01853,0,-0.08
0.01854,0,0
0.01855,0,0
0.01856,0,-0.08
0.01857,-0.08,0
0.01858,-0.08,-0.16
0.01859,-0.08,-0.08
0.0186,-0.08,0
0.01861,-0.16,0
0.01862,-0.08,-0.08
0.01863,-0.16,-0.08
0.01864,-0.08,-0.08
0.01865,-0.08,-0.16
0.01866,-0.16,-0.08
0.01867,-0.08,-0.08
0.01868,-0.08,-0.08
0.01869,0,-0.08
0.0187,-0.08,-0.08
0.01871,-0.16,-0.08
0.01872,-0.16,-0.08
0.01873,0,-0.08
0.01874,-0.08,-0.08
0.01875,-0.16,-0.08
0.01876,-0.08,-0.08
0.01877,-0.08,-0.08
0.01878,-0.08,-0.08
0.01879,-0.08,-0.08
0.0188,-0.08,-0.08
0.01881,-0.24,-0.16
0.01882,-0.08,-0.08
0.01883,0,-0.08
0.01884,-0.08,0
0.01885,-0.16,-0.08
0.01886,-0.08,-0.08
0.01887,-0.16,-0.16
0.01888,-0.08,-0.08
0.01889,-0.08,-0.08
0.0189,-0.16,-0.08
0.01891,-0.08,-0.08
0.01892,0,-0.08
0.01893,-0.08,-0.08
0.01894,-0.08,-0.08
0.01895,-0.08,0
0.01896,-0.08,0
0.01897,-0.16,-0.08
0.01898,-0.16,-0.08
0.01899,-0.16,-0.08
0.019,-0.16,-0.08
0.01901,-0.16,-0.08
0.01902,-0.08,-0.08
0.01903,-0.08,-0.08
0.01904,-0.08,-0.08
0.01905,-0.08,-0.08
0.01906,-0.08,0
0.01907,-0.08,0
0.01908,0,-0.08
0.01909,-0.08,-0.08
0.0191,-0.16,0
0.01911,-0.16,-0.08
0.01912,-0.16,-0.24
0.01913,-0.08,-0.08
0.01914,-0.08,-0.08
0.01915,-0.08,-0.08
0.01916,-0.08,0
0.01917,-0.08,0
0.01918,-0.08,0
0.01919,-0.08,-0.08
0.0192,0,-0.08
0.01921,-0.08,-0.08
0.01922,-0.16,-0.08
0.01923,-0.16,-0.08
0.01924,-0.16,-0.08
0.01925,-0.08,-0.08
0.01926,-0.08,-0.08
0.01927,-0.16,0
0.01928,-0.16,-0.08
0.01929,-0.08,-0.08
0.0193,-0.16,-0.08
0.01931,-0.08,-0.08
0.01932,-0.08,-0.08
0.01933,-0.16,-0.08
0.01934,-0.16,0
0.01935,-0.08,-0.08
0.01936,0,-0.08
0.01937,-0.08,-0.08
0.01938,0,-0.08
0.01939,-0.08,-0.08
0.0194,-0.08,-0.08
0.01941,-0.16,-0.08
0.01942,-0.08,-0.08
0.01943,0,-0.08
0.01944,-0.08,-0.08
0.01945,0,-0.08
0.01946,0,-0.08
0.01947,-0.08,-0.08
0.01948,-0.08,0
0.01949,-0.08,0
0.0195,0,-0.08
0.01951,-0.08,-0.08
0.01952,-0.08,-0.08
0.01953,-0.08,0
0.01954,-0.16,-0.08
0.01955,-0.08,-0.08
0.01956,-0.08,-0.08
0.01957,-0.08,-0.16
0.01958,-0.08,-0.08
0.01959,0,-0.08
0.0196,-0.08,-0.08
0.01961,0,-0.08
0.01962,0,0
0.01963,-0.08,0
0.01964,-0.08,-0.16
0.01965,0,-0.16
0.01966,0,-0.08
0.01967,-0.08,-0.08
0.01968,-0.08,0
0.01969,-0.08,-0.08
0.0197,-0.08,-0.08
0.01971,-0.08,-0.08
0.01972,0,0
0.01973,-0.08,-0.08
0.01974,-0.16,-0.08
0.01975,-0.08,-0.08
0.01976,-0.08,-0.08
0.01977,-0.08,-0.08
0.01978,-0.08,-0.08
0.01979,-0.08,-0.08
0.0198,-0.16,-0.08
0.01981,-0.08,-0.08
0.01982,-0.08,-0.08
0.01983,-0.16,-0.08
0.01984,-0.08,-0.08
0.01985,-0.08,0
0.01986,-0.16,0
0.01987,-0.08,-0.08
0.01988,-0.08,-0.08
0.01989,-0.16,0
0.0199,-0.08,0
0.01991,-0.16,0
0.01992,-0.16,0
0.01993,-0.16,-0.08
0.01994,-0.08,-0.08
0.01995,-0.08,-0.16
0.01996,-0.08,-0.08
0.01997,-0.08,-0.08
0.01998,-0.08,-0.08
0.01999,-0.08,0
0.02,-0.08,-0.08
0.02001,-0.08,0
0.02002,-0.08,0
0.02003,-0.16,-0.08
0.02004,-0.16,-0.08
0.02005,-0.08,-0.08
0.02006,-0.08,-0.16
0.02007,-0.08,-0.16
0.02008,-0.16,-0.08
0.02009,-0.08,-0.16
0.0201,-0.08,-0.08
0.02011,-0.16,0
0.02012,-0.08,-0.08
0.02013,-0.08,0
0.02014,-0.08,-0.08
0.02015,-0.08,-0.08
0.02016,0,-0.08
0.02017,-0.08,-0.08
0.02018,-0.08,-0.08
0.02019,-0.08,-0.16
