1.1522,0.04,0.02
1.1522,0.06,0.06
1.1522,0.04,-0.02
1.1522,0.02,-0.04
1.1522,0.04,0
1.1523,0.02,0.12
1.1523,0.02,0.08
1.1523,-0.02,0.06
1.1523,0.04,0.1
1.1523,0.04,0.04
1.1523,0,0.02
1.1523,0,0.04
1.1523,-0.04,0.04
1.1523,-0.08,0.06
1.1523,0,0.06
1.1524,0,0.08
1.1524,-0.04,0.12
1.1524,0,0.06
1.1524,-0.02,0.08
1.1524,0,0.1
1.1524,-0.04,0.02
1.1524,-0.02,0.1
1.1524,0,0.14
1.1524,0,0.14
1.1524,0.02,0.16
1.1525,0,0.08
1.1525,-0.04,0.06
1.1525,-0.08,0.06
1.1525,-0.02,0.1
1.1525,-0.02,0.06
1.1525,-0.06,0.08
1.1525,-0.06,0.1
1.1525,-0.02,0.08
1.1525,-0.04,0.1
1.1525,-0.04,0.12
1.1526,-0.06,0.1
1.1526,-0.04,0.1
1.1526,-0.04,0.14
1.1526,-0.02,0.14
1.1526,-0.04,0.1
1.1526,-0.02,0.1
1.1526,-0.08,0.1
1.1526,-0.08,0.08
1.1526,-0.02,0.06
1.1526,-0.06,0.14
1.1527,0,0.1
1.1527,-0.06,0.14
1.1527,-0.04,0.14
1.1527,0,0.16
1.1527,0.04,0.2
1.1527,0,0.12
1.1527,-0.02,0.18
1.1527,-0.04,0.14
1.1527,-0.08,0.2
1.1527,-0.06,0.1
1.1527,0.02,0.08
1.1528,-0.02,0.08
1.1528,-0.04,0.06
1.1528,-0.02,0.1
1.1528,-0.02,0.16
1.1528,-0.02,0.1
1.1528,-0.04,0.08
1.1528,-0.02,0.14
1.1528,-0.1,0.14
1.1528,-0.08,0.14
1.1528,-0.08,0.14
1.1529,-0.04,0.14
1.1529,-0.02,0.14
1.1529,-0.02,0.14
1.1529,-0.06,0.16
1.1529,-0.04,0.14
1.1529,-0.02,0.1
1.1529,0.04,0.16
1.1529,-0.02,0.16
1.1529,0,0.12
1.1529,0,0.1
1.153,0,0.1
1.153,0,0.08
1.153,0.04,0.16
1.153,-0.02,0.06
1.153,0,0.1
1.153,-0.02,0.14
1.153,-0.02,0.08
1.153,0,0.1
1.153,0.04,0.06
1.153,0.04,0.08
1.1531,-0.02,0.14
1.1531,0,0.14
1.1531,0,0.12
1.1531,0,0.08
1.1531,-0.02,0.08
1.1531,0.04,0.1
1.1531,0.02,0.08
1.1531,-0.02,0.08
1.1531,0.02,0.1
1.1531,-0.02,0.12
1.1532,-0.06,0.1
1.1532,0,0.1
1.1532,0,0.12
1.1532,0.02,0.1
1.1532,0.02,0.14
1.1532,0,0.16
1.1532,0.02,0.14
1.1532,0,0.12
1.1532,0,0.1
1.1532,0.08,0.16
1.1533,0,0.14
1.1533,0,0.16
1.1533,0.04,0.2
1.1533,0,0.18
1.1533,-0.04,0.16
1.1533,0,0.1
1.1533,0,0.1
1.1533,-0.06,0.06
1.1533,-0.06,0.1
1.1533,-0.02,0.14
1.1534,-0.04,0.06
1.1534,0.04,0.06
1.1534,0,0.14
1.1534,0,0.12
1.1534,0,0.16
1.1534,-0.02,0.1
1.1534,0.02,0.08
1.1534,0,0.06
1.1534,0.02,0.14
1.1534,-0.02,0.08
1.1535,0,0.08
1.1535,0,0.08
1.1535,0,0.14
1.1535,0,0.16
1.1535,0,0.16
1.1535,-0.02,0.1
1.1535,-0.02,0.14
1.1535,0.04,0.14
1.1535,0.02,0.08
1.1535,-0.02,0.14
1.1536,-0.04,0.12
1.1536,0.04,0.1
1.1536,0.02,0.1
1.1536,0,0.1
1.1536,0.02,0.1
1.1536,0,0.08
1.1536,0.04,0.08
1.1536,0,0.1
1.1536,0.04,0.08
1.1536,-0.04,0.08
1.1537,0,0.06
1.1537,0,0.1
1.1537,0.04,0.08
1.1537,0.1,0.08
1.1537,0.08,0.1
1.1537,0.04,0.1
1.1537,-0.02,0.12
1.1537,0,0.1
1.1537,0.06,0.1
1.1537,0.04,0.12
1.1538,0.02,0.1
1.1538,0.02,0.08
1.1538,0,0.12
1.1538,-0.02,0.08
1.1538,0,0.1
1.1538,0.04,0.14
1.1538,0.06,0.16
1.1538,-0.02,0.08
1.1538,-0.02,0.16
1.1538,-0.02,0.1
1.1539,-0.04,0.1
1.1539,-0.02,0.16
1.1539,-0.06,0.18
1.1539,-0.04,0.14
1.1539,-0.08,0.04
1.1539,-0.1,0.04
1.1539,-0.02,0.06
1.1539,-0.04,0.12
1.1539,-0.06,0.1
1.1539,-0.02,0.12
1.154,0,0.06
1.154,0,0.04
1.154,0,0.1
1.154,-0.04,0.12
1.154,-0.06,0.08
1.154,-0.06,0
1.154,0,0.14
1.154,-0.06,0.08
1.154,-0.06,0.12
1.154,-0.06,0.12
1.1541,-0.02,0.06
1.1541,-0.04,0.08
1.1541,-0.06,0.14
1.1541,0.02,0.1
1.1541,0.04,0.06
1.1541,0.04,0.06
1.1541,-0.02,0.12
1.1541,0.02,0.1
1.1541,-0.02,0.08
1.1541,0.02,0.08
1.1542,0.02,0.12
1.1542,0.02,0.1
1.1542,0,0.06
1.1542,-0.02,0.06
1.1542,-0.08,0.1
1.1542,-0.02,0.1
1.1542,-0.04,0.1
1.1542,0,0.14
1.1542,0,0.12
1.1543,0,0.1
1.1543,0.02,0.06
1.1543,-0.02,0.08
1.1543,-0.08,0.08
1.1543,-0.08,0.04
1.1543,-0.02,0.04
1.1543,0,0.06
1.1543,0.02,0.14
1.1543,0.02,0.1
1.1543,0.06,0.14
1.1544,0,0.18
1.1544,-0.02,0.2
1.1544,0.02,0.14
1.1544,-0.02,0.14
1.1544,-0.04,0.12
1.1544,0.04,0.16
1.1544,0.06,0.16
1.1544,0,0.1
1.1544,-0.02,0.06
1.1544,-0.08,0.14
1.1545,-0.02,0.16
1.1545,-0.02,0.18
1.1545,-0.06,0.12
1.1545,-0.06,0.14
1.1545,-0.02,0.14
1.1545,-0.02,0.14
1.1545,-0.04,0.14
1.1545,0,0.12
1.1545,0.04,0.08
1.1545,0,0.12
1.1546,0.04,0.14
1.1546,-0.02,0.12
1.1546,-0.02,0.16
1.1546,0.02,0.16
1.1546,-0.02,0.16
1.1546,-0.04,0.14
1.1546,-0.06,0.1
1.1546,-0.02,0.18
1.1546,0,0.18
1.1546,0,0.24
1.1547,0,0.24
1.1547,0,0.16
1.1547,0,0.14
1.1547,0,0.16
1.1547,-0.02,0.22
1.1547,0.04,0.18
1.1547,0.04,0.16
1.1547,0.08,0.14
1.1547,0.08,0.2
1.1547,0,0.22
1.1547,-0.02,0.22
1.1548,0,0.24
1.1548,0.06,0.24
1.1548,0,0.28
1.1548,0.04,0.26
1.1548,-0.02,0.14
1.1548,0,0.2
1.1548,0.04,0.22
1.1548,0.02,0.22
1.1548,0,0.24
1.1548,0,0.22
1.1549,0.02,0.24
1.1549,0.08,0.24
1.1549,0.04,0.24
1.1549,0,0.24
1.1549,0.04,0.22
1.1549,0.08,0.22
1.1549,0.06,0.22
1.1549,0.06,0.24
1.1549,0.1,0.24
1.1549,0.08,0.22
1.155,0.08,0.22
1.155,0.12,0.24
1.155,0.04,0.26
1.155,0.06,0.24
1.155,0.04,0.3
1.155,0.06,0.3
1.155,0.12,0.28
1.155,0.12,0.26
1.155,0.12,0.26
1.155,0.14,0.28
1.1551,0.1,0.26
1.1551,0.02,0.28
1.1551,0,0.24
1.1551,0.02,0.3
1.1551,0.06,0.28
1.1551,0.08,0.26
1.1551,0.1,0.22
1.1551,0.06,0.22
1.1551,0.06,0.22
1.1551,0.08,0.28
1.1552,0,0.26
1.1552,0.04,0.3
1.1552,0.14,0.32
1.1552,0.18,0.26
1.1552,0.18,0.28
1.1552,0.14,0.26
1.1552,0.16,0.28
1.1552,0.18,0.28
1.1552,0.14,0.28
1.1552,0.14,0.24
1.1553,0.1,0.22
1.1553,0.16,0.28
1.1553,0.14,0.28
1.1553,0.1,0.32
1.1553,0.12,0.4
1.1553,0.14,0.4
1.1553,0.18,0.3
1.1553,0.16,0.28
1.1553,0.16,0.3
1.1553,0.14,0.3
1.1554,0.1,0.26
1.1554,0.2,0.32
1.1554,0.18,0.26
1.1554,0.2,0.26
1.1554,0.14,0.32
1.1554,0.16,0.3
1.1554,0.12,0.24
1.1554,0.22,0.26
1.1554,0.22,0.32
1.1554,0.2,0.34
1.1555,0.14,0.3
1.1555,0.14,0.28
1.1555,0.16,0.32
1.1555,0.2,0.28
1.1555,0.26,0.34
1.1555,0.22,0.32
1.1555,0.24,0.36
1.1555,0.28,0.32
1.1555,0.26,0.3
1.1555,0.3,0.32
1.1556,0.24,0.36
1.1556,0.24,0.34
1.1556,0.24,0.34
1.1556,0.2,0.34
1.1556,0.24,0.28
1.1556,0.22,0.28
1.1556,0.24,0.3
1.1556,0.22,0.22
1.1556,0.2,0.28
1.1556,0.24,0.24
1.1557,0.26,0.22
1.1557,0.28,0.28
1.1557,0.28,0.28
1.1557,0.3,0.28
1.1557,0.26,0.3
1.1557,0.26,0.3
1.1557,0.32,0.32
1.1557,0.3,0.32
1.1557,0.3,0.32
1.1557,0.3,0.26
1.1558,0.3,0.24
1.1558,0.26,0.28
1.1558,0.32,0.3
1.1558,0.38,0.22
1.1558,0.36,0.32
1.1558,0.32,0.28
1.1558,0.34,0.3
1.1558,0.32,0.3
1.1558,0.36,0.24
1.1558,0.34,0.28
1.1559,0.4,0.28
1.1559,0.4,0.32
1.1559,0.38,0.3
1.1559,0.34,0.32
1.1559,0.36,0.3
1.1559,0.4,0.32
1.1559,0.42,0.32
1.1559,0.4,0.32
1.1559,0.38,0.3
1.1559,0.4,0.24
1.156,0.36,0.26
1.156,0.38,0.26
1.156,0.4,0.28
1.156,0.4,0.28
1.156,0.42,0.28
1.156,0.42,0.3
1.156,0.44,0.28
1.156,0.46,0.3
1.156,0.44,0.32
1.156,0.4,0.3
1.1561,0.4,0.3
1.1561,0.4,0.26
1.1561,0.4,0.26
1.1561,0.42,0.3
1.1561,0.44,0.34
1.1561,0.44,0.3
1.1561,0.46,0.3
1.1561,0.42,0.16
1.1561,0.5,0.14
1.1561,0.42,0.14
1.1562,0.46,0.16
1.1562,0.5,0.22
1.1562,0.5,0.24
1.1562,0.46,0.28
1.1562,0.42,0.24
1.1562,0.44,0.22
1.1562,0.5,0.2
1.1562,0.44,0.24
1.1562,0.46,0.24
1.1563,0.42,0.22
1.1563,0.5,0.18
1.1563,0.46,0.26
1.1563,0.44,0.26
1.1563,0.46,0.22
1.1563,0.52,0.22
1.1563,0.52,0.18
1.1563,0.48,0.14
1.1563,0.5,0.12
1.1563,0.48,0.16
1.1564,0.48,0.16
1.1564,0.5,0.24
1.1564,0.48,0.16
1.1564,0.46,0.22
1.1564,0.46,0.12
1.1564,0.46,0.14
1.1564,0.46,0.14
1.1564,0.52,0.16
1.1564,0.52,0.14
1.1564,0.5,0.18
1.1565,0.52,0.12
1.1565,0.56,0.1
1.1565,0.5,0.18
1.1565,0.44,0.14
1.1565,0.4,0.16
1.1565,0.44,0.08
1.1565,0.5,0.12
1.1565,0.52,0.1
1.1565,0.54,0.12
1.1565,0.52,0.14
1.1566,0.46,0.14
1.1566,0.48,0.08
1.1566,0.5,0.14
1.1566,0.5,0.16
1.1566,0.48,0.1
1.1566,0.42,0.12
1.1566,0.52,0.14
1.1566,0.48,0.06
1.1566,0.44,0.04
1.1566,0.46,0.08
1.1567,0.46,0.08
1.1567,0.52,0.12
1.1567,0.46,0.1
1.1567,0.42,0.08
1.1567,0.46,0.04
1.1567,0.52,0.08
1.1567,0.5,0.08
1.1567,0.52,0.06
1.1567,0.46,-0.02
1.1567,0.42,0.04
1.1567,0.44,0.06
1.1568,0.44,0.04
1.1568,0.5,0.04
1.1568,0.48,0.04
1.1568,0.44,0.02
1.1568,0.46,0.02
1.1568,0.48,0.06
1.1568,0.44,0.06
1.1568,0.5,0.04
1.1568,0.5,-0.02
1.1568,0.46,-0.02
1.1569,0.42,0.04
1.1569,0.46,0.06
1.1569,0.4,0.06
1.1569,0.46,-0.02
1.1569,0.48,0
1.1569,0.48,0.02
1.1569,0.4,0
1.1569,0.34,-0.06
1.1569,0.38,-0.02
1.1569,0.44,0
1.157,0.42,0.02
1.157,0.38,-0.02
1.157,0.36,-0.02
1.157,0.36,-0.02
1.157,0.4,0.02
1.157,0.4,0
1.157,0.4,0
1.157,0.38,0
1.157,0.38,-0.02
1.157,0.36,0
1.1571,0.38,-0.08
1.1571,0.38,-0.04
1.1571,0.38,-0.06
1.1571,0.44,-0.04
1.1571,0.42,-0.08
1.1571,0.4,-0.06
1.1571,0.4,-0.02
1.1571,0.42,-0.1
1.1571,0.4,-0.06
1.1571,0.36,-0.08
1.1572,0.38,-0.08
1.1572,0.36,-0.12
1.1572,0.4,-0.08
1.1572,0.38,-0.1
1.1572,0.34,-0.1
1.1572,0.34,-0.1
1.1572,0.34,-0.06
1.1572,0.3,-0.1
1.1572,0.3,-0.1
1.1572,0.36,-0.1
1.1573,0.32,-0.1
1.1573,0.3,-0.08
1.1573,0.3,-0.1
1.1573,0.3,-0.14
1.1573,0.3,-0.18
1.1573,0.26,-0.14
1.1573,0.28,-0.08
1.1573,0.32,-0.06
1.1573,0.34,-0.1
1.1573,0.32,-0.1
1.1574,0.3,-0.08
1.1574,0.28,-0.14
1.1574,0.28,-0.12
1.1574,0.28,-0.08
1.1574,0.3,-0.1
1.1574,0.3,-0.14
1.1574,0.3,-0.14
1.1574,0.28,-0.12
1.1574,0.24,-0.12
1.1574,0.26,-0.12
1.1575,0.28,-0.16
1.1575,0.28,-0.16
1.1575,0.28,-0.12
1.1575,0.3,-0.1
1.1575,0.22,-0.08
1.1575,0.24,-0.1
1.1575,0.22,-0.1
1.1575,0.24,-0.1
1.1575,0.22,-0.16
1.1575,0.3,-0.14
1.1576,0.26,-0.08
1.1576,0.28,-0.08
1.1576,0.28,-0.12
1.1576,0.26,-0.16
1.1576,0.28,-0.12
1.1576,0.28,-0.12
1.1576,0.22,-0.06
1.1576,0.16,-0.14
1.1576,0.2,-0.1
1.1576,0.18,-0.2
1.1577,0.18,-0.2
1.1577,0.22,-0.18
1.1577,0.22,-0.12
1.1577,0.2,-0.14
1.1577,0.18,-0.14
1.1577,0.2,-0.14
1.1577,0.2,-0.2
1.1577,0.24,-0.12
1.1577,0.24,-0.18
1.1577,0.16,-0.16
1.1578,0.2,-0.14
1.1578,0.18,-0.08
1.1578,0.2,-0.1
1.1578,0.2,-0.14
1.1578,0.2,-0.12
1.1578,0.14,-0.18
1.1578,0.14,-0.16
1.1578,0.12,-0.14
1.1578,0.12,-0.1
1.1578,0.14,-0.2
1.1579,0.08,-0.18
1.1579,0.1,-0.12
1.1579,0.14,-0.12
1.1579,0.2,-0.18
1.1579,0.08,-0.12
1.1579,0.08,-0.14
1.1579,0.08,-0.16
1.1579,0.04,-0.12
1.1579,0.1,-0.14
1.1579,0.12,-0.12
1.158,0.12,-0.1
1.158,0.14,-0.1
1.158,0.06,-0.12
1.158,0.08,-0.14
1.158,0.04,-0.2
1.158,0.06,-0.16
1.158,0,-0.14
1.158,0.08,-0.16
1.158,0.08,-0.2
1.158,0.08,-0.12
1.1581,0.1,-0.08
1.1581,0.06,-0.1
1.1581,0.08,-0.14
1.1581,0.06,-0.16
1.1581,0.06,-0.14
1.1581,0,-0.12
1.1581,0.04,-0.14
1.1581,0.04,-0.16
1.1581,0,-0.16
1.1581,0.06,-0.1
1.1582,0.02,-0.1
1.1582,0.04,-0.14
1.1582,-0.02,-0.12
1.1582,0,-0.04
1.1582,-0.02,-0.14
1.1582,-0.04,-0.16
1.1582,0,-0.14
1.1582,0.02,-0.16
1.1582,0.04,-0.16
1.1583,0,-0.12
1.1583,0,-0.1
1.1583,0.02,-0.12
1.1583,-0.02,-0.16
1.1583,0,-0.1
1.1583,0,-0.16
1.1583,0.02,-0.14
1.1583,0.04,-0.16
1.1583,-0.02,-0.18
1.1583,0,-0.16
1.1584,-0.02,-0.08
1.1584,-0.02,-0.12
1.1584,0,-0.1
1.1584,-0.02,-0.06
1.1584,0.02,0
1.1584,-0.02,-0.02
1.1584,-0.02,-0.12
1.1584,0.02,-0.08
1.1584,-0.02,-0.1
1.1584,0,-0.1
1.1585,-0.02,-0.1
1.1585,0.04,-0.1
1.1585,0,-0.02
1.1585,0,-0.04
1.1585,0.02,-0.06
1.1585,0,-0.1
1.1585,-0.02,-0.1
1.1585,-0.02,-0.1
1.1585,-0.02,-0.12
1.1585,-0.02,-0.08
1.1586,0,-0.08
1.1586,-0.02,-0.12
1.1586,-0.04,-0.04
1.1586,-0.1,-0.08
1.1586,-0.02,-0.12
1.1586,0.04,-0.1
1.1586,0,-0.08
1.1586,0,-0.06
1.1586,-0.04,-0.08
1.1586,-0.04,-0.08
1.1587,-0.04,-0.08
1.1587,-0.04,-0.08
1.1587,-0.08,0
1.1587,-0.06,-0.04
1.1587,-0.06,-0.04
1.1587,0,0
1.1587,-0.02,0
1.1587,-0.04,-0.04
1.1587,-0.06,-0.08
1.1587,-0.08,-0.06
1.1587,0,-0.12
1.1588,0,-0.04
1.1588,-0.02,0
1.1588,-0.06,-0.02
1.1588,-0.08,-0.04
1.1588,-0.06,-0.02
1.1588,-0.08,0
1.1588,-0.02,-0.02
1.1588,-0.06,-0.02
1.1588,-0.08,-0.06
1.1588,-0.04,-0.02
1.1589,0,0
1.1589,-0.08,-0.02
1.1589,-0.06,-0.02
1.1589,-0.12,0
1.1589,-0.12,0
1.1589,-0.12,-0.02
1.1589,-0.08,0
1.1589,-0.06,-0.04
1.1589,-0.04,-0.02
1.1589,-0.06,0
1.159,0,-0.06
1.159,-0.04,-0.02
1.159,-0.02,0
1.159,0,0.02
1.159,-0.04,0
1.159,-0.08,-0.02
1.159,-0.04,-0.06
1.159,-0.04,-0.1
1.159,-0.02,-0.06
1.159,-0.08,0
1.1591,-0.04,-0.02
1.1591,-0.02,0
1.1591,-0.02,-0.04
1.1591,-0.08,-0.02
1.1591,-0.06,0.02
1.1591,-0.04,0.06
1.1591,-0.06,-0.02
1.1591,-0.08,0
1.1591,-0.02,-0.08
1.1591,-0.04,-0.04
1.1592,-0.06,0.02
1.1592,-0.14,-0.04
1.1592,-0.12,-0.02
1.1592,-0.06,0.04
1.1592,0,0
1.1592,-0.14,-0.02
1.1592,-0.12,-0.08
1.1592,-0.1,0
1.1592,-0.08,0
1.1592,-0.12,-0.04
1.1593,-0.06,-0.1
1.1593,-0.06,-0.08
1.1593,-0.08,-0.04
1.1593,-0.1,-0.1
1.1593,-0.04,-0.08
1.1593,-0.06,0
1.1593,-0.14,0
1.1593,-0.1,0.02
1.1593,-0.1,0.04
1.1593,-0.04,0.02
1.1594,-0.02,-0.02
1.1594,-0.1,-0.02
1.1594,-0.1,-0.06
1.1594,-0.1,0
1.1594,-0.08,0.02
1.1594,-0.08,-0.02
1.1594,-0.06,-0.02
1.1594,-0.08,-0.04
1.1594,-0.12,0.02
1.1594,-0.08,0.04
1.1595,-0.02,0.02
1.1595,-0.1,-0.02
1.1595,-0.08,0.04
1.1595,-0.1,0.04
1.1595,-0.06,-0.02
1.1595,-0.08,0.02
1.1595,-0.08,0.04
1.1595,-0.06,0.08
1.1595,-0.1,0.02
1.1595,-0.08,0.06
1.1596,-0.06,0.08
1.1596,-0.06,0.04
1.1596,-0.1,0.04
1.1596,-0.1,0.02
1.1596,-0.1,0.02
1.1596,-0.12,0.04
1.1596,-0.1,0
1.1596,-0.12,0.02
1.1596,-0.06,0.06
1.1596,0.02,0.04
1.1597,-0.06,0.08
1.1597,-0.14,0.06
1.1597,-0.16,0.02
1.1597,-0.18,-0.04
1.1597,-0.16,-0.04
1.1597,-0.16,-0.02
1.1597,-0.16,0
1.1597,-0.16,-0.06
1.1597,-0.14,-0.08
1.1597,-0.08,-0.04
1.1598,-0.08,-0.04
1.1598,-0.1,0.04
1.1598,-0.08,0.02
1.1598,-0.06,-0.02
1.1598,-0.08,-0.02
1.1598,-0.08,0.04
1.1598,-0.08,0
1.1598,-0.08,-0.02
1.1598,-0.08,0
1.1598,-0.1,0
1.1599,-0.04,0
1.1599,-0.06,-0.02
1.1599,-0.08,0
1.1599,-0.1,0.04
1.1599,-0.12,-0.04
1.1599,-0.1,0
1.1599,-0.16,0.04
1.1599,-0.16,0.04
1.1599,-0.12,0
1.1599,-0.06,-0.02
1.16,-0.04,-0.04
1.16,-0.06,-0.02
1.16,-0.02,-0.1
1.16,-0.08,-0.04
1.16,-0.12,-0.02
1.16,-0.14,0.06
1.16,-0.08,0.04
1.16,-0.06,0
1.16,-0.1,-0.02
1.16,-0.12,0
1.1601,-0.12,-0.02
1.1601,-0.14,-0.06
1.1601,-0.1,0
1.1601,-0.08,0.02
1.1601,-0.04,0
1.1601,-0.06,0.04
1.1601,-0.08,-0.04
1.1601,-0.06,0
1.1601,-0.06,-0.04
1.1601,-0.06,-0.06
1.1602,-0.08,-0.04
1.1602,-0.08,0.02
1.1602,0,-0.02
1.1602,-0.06,-0.04
1.1602,-0.06,-0.02
1.1602,-0.1,-0.02
1.1602,-0.08,0
1.1602,-0.1,-0.02
1.1602,-0.06,-0.02
1.1602,-0.06,-0.04
1.1603,-0.08,0
1.1603,-0.16,-0.04
1.1603,-0.14,-0.02
1.1603,-0.14,0
1.1603,-0.16,0.04
1.1603,-0.14,0
1.1603,-0.1,0.02
1.1603,-0.08,0
1.1603,-0.06,0
1.1604,-0.08,0
1.1604,-0.12,0
1.1604,-0.04,0.04
1.1604,0,0
1.1604,-0.1,0.02
1.1604,-0.08,0.02
1.1604,-0.08,0.06
1.1604,-0.1,0.06
1.1604,-0.12,0.04
1.1604,-0.06,0.06
1.1605,-0.06,-0.02
1.1605,-0.06,0.02
1.1605,-0.1,0.04
1.1605,-0.12,0.04
1.1605,-0.12,0
1.1605,-0.08,0
1.1605,-0.06,0
1.1605,-0.18,0.06
1.1605,-0.16,0
1.1605,-0.1,0
1.1606,-0.08,0.02
1.1606,-0.1,0.1
1.1606,-0.08,0.06
1.1606,-0.08,0.02
1.1606,-0.06,-0.06
1.1606,-0.1,-0.04
1.1606,-0.14,0
1.1606,-0.12,-0.02
1.1606,-0.04,-0.04
1.1606,-0.1,-0.02
1.1607,-0.08,-0.02
1.1607,-0.08,-0.02
1.1607,-0.08,0
1.1607,-0.1,0.04
1.1607,-0.08,0
1.1607,-0.1,0.04
1.1607,-0.06,-0.06
1.1607,-0.04,-0.08
1.1607,-0.08,0
1.1607,0,0.04
1.1607,-0.06,0.02
1.1608,-0.14,-0.04
1.1608,-0.08,0
1.1608,-0.06,0
1.1608,-0.1,0.02
1.1608,-0.06,0.02
1.1608,-0.1,0
1.1608,-0.12,0
1.1608,-0.08,0
1.1608,0.04,0.02
1.1608,0.02,0.04
1.1609,-0.02,0.06
1.1609,-0.02,0.04
1.1609,-0.08,0.02
1.1609,-0.1,0.02
1.1609,-0.08,0.04
1.1609,-0.04,0
1.1609,0,0.02
1.1609,-0.06,0.02
1.1609,-0.08,0.02
1.1609,-0.04,-0.04
1.161,-0.06,-0.02
1.161,-0.08,0
1.161,-0.04,0
1.161,-0.06,0.02
1.161,0,0.1
1.161,-0.08,0.06
1.161,-0.08,0.06
1.161,-0.12,0.08
1.161,-0.12,0.04
1.161,-0.12,-0.02
1.1611,-0.12,0
1.1611,-0.12,0
1.1611,-0.06,-0.04
1.1611,-0.12,0
1.1611,-0.12,-0.02
1.1611,-0.08,0.04
1.1611,-0.1,0.06
1.1611,-0.06,0.02
1.1611,-0.08,0.04
1.1611,-0.08,0.02
1.1612,-0.06,0.04
1.1612,-0.06,0
1.1612,-0.06,0.04
1.1612,-0.06,0.04
1.1612,-0.06,0.02
1.1612,-0.02,0
1.1612,0,0
1.1612,-0.02,-0.02
1.1612,-0.06,0.06
1.1612,-0.04,0.08
1.1613,-0.04,0.04
1.1613,-0.04,-0.02
1.1613,-0.12,0.1
1.1613,-0.06,0.04
1.1613,-0.08,0.02
1.1613,-0.12,0
1.1613,0,0
1.1613,-0.04,0.04
1.1613,0,0.08
1.1613,-0.06,0.04
1.1614,-0.06,0.06
1.1614,-0.04,0
1.1614,-0.06,0
1.1614,-0.12,0
1.1614,-0.1,0.06
1.1614,-0.1,0.06
1.1614,-0.08,0.06
1.1614,-0.04,0.04
1.1614,-0.06,0.04
1.1614,-0.1,0.04
1.1615,-0.08,0.04
1.1615,-0.06,0.04
1.1615,-0.04,0.06
1.1615,-0.04,0.04
1.1615,-0.04,0.06
1.1615,-0.06,0
1.1615,-0.02,0.04
1.1615,-0.04,0.04
1.1615,-0.06,0.02
1.1615,-0.06,0.02
1.1616,-0.02,0
1.1616,-0.06,0.06
1.1616,-0.02,0.02
1.1616,-0.02,0
1.1616,-0.02,0.04
1.1616,0,0.06
1.1616,0,0.02
1.1616,-0.06,0.02
1.1616,-0.02,0.04
1.1616,-0.04,0.04
1.1617,-0.02,0.02
1.1617,-0.04,-0.02
1.1617,-0.06,0
1.1617,-0.04,0.06
1.1617,-0.04,0.1
1.1617,-0.14,0.1
1.1617,-0.14,0.06
1.1617,-0.04,0
1.1617,-0.06,0
1.1617,0,0.04
1.1618,-0.02,0.06
1.1618,0,0.04
1.1618,-0.06,0.06
1.1618,-0.04,0.04
1.1618,-0.06,0.08
1.1618,-0.08,0.02
1.1618,-0.08,0.04
1.1618,-0.1,0.06
1.1618,-0.08,0.04
1.1618,-0.08,0.02
1.1619,-0.12,0.06
1.1619,-0.08,0.08
1.1619,-0.12,0.04
1.1619,-0.06,0.02
1.1619,-0.02,0
1.1619,-0.04,0
1.1619,-0.1,-0.04
1.1619,-0.12,0.02
1.1619,-0.06,0
1.1619,-0.06,0.04
1.162,-0.06,0.04
1.162,-0.06,0
1.162,-0.1,0.02
1.162,-0.02,0.02
1.162,-0.06,0.02
1.162,-0.02,-0.02
1.162,-0.04,0.04
1.162,-0.08,0.04
1.162,-0.06,0.04
1.162,-0.04,0
1.1621,0.02,0.02
1.1621,0,0
1.1621,-0.06,0.04
1.1621,-0.04,0.04
1.1621,-0.04,0.02
1.1621,0,0.06
1.1621,-0.04,0.06
1.1621,-0.08,0.06
1.1621,-0.12,0.06
1.1621,-0.16,-0.04
1.1622,-0.12,0
1.1622,-0.1,0
1.1622,-0.08,0.08
1.1622,-0.06,0.08
1.1622,-0.12,0.02
1.1622,-0.1,0.08
1.1622,-0.12,0.08
1.1622,-0.16,0.08
1.1622,-0.12,0.06
1.1622,0,0.12
1.1623,0.02,0.04
1.1623,-0.04,0.06
1.1623,-0.06,0.06
1.1623,-0.06,0
1.1623,0,0.04
1.1623,-0.06,0.04
1.1623,-0.08,0.1
1.1623,-0.06,0.04
1.1623,-0.08,0
1.1624,-0.1,0.02
1.1624,-0.02,0.02
1.1624,0.02,0.06
1.1624,-0.04,0.08
1.1624,-0.08,0.06
1.1624,-0.04,0.06
1.1624,-0.06,0.06
1.1624,-0.02,0.02
1.1624,0.04,0
1.1624,-0.04,0.04
1.1625,-0.06,0
1.1625,-0.08,0.04
1.1625,-0.06,0.04
1.1625,-0.02,0.02
1.1625,-0.02,0.02
1.1625,-0.08,0.02
1.1625,-0.04,0.04
1.1625,-0.08,0
1.1625,-0.08,-0.04
1.1625,-0.02,0
1.1626,-0.1,0
1.1626,-0.08,0.02
1.1626,-0.02,0.04
1.1626,-0.04,0
1.1626,-0.02,0.06
1.1626,-0.06,0.06
1.1626,-0.14,0.04
1.1626,-0.12,0.06
1.1626,-0.1,0
1.1626,-0.08,0
1.1627,-0.12,0
1.1627,-0.08,-0.02
1.1627,-0.12,0.04
1.1627,-0.1,0.06
1.1627,-0.04,0.06
1.1627,-0.02,0.02
1.1627,-0.06,0.02
1.1627,-0.04,0
1.1627,-0.1,0.04
1.1627,-0.08,0.08
1.1628,-0.12,0.08
1.1628,-0.08,0.04
1.1628,-0.06,-0.02
1.1628,-0.06,0
1.1628,-0.08,0.08
1.1628,-0.1,0.02
1.1628,-0.02,0.02
1.1628,-0.02,0.02
1.1628,-0.02,0.04
1.1628,-0.02,0.06
1.1628,-0.02,0
1.1629,-0.1,0.04
1.1629,-0.06,0.02
1.1629,0.02,0.04
1.1629,-0.02,0.08
1.1629,-0.04,0.06
1.1629,0.02,0.08
1.1629,-0.02,0.04
1.1629,-0.06,0.04
1.1629,-0.02,0.06
1.1629,-0.02,0.02
1.163,-0.06,0.04
1.163,-0.08,0.04
1.163,-0.04,0.02
1.163,-0.02,0
1.163,-0.04,0.04
1.163,-0.08,0.04
1.163,-0.06,0.04
1.163,0.04,0.04
1.163,0,0.04
1.163,-0.06,0.06
1.1631,-0.08,0.04
1.1631,-0.04,0.02
1.1631,-0.02,0
1.1631,-0.08,0.02
1.1631,-0.04,0.08
1.1631,-0.06,0.02
1.1631,-0.04,0.04
1.1631,-0.08,0.04
1.1631,-0.06,0.08
1.1631,-0.12,0.04
1.1632,-0.12,0.02
1.1632,-0.12,-0.04
1.1632,-0.08,-0.02
1.1632,-0.08,0.04
1.1632,-0.14,0
1.1632,-0.06,0.04
1.1632,-0.06,0.02
1.1632,-0.02,0.06
1.1632,-0.04,0.02
1.1632,-0.06,0.02
1.1633,-0.02,0
1.1633,0.02,0.04
1.1633,-0.04,0.08
1.1633,-0.08,0
1.1633,-0.04,0.04
1.1633,-0.08,0.04
1.1633,-0.06,0
1.1633,0.02,-0.02
1.1633,-0.02,0.02
1.1633,-0.02,0.06
1.1634,-0.04,-0.02
1.1634,0.02,-0.02
1.1634,-0.04,0
1.1634,-0.02,0
1.1634,-0.04,0.04
1.1634,-0.1,0.06
1.1634,-0.04,0.04
1.1634,-0.1,0.06
1.1634,-0.06,0.1
1.1634,0.02,0.02
1.1635,-0.02,0.02
1.1635,-0.02,0
1.1635,-0.04,0.04
1.1635,-0.04,0.06
1.1635,-0.02,0.04
1.1635,-0.02,0.04
1.1635,0.02,0.06
1.1635,-0.04,0.08
1.1635,0,0.06
1.1635,0.04,0.06
1.1636,-0.06,0.04
1.1636,-0.1,0.04
1.1636,-0.02,0.02
1.1636,-0.08,0.02
1.1636,-0.08,0.02
1.1636,-0.02,-0.02
1.1636,0.04,0.04
1.1636,0,0.06
1.1636,0.02,0.06
1.1636,0.04,0.06
1.1637,-0.04,0.02
1.1637,-0.06,0
1.1637,-0.04,0.06
1.1637,-0.02,-0.02
1.1637,0,0.04
1.1637,-0.06,0.06
1.1637,-0.02,0.06
1.1637,0.04,0.06
1.1637,-0.04,0.04
1.1637,-0.02,0.06
1.1638,-0.06,0.06
1.1638,-0.08,0.02
1.1638,-0.06,0.06
1.1638,-0.04,0.08
1.1638,-0.02,0.1
1.1638,-0.08,0.1
1.1638,-0.06,0.02
1.1638,-0.1,0.02
1.1638,-0.12,0.02
1.1638,-0.12,0
1.1639,-0.02,0.02
1.1639,-0.06,-0.04
1.1639,-0.06,0
1.1639,-0.1,0.04
1.1639,-0.08,0
1.1639,-0.04,0
1.1639,0,0.02
1.1639,0,0.02
1.1639,-0.02,0.06
1.1639,0.02,0.04
1.164,0,0.06
1.164,-0.02,0.02
1.164,-0.02,0
1.164,-0.02,0.02
1.164,-0.04,-0.02
1.164,-0.08,0.06
1.164,-0.04,0.1
1.164,-0.08,0.1
1.164,-0.16,0.06
1.164,-0.14,0.02
1.1641,-0.08,0.04
1.1641,-0.08,0.02
1.1641,-0.12,0.04
1.1641,-0.1,0
1.1641,-0.1,0.04
1.1641,-0.08,-0.04
1.1641,-0.08,0.06
1.1641,-0.06,0.06
1.1641,-0.06,0.06
1.1641,-0.12,0.04
1.1642,-0.06,0.1
1.1642,-0.08,0.04
1.1642,-0.08,0.04
1.1642,-0.02,0.02
1.1642,-0.06,0.02
1.1642,-0.06,0.04
1.1642,-0.06,0.04
1.1642,-0.08,0
1.1642,-0.08,0
1.1642,-0.04,0.06
1.1643,-0.08,0.06
1.1643,-0.08,0.06
1.1643,-0.08,0.04
1.1643,-0.06,0
1.1643,-0.08,-0.02
1.1643,-0.08,0.04
1.1643,-0.08,0.04
1.1643,-0.06,0
1.1643,-0.08,0.02
1.1644,-0.12,0.02
1.1644,-0.06,0
1.1644,-0.06,0.08
1.1644,-0.06,0.06
1.1644,-0.08,0.06
1.1644,-0.04,0.08
1.1644,-0.06,0.04
1.1644,-0.04,0.02
1.1644,-0.08,0
1.1644,-0.06,0.02
1.1645,-0.1,0.02
1.1645,-0.12,0
1.1645,-0.1,-0.02
1.1645,-0.12,0.04
1.1645,-0.06,0.04
1.1645,-0.08,0
1.1645,-0.06,0.04
1.1645,0.04,-0.02
1.1645,-0.08,0.02
1.1645,-0.08,0.06
1.1646,-0.06,0
1.1646,-0.12,0.02
1.1646,-0.16,0.06
1.1646,-0.16,0
1.1646,-0.18,0.02
1.1646,-0.06,-0.02
1.1646,-0.08,0.04
1.1646,-0.06,-0.02
1.1646,-0.1,0.02
1.1646,-0.1,0.04
1.1647,-0.06,0.04
1.1647,-0.08,0.1
1.1647,-0.12,0.1
1.1647,-0.08,0.04
1.1647,-0.08,0
1.1647,-0.08,0
1.1647,-0.04,-0.02
1.1647,0.02,-0.02
1.1647,0,0.04
1.1647,-0.08,0
1.1648,-0.08,0.04
1.1648,-0.02,0.04
1.1648,-0.12,0.08
1.1648,-0.02,0.06
1.1648,-0.06,0.06
1.1648,-0.08,0.06
1.1648,-0.06,0.02
1.1648,-0.06,0.04
1.1648,-0.08,0.04
1.1648,-0.08,0.02
1.1648,0.02,0
1.1649,-0.04,0
1.1649,-0.08,0
1.1649,-0.06,0
1.1649,-0.02,0
1.1649,-0.04,0.06
1.1649,-0.04,0.06
1.1649,-0.02,0.04
1.1649,-0.06,0.06
1.1649,-0.1,0.02
1.1649,-0.08,0
1.165,-0.1,0.02
1.165,-0.06,0.04
1.165,-0.06,0.08
1.165,-0.06,0.04
1.165,-0.08,0.06
1.165,-0.06,0.06
1.165,-0.1,0.06
1.165,-0.08,0.06
1.165,-0.08,0.04
1.165,-0.06,0.06
1.1651,-0.06,0.04
1.1651,-0.06,0.02
1.1651,-0.04,0
1.1651,-0.06,0
1.1651,-0.02,0.06
1.1651,-0.06,0.08
1.1651,-0.1,0.02
1.1651,-0.14,0
1.1651,-0.14,0.04
1.1651,-0.02,0.08
1.1652,-0.06,0.02
1.1652,-0.12,0.02
1.1652,-0.06,0.02
1.1652,-0.08,0
1.1652,-0.08,-0.02
1.1652,-0.04,0.04
1.1652,-0.04,0
1.1652,-0.04,0.04
1.1652,-0.04,0.06
1.1652,-0.06,0.02
1.1653,-0.08,0.02
1.1653,-0.08,0.04
1.1653,-0.12,0.04
1.1653,-0.1,0
1.1653,-0.08,0
1.1653,-0.12,-0.04
1.1653,-0.08,-0.02
1.1653,-0.08,-0.04
1.1653,-0.1,0.02
1.1653,-0.08,0.04
1.1654,-0.08,0.02
1.1654,-0.12,0.02
1.1654,-0.08,0
1.1654,-0.08,-0.06
1.1654,-0.06,-0.04
1.1654,-0.1,0.02
1.1654,-0.08,0.02
1.1654,-0.08,0
1.1654,-0.1,0.02
1.1654,-0.06,0.02
1.1655,-0.08,0.06
1.1655,-0.08,0.08
1.1655,-0.1,0.02
1.1655,-0.1,0.02
1.1655,0,0.02
1.1655,-0.02,0.02
1.1655,-0.06,0.02
1.1655,-0.08,-0.02
1.1655,-0.08,-0.02
1.1655,-0.08,0.06
1.1656,-0.08,0
1.1656,-0.08,-0.02
1.1656,-0.12,0.04
1.1656,-0.12,0.06
1.1656,-0.1,0.06
1.1656,-0.16,0.06
1.1656,-0.12,0.02
1.1656,-0.06,0.02
1.1656,-0.06,0
1.1656,-0.08,0
1.1657,-0.1,0.02
1.1657,-0.1,-0.02
1.1657,-0.06,-0.02
1.1657,-0.04,-0.04
1.1657,-0.04,0
1.1657,-0.02,0.04
1.1657,0,0.06
1.1657,-0.06,0.04
1.1657,-0.08,0.02
1.1657,-0.08,0.04
1.1658,-0.08,0.02
1.1658,-0.02,0.04
1.1658,-0.06,0.04
1.1658,-0.06,0.02
1.1658,-0.1,0.02
1.1658,-0.06,0
1.1658,-0.08,0
1.1658,-0.04,-0.04
1.1658,-0.06,0.04
1.1658,-0.1,0.04
1.1659,-0.08,0.08
1.1659,0,0.04
1.1659,0,0.02
1.1659,-0.06,0.02
1.1659,-0.06,0
1.1659,-0.1,0.04
1.1659,-0.1,0.06
1.1659,-0.1,0.08
1.1659,-0.12,0.06
1.1659,-0.14,0.06
1.166,-0.12,0.02
1.166,-0.1,0.04
1.166,-0.04,0.04
1.166,-0.08,0.02
1.166,-0.04,0.02
1.166,-0.04,0.1
1.166,-0.04,0.06
1.166,-0.08,0.02
1.166,-0.02,-0.04
1.166,-0.02,0.02
1.1661,-0.06,0.04
1.1661,-0.04,0.02
1.1661,-0.08,0
1.1661,-0.02,0.04
1.1661,-0.02,0.08
1.1661,-0.06,0.06
1.1661,-0.04,0.06
1.1661,0.02,0.02
1.1661,-0.06,0
1.1661,-0.12,0.04
1.1662,-0.12,0.04
1.1662,-0.08,0.02
1.1662,-0.08,0.08
1.1662,-0.08,0.02
1.1662,-0.08,0.04
1.1662,-0.1,0.02
1.1662,-0.12,0.02
1.1662,-0.08,0
1.1662,-0.08,-0.02
1.1662,-0.06,0
1.1663,-0.02,-0.04
1.1663,-0.08,-0.04
1.1663,-0.06,0.04
1.1663,-0.04,0.08
1.1663,-0.08,0.04
1.1663,-0.04,0.02
1.1663,-0.04,0
1.1663,-0.06,0.02
1.1663,-0.14,0
1.1664,-0.12,-0.02
1.1664,-0.1,0
1.1664,-0.08,0.06
1.1664,-0.1,0.04
1.1664,-0.02,0.06
1.1664,-0.06,0.08
1.1664,-0.06,0.08
1.1664,-0.02,0.04
1.1664,-0.06,0.12
1.1664,-0.12,0.08
1.1665,-0.1,0
1.1665,-0.1,0.02
1.1665,-0.12,0
1.1665,-0.14,0.04
1.1665,-0.18,0.04
1.1665,-0.1,0.04
1.1665,-0.04,0.04
1.1665,-0.1,0
1.1665,-0.1,0.02
1.1665,-0.04,0
1.1666,-0.08,0.04
1.1666,-0.08,0.06
1.1666,-0.04,0.06
1.1666,-0.08,0.02
1.1666,-0.04,0.04
1.1666,-0.08,0.04
1.1666,-0.06,-0.04
1.1666,-0.06,-0.04
1.1666,-0.08,0
1.1666,-0.04,-0.04
1.1667,-0.02,0.04
1.1667,-0.08,0.08
1.1667,-0.08,0.02
1.1667,-0.12,0.02
1.1667,-0.1,0.04
1.1667,-0.06,0
1.1667,-0.06,-0.02
1.1667,-0.08,0.04
1.1667,-0.08,0.02
1.1667,-0.06,0.06
1.1668,-0.08,0.04
1.1668,-0.06,0.06
1.1668,-0.04,0.06
1.1668,-0.06,0.04
1.1668,-0.08,0.02
1.1668,-0.08,0.06
1.1668,-0.08,0
1.1668,-0.12,0.02
1.1668,-0.08,0.06
1.1668,-0.1,0.06
1.1668,-0.08,0.06
1.1669,-0.06,0.04
1.1669,-0.08,0.08
1.1669,-0.04,0.06
1.1669,-0.04,0.06
1.1669,-0.08,0.06
1.1669,-0.14,0.04
1.1669,-0.1,0
1.1669,-0.1,0.04
1.1669,-0.08,0.04
1.1669,-0.02,0
1.167,-0.02,0.04
1.167,-0.08,0.04
1.167,-0.08,0
1.167,-0.12,-0.04
1.167,-0.14,-0.02
1.167,-0.08,0.06
1.167,-0.1,0.04
1.167,-0.06,0.06
1.167,-0.02,0.1
1.167,-0.06,0
1.1671,-0.02,0.04
1.1671,-0.04,0
1.1671,-0.02,-0.02
1.1671,-0.04,0.02
1.1671,-0.08,0.04
1.1671,-0.08,0.02
1.1671,-0.02,0.02
1.1671,-0.08,-0.04
1.1671,-0.1,-0.02
1.1671,-0.02,0.04
1.1672,-0.08,0
1.1672,-0.02,0
1.1672,-0.08,0.06
1.1672,-0.06,0.06
1.1672,-0.08,0.02
1.1672,-0.1,0.04
1.1672,-0.1,0.06
1.1672,-0.08,0.08
1.1672,-0.08,0.06
1.1672,-0.1,0.02
1.1673,-0.16,0.02
1.1673,-0.12,0.04
1.1673,-0.12,0.04
1.1673,-0.06,0.02
1.1673,-0.06,-0.02
1.1673,-0.08,0
1.1673,-0.12,0.04
1.1673,-0.08,-0.02
1.1673,-0.06,0.04
1.1673,-0.08,0
1.1674,-0.1,0.02
1.1674,-0.12,0.02
1.1674,-0.12,0.02
1.1674,-0.08,0.02
1.1674,-0.08,-0.02
1.1674,-0.06,0.02
1.1674,-0.14,0.04
1.1674,-0.12,0.02
1.1674,-0.1,0.04
1.1674,-0.1,0.04
1.1675,-0.04,0.04
1.1675,0,0
1.1675,0,0.04
1.1675,-0.04,0.06
1.1675,-0.06,0.04
1.1675,-0.06,0.02
1.1675,-0.02,0.02
1.1675,-0.06,0.04
1.1675,-0.02,0.04
1.1675,-0.1,0.04
1.1676,-0.08,0.04
1.1676,-0.06,-0.04
1.1676,-0.04,0.08
1.1676,-0.08,0.04
1.1676,-0.1,0.04
1.1676,-0.12,0.04
1.1676,-0.1,0
1.1676,-0.08,-0.04
1.1676,-0.08,-0.02
1.1676,-0.06,-0.02
1.1677,-0.08,0
1.1677,-0.1,0.04
1.1677,-0.08,-0.02
1.1677,-0.1,0
1.1677,-0.1,0
1.1677,-0.02,0
1.1677,-0.06,0.02
1.1677,-0.08,0.04
1.1677,-0.06,0.06
1.1677,-0.06,0.1
1.1678,-0.06,0.04
1.1678,-0.06,0.04
1.1678,-0.1,0.02
1.1678,-0.12,0.04
1.1678,-0.1,0.06
1.1678,-0.02,0.04
1.1678,-0.02,0.06
1.1678,-0.02,0.04
1.1678,-0.08,0.06
1.1678,-0.08,0.12
1.1679,-0.08,0.08
1.1679,-0.06,0.02
1.1679,-0.1,-0.04
1.1679,-0.1,0
1.1679,-0.02,0.04
1.1679,-0.04,0.04
1.1679,-0.08,0
1.1679,-0.16,-0.02
1.1679,-0.08,0
1.1679,-0.06,0.02
1.168,-0.1,0
1.168,-0.12,0.02
1.168,-0.16,0.02
1.168,-0.14,0.06
1.168,-0.12,0
1.168,-0.08,-0.02
1.168,-0.12,-0.02
1.168,-0.14,-0.04
1.168,-0.08,-0.02
1.168,-0.06,0.02
1.1681,-0.08,0.02
1.1681,-0.08,0
1.1681,-0.12,0.04
1.1681,-0.08,0.04
1.1681,-0.1,0
1.1681,-0.12,0
1.1681,-0.08,0
1.1681,-0.08,0
1.1681,-0.02,-0.02
1.1681,-0.02,0.04
1.1682,-0.06,0.06
1.1682,-0.08,0.04
1.1682,-0.06,0.02
1.1682,-0.04,0.04
1.1682,-0.06,0.04
1.1682,0.02,0.04
1.1682,0.04,0.04
1.1682,-0.02,-0.04
1.1682,-0.02,0.04
1.1682,-0.04,0.06
1.1683,-0.04,0.06
1.1683,-0.1,0.04
1.1683,-0.04,0.02
1.1683,-0.04,0.06
1.1683,-0.06,0
1.1683,-0.06,0
1.1683,-0.06,0.02
1.1683,-0.08,0.04
1.1683,-0.08,-0.02
1.1684,-0.06,0.04
1.1684,-0.1,0.02
1.1684,-0.12,0.06
1.1684,-0.04,0.06
1.1684,-0.02,0.02
1.1684,-0.02,0
1.1684,-0.02,-0.02
1.1684,-0.04,0.02
1.1684,-0.08,0.02
1.1684,-0.08,-0.04
1.1685,-0.1,0
1.1685,-0.06,-0.04
1.1685,-0.1,-0.02
1.1685,-0.06,0.04
1.1685,-0.1,0
1.1685,-0.12,0.02
1.1685,-0.14,0.02
1.1685,-0.12,0.06
1.1685,-0.16,0.06
1.1685,-0.06,0.02
1.1686,-0.02,0.02
1.1686,-0.08,0.02
1.1686,-0.04,-0.02
1.1686,-0.04,0
1.1686,-0.08,0
1.1686,-0.12,0
1.1686,-0.12,-0.04
1.1686,-0.06,-0.04
1.1686,-0.04,0
1.1686,0,0.02
1.1687,-0.02,0.04
1.1687,-0.06,0.02
1.1687,-0.06,0.04
1.1687,-0.08,0.04
1.1687,-0.08,0.04
1.1687,-0.12,0.02
1.1687,-0.1,0
1.1687,-0.08,0.04
1.1687,-0.04,0.02
1.1687,-0.04,0.02
1.1688,-0.02,0.02
1.1688,-0.06,0.04
1.1688,-0.06,0.02
1.1688,-0.08,0.02
1.1688,-0.1,0
1.1688,-0.1,-0.04
1.1688,-0.06,0
1.1688,-0.08,-0.04
1.1688,-0.08,-0.02
1.1688,-0.06,0.02
1.1688,-0.02,0.04
1.1689,-0.02,0.02
1.1689,-0.04,-0.02
1.1689,0.02,-0.06
1.1689,-0.06,-0.02
1.1689,-0.08,0
1.1689,-0.06,0.06
1.1689,-0.08,0.06
1.1689,-0.12,0.02
1.1689,-0.12,0
1.1689,-0.06,-0.04
1.169,-0.04,-0.02
1.169,-0.02,0.02
1.169,-0.06,0
1.169,-0.08,0
1.169,-0.08,0.02
1.169,-0.12,0
1.169,-0.08,0.02
1.169,-0.06,0.02
1.169,-0.02,0.06
1.169,-0.06,0.04
1.1691,-0.12,-0.02
1.1691,-0.12,-0.02
1.1691,-0.1,-0.02
1.1691,-0.1,-0.02
1.1691,-0.06,0
1.1691,-0.04,0.08
1.1691,-0.1,0.04
1.1691,-0.1,-0.02
1.1691,-0.1,0
1.1691,-0.08,0.08
1.1692,-0.06,0.04
1.1692,-0.06,0
1.1692,-0.04,0.02
1.1692,-0.08,0.02
1.1692,-0.08,0
1.1692,-0.06,0.04
1.1692,0.02,-0.06
1.1692,-0.04,0
1.1692,-0.06,0.04
1.1692,-0.08,0.04
1.1693,-0.06,0
1.1693,-0.1,0
1.1693,-0.08,-0.06
1.1693,-0.08,-0.04
1.1693,-0.04,-0.1
1.1693,-0.08,-0.06
1.1693,-0.1,0
1.1693,-0.08,0
1.1693,-0.02,0
1.1693,-0.08,0.02
1.1694,-0.06,0
1.1694,0,0
1.1694,-0.04,-0.06
1.1694,-0.08,-0.06
1.1694,-0.02,-0.04
1.1694,-0.02,0
1.1694,-0.06,-0.08
1.1694,-0.02,-0.06
1.1694,-0.02,0.04
1.1694,-0.04,0.04
1.1695,-0.1,0.04
1.1695,-0.06,0.02
1.1695,0.02,-0.02
1.1695,-0.04,-0.04
1.1695,-0.08,-0.02
1.1695,-0.06,0.04
1.1695,-0.08,0
1.1695,-0.08,-0.06
1.1695,-0.06,-0.06
1.1695,-0.06,-0.1
1.1696,-0.1,-0.04
1.1696,-0.08,-0.04
1.1696,-0.08,-0.02
1.1696,-0.08,-0.04
1.1696,-0.04,0
1.1696,-0.06,0
1.1696,-0.06,-0.08
1.1696,-0.08,-0.08
1.1696,-0.04,-0.08
1.1696,-0.04,-0.04
1.1697,-0.02,0
1.1697,-0.06,0
1.1697,-0.04,0
1.1697,-0.06,0
1.1697,-0.08,-0.04
1.1697,-0.06,-0.02
1.1697,-0.08,-0.02
1.1697,-0.02,-0.06
1.1697,-0.06,-0.02
1.1697,0,-0.02
1.1698,-0.06,-0.1
1.1698,-0.06,-0.06
1.1698,-0.04,-0.02
1.1698,0.02,-0.04
1.1698,-0.04,-0.1
1.1698,-0.08,-0.06
1.1698,-0.1,-0.06
1.1698,-0.08,-0.08
1.1698,-0.08,-0.06
1.1698,-0.04,-0.04
1.1699,-0.06,-0.04
1.1699,-0.14,0.02
1.1699,-0.08,-0.06
1.1699,-0.12,-0.1
1.1699,-0.06,-0.02
1.1699,-0.08,-0.02
1.1699,-0.06,-0.04
1.1699,-0.06,-0.06
1.1699,-0.06,-0.04
1.1699,-0.1,-0.06
1.17,-0.06,-0.08
1.17,-0.06,-0.04
1.17,-0.02,-0.04
1.17,-0.06,-0.14
1.17,-0.06,-0.1
1.17,-0.08,-0.08
1.17,-0.16,0.04
1.17,-0.14,-0.02
1.17,-0.14,0
1.17,-0.12,-0.06
1.1701,-0.12,-0.08
1.1701,-0.12,-0.04
1.1701,-0.08,-0.08
1.1701,-0.02,-0.08
1.1701,-0.06,-0.04
1.1701,-0.1,0
1.1701,-0.1,-0.02
1.1701,-0.1,-0.08
1.1701,-0.06,-0.06
1.1701,-0.04,-0.12
1.1702,-0.04,-0.12
1.1702,-0.02,-0.12
1.1702,-0.02,-0.06
1.1702,-0.04,-0.04
1.1702,-0.06,-0.08
1.1702,-0.06,-0.06
1.1702,-0.12,-0.04
1.1702,-0.12,-0.1
1.1702,-0.08,-0.04
1.1702,-0.08,-0.08
1.1703,-0.12,-0.1
1.1703,-0.16,-0.08
1.1703,-0.06,0
1.1703,-0.1,-0.04
1.1703,-0.08,-0.08
1.1703,-0.08,-0.06
1.1703,-0.12,-0.08
1.1703,-0.12,-0.06
1.1703,-0.08,-0.08
1.1704,-0.04,-0.04
1.1704,-0.08,-0.1
1.1704,-0.08,-0.08
1.1704,-0.12,-0.1
1.1704,-0.1,-0.14
1.1704,-0.08,-0.06
1.1704,-0.08,-0.02
1.1704,-0.1,-0.02
1.1704,-0.1,-0.02
1.1704,-0.12,-0.02
1.1705,-0.12,-0.04
1.1705,-0.14,-0.06
1.1705,-0.1,-0.12
1.1705,-0.1,-0.06
1.1705,-0.08,-0.1
1.1705,-0.12,-0.04
1.1705,-0.16,-0.06
1.1705,-0.14,0
1.1705,-0.16,-0.04
1.1705,-0.2,-0.04
1.1706,-0.22,-0.04
1.1706,-0.14,-0.02
1.1706,-0.1,-0.04
1.1706,-0.04,-0.12
1.1706,-0.1,-0.14
1.1706,-0.18,-0.1
1.1706,-0.16,-0.08
1.1706,-0.16,-0.06
1.1706,-0.18,-0.12
1.1706,-0.08,-0.1
1.1707,-0.08,-0.1
1.1707,-0.08,-0.06
1.1707,-0.12,-0.08
1.1707,-0.14,-0.02
1.1707,-0.16,-0.04
1.1707,-0.18,-0.04
1.1707,-0.24,-0.04
1.1707,-0.22,-0.08
1.1707,-0.18,-0.04
1.1707,-0.14,-0.02
1.1708,-0.14,-0.04
1.1708,-0.22,-0.06
1.1708,-0.16,-0.04
1.1708,-0.2,-0.02
1.1708,-0.12,-0.02
1.1708,-0.12,0
1.1708,-0.08,-0.02
1.1708,-0.16,-0.12
1.1708,-0.18,-0.14
1.1708,-0.16,-0.04
1.1708,-0.14,-0.06
1.1709,-0.14,-0.04
1.1709,-0.14,-0.08
1.1709,-0.16,-0.08
1.1709,-0.18,-0.08
1.1709,-0.18,-0.06
1.1709,-0.18,0
1.1709,-0.12,-0.02
1.1709,-0.18,-0.08
1.1709,-0.16,-0.08
1.1709,-0.16,-0.08
1.171,-0.22,-0.08
1.171,-0.2,0
1.171,-0.2,0
1.171,-0.22,-0.08
1.171,-0.2,-0.02
1.171,-0.24,0
1.171,-0.18,0
1.171,-0.16,0
1.171,-0.2,-0.04
1.171,-0.16,-0.08
1.1711,-0.12,-0.02
1.1711,-0.22,-0.02
1.1711,-0.28,-0.04
1.1711,-0.24,0
1.1711,-0.24,0
1.1711,-0.22,-0.04
1.1711,-0.18,0
1.1711,-0.18,-0.04
1.1711,-0.18,-0.08
1.1711,-0.18,-0.04
1.1712,-0.16,-0.08
1.1712,-0.16,-0.06
1.1712,-0.22,-0.08
1.1712,-0.22,-0.06
1.1712,-0.24,-0.06
1.1712,-0.18,-0.06
1.1712,-0.24,-0.04
1.1712,-0.22,-0.04
1.1712,-0.18,0
1.1712,-0.18,0.04
1.1713,-0.22,0.02
1.1713,-0.22,-0.04
1.1713,-0.18,0
1.1713,-0.2,0.02
1.1713,-0.18,-0.04
1.1713,-0.22,-0.04
1.1713,-0.26,0
1.1713,-0.24,-0.04
1.1713,-0.18,-0.04
1.1713,-0.22,-0.06
1.1714,-0.14,0
1.1714,-0.14,-0.04
1.1714,-0.18,-0.06
1.1714,-0.18,-0.06
1.1714,-0.14,-0.06
1.1714,-0.2,-0.06
1.1714,-0.26,0.04
1.1714,-0.18,0.04
1.1714,-0.16,0.02
1.1714,-0.18,0.02
1.1715,-0.22,0.04
1.1715,-0.18,0.02
1.1715,-0.16,0.02
1.1715,-0.2,-0.04
1.1715,-0.18,-0.06
1.1715,-0.12,0.02
1.1715,-0.16,0.04
1.1715,-0.14,0.04
1.1715,-0.2,0
1.1715,-0.2,0.04
1.1716,-0.16,0.04
1.1716,-0.16,0.06
1.1716,-0.18,0.02
1.1716,-0.12,0.06
1.1716,-0.16,0.02
1.1716,-0.22,0.02
1.1716,-0.22,0
1.1716,-0.22,-0.06
1.1716,-0.18,0.04
1.1716,-0.14,0.02
1.1717,-0.18,-0.04
1.1717,-0.16,0.02
1.1717,-0.18,0.02
1.1717,-0.18,0
1.1717,-0.12,0.06
1.1717,-0.16,0.1
1.1717,-0.18,0.06
1.1717,-0.2,0.06
1.1717,-0.2,0.06
1.1717,-0.2,0.06
1.1718,-0.18,0.04
1.1718,-0.2,0.04
1.1718,-0.24,0.06
1.1718,-0.22,0.04
1.1718,-0.22,0.04
1.1718,-0.26,0.02
1.1718,-0.22,0
1.1718,-0.18,0
1.1718,-0.14,-0.02
1.1718,-0.12,0
1.1719,-0.14,0
1.1719,-0.08,0.04
1.1719,-0.14,0.08
1.1719,-0.18,0.06
1.1719,-0.2,0.08
1.1719,-0.22,0.06
1.1719,-0.22,0.1
1.1719,-0.28,0.1
1.1719,-0.26,0.1
1.1719,-0.26,-0.04
1.172,-0.26,-0.04
1.172,-0.26,0.04
1.172,-0.22,0.04
1.172,-0.22,0.04
1.172,-0.2,0
1.172,-0.22,0.06
1.172,-0.22,0.1
1.172,-0.26,0.1
1.172,-0.18,0.06
1.172,-0.2,0.06
1.1721,-0.22,0.06
1.1721,-0.2,0.04
1.1721,-0.22,0.04
1.1721,-0.18,0.04
1.1721,-0.14,0.1
1.1721,-0.18,0.02
1.1721,-0.16,0.02
1.1721,-0.16,0.06
1.1721,-0.16,0.08
1.1721,-0.16,0.08
1.1722,-0.12,0
1.1722,-0.1,0
1.1722,-0.14,0.06
1.1722,-0.2,0.04
1.1722,-0.18,0.1
1.1722,-0.18,0.08
1.1722,-0.16,0.1
1.1722,-0.22,0.06
1.1722,-0.24,0.04
1.1722,-0.24,0.06
1.1723,-0.22,0.08
1.1723,-0.22,0.06
1.1723,-0.16,0.1
1.1723,-0.16,0.1
1.1723,-0.16,0.14
1.1723,-0.2,0.06
1.1723,-0.18,0.06
1.1723,-0.16,0.12
1.1723,-0.16,0.12
1.1723,-0.14,0.12
1.1724,-0.16,0.1
1.1724,-0.18,0.12
1.1724,-0.24,0.12
1.1724,-0.18,0.1
1.1724,-0.14,0.1
1.1724,-0.14,0.12
1.1724,-0.14,0.14
1.1724,-0.18,0.08
1.1724,-0.16,0.12
1.1725,-0.12,0.1
1.1725,-0.16,0.1
1.1725,-0.2,0.08
1.1725,-0.18,0.08
1.1725,-0.18,0.06
1.1725,-0.12,0.12
1.1725,-0.1,0.06
1.1725,-0.12,0.08
1.1725,-0.12,0.06
1.1725,-0.1,0.04
1.1726,-0.14,0.06
1.1726,-0.18,0.08
1.1726,-0.16,0.1
1.1726,-0.14,0.14
1.1726,-0.2,0.06
1.1726,-0.1,0.08
1.1726,-0.12,0.1
1.1726,-0.14,0.08
1.1726,-0.16,0.1
1.1726,-0.12,0.1
1.1727,-0.12,0.1
1.1727,-0.16,0.08
1.1727,-0.16,0.06
1.1727,-0.12,0
1.1727,-0.06,0.02
1.1727,-0.1,0.06
1.1727,-0.12,0.12
1.1727,-0.14,0.1
1.1727,-0.12,0.12
1.1727,-0.18,0.08
1.1728,-0.16,0.08
1.1728,-0.1,0.08
1.1728,-0.02,0.06
1.1728,-0.02,0.08
1.1728,-0.1,0.1
1.1728,-0.14,0.08
1.1728,-0.14,0.08
1.1728,-0.12,0.12
1.1728,-0.1,0.12
1.1728,-0.06,0.08
1.1728,-0.12,0.06
1.1729,-0.12,0.08
1.1729,-0.12,0.1
1.1729,-0.12,0.14
1.1729,-0.08,0.14
1.1729,-0.08,0.12
1.1729,-0.14,0.12
1.1729,-0.14,0.12
1.1729,-0.1,0.16
1.1729,-0.1,0.12
1.1729,-0.12,0.12
1.173,-0.16,0.12
1.173,-0.16,0.12
1.173,-0.12,0.14
1.173,-0.06,0.12
1.173,-0.08,0.14
1.173,-0.06,0.08
1.173,-0.06,0.04
1.173,-0.12,0.04
1.173,-0.08,0.06
1.173,-0.06,0.14
1.1731,-0.04,0.1
1.1731,-0.04,0.1
1.1731,-0.06,0.1
1.1731,-0.1,0.1
1.1731,-0.1,0.08
1.1731,-0.1,0.08
1.1731,-0.1,0.06
1.1731,-0.08,0.08
1.1731,-0.12,0.04
1.1731,-0.08,0.08
1.1732,-0.08,0.1
1.1732,-0.08,0.1
1.1732,-0.04,0.14
1.1732,-0.06,0.1
1.1732,-0.06,0.06
1.1732,-0.1,0.02
1.1732,-0.1,0.04
1.1732,-0.1,0.06
1.1732,-0.08,0.06
1.1732,-0.02,0.14
1.1733,-0.08,0.18
1.1733,-0.08,0.12
1.1733,-0.06,0.1
1.1733,-0.06,0.14
1.1733,-0.06,0.12
1.1733,0,0.06
1.1733,-0.08,-0.02
1.1733,-0.04,0
1.1733,-0.02,0
1.1733,-0.04,0.04
1.1734,-0.06,0.08
1.1734,-0.06,0.1
1.1734,0,0.14
1.1734,0.02,0.08
1.1734,0,0.08
1.1734,-0.04,0.12
1.1734,-0.04,0.06
1.1734,-0.1,0.02
1.1734,-0.08,0.06
1.1734,-0.04,0.08
1.1735,-0.06,0.06
1.1735,0,0.06
1.1735,0.04,0.06
1.1735,-0.02,0.04
1.1735,-0.08,0.08
1.1735,-0.04,0.08
1.1735,-0.04,0.08
1.1735,-0.02,0.06
1.1735,-0.04,0.04
1.1735,-0.02,0.02
1.1736,-0.1,0
1.1736,-0.06,0.02
1.1736,-0.08,0
1.1736,-0.06,0.04
1.1736,-0.02,0.08
1.1736,-0.08,0.1
1.1736,-0.06,0.06
1.1736,0.04,0.06
1.1736,0,0.04
1.1736,-0.08,0.02
1.1737,-0.04,0.04
1.1737,-0.02,0.04
1.1737,0,0.12
1.1737,-0.02,0.1
1.1737,-0.04,0.1
1.1737,-0.02,0.04
1.1737,0.02,0.02
1.1737,-0.04,0.02
1.1737,-0.02,0.06
1.1737,-0.02,0.08
1.1738,-0.02,0.08
1.1738,-0.02,0.06
1.1738,0,0.04
1.1738,-0.02,0.12
1.1738,-0.02,0.06
1.1738,-0.08,0
1.1738,-0.02,0
1.1738,-0.02,0.04
1.1738,-0.06,0.04
1.1738,0,0
1.1739,0,0.04
1.1739,0,0
1.1739,-0.02,0.02
1.1739,0,0.02
1.1739,-0.02,0.02
1.1739,-0.02,0.08
1.1739,-0.02,0.06
1.1739,-0.06,0.04
1.1739,0,0.02
1.1739,-0.06,0
1.174,-0.02,0.02
1.174,0,0
1.174,0,0.04
1.174,-0.02,0.12
1.174,0,0.1
1.174,-0.04,0.04
1.174,-0.02,0.04
1.174,0.04,0.04
1.174,0,0.06
1.174,-0.02,0.04
1.1741,-0.02,0.04
1.1741,-0.06,0.02
1.1741,-0.08,0
1.1741,-0.06,-0.02
1.1741,0,0.04
1.1741,0,0.1
1.1741,-0.04,0.04
1.1741,-0.06,0.08
1.1741,0,0.04
1.1741,0,0.02
1.1742,0,-0.02
1.1742,-0.1,0.02
1.1742,-0.04,0.06
1.1742,-0.02,0.04
1.1742,0,0.08
1.1742,-0.06,0.08
1.1742,-0.08,0.04
1.1742,-0.06,0.02
1.1742,0.04,0
1.1742,0,0
1.1743,-0.02,0.02
1.1743,0,0.06
1.1743,-0.04,0.04
1.1743,-0.06,0.02
1.1743,-0.04,0.06
1.1743,-0.02,0.04
1.1743,0.04,0.02
1.1743,0,0.1
1.1743,-0.02,0.04
1.1744,-0.02,0.02
1.1744,-0.02,0.1
1.1744,-0.02,0.14
1.1744,-0.02,0.08
1.1744,-0.04,0.06
1.1744,-0.08,0.06
1.1744,-0.04,0.04
1.1744,-0.02,0.02
1.1744,-0.04,0.04
1.1744,-0.02,0.06
1.1745,0.02,0.04
1.1745,-0.02,0.06
1.1745,-0.08,0.08
1.1745,-0.12,0
1.1745,-0.06,0.04
1.1745,-0.06,0.06
1.1745,-0.06,0.06
1.1745,-0.06,0.08
1.1745,-0.06,0.04
1.1745,0.02,0.1
1.1746,0.04,0.06
1.1746,-0.02,0.08
1.1746,-0.04,0.08
1.1746,-0.04,0.1
1.1746,-0.02,0.06
1.1746,-0.06,0.04
1.1746,-0.06,0.08
1.1746,-0.02,0.1
1.1746,-0.02,0.04
1.1746,-0.08,0.04
1.1747,-0.1,0.04
1.1747,-0.02,0.06
1.1747,0.04,0.08
1.1747,0,0.14
1.1747,0.02,0.1
1.1747,0,0.02
1.1747,0,0.02
1.1747,-0.02,0.04
1.1747,0,0.02
1.1747,-0.04,0.02
1.1748,-0.02,0.02
1.1748,-0.04,0.06
1.1748,0.02,0.06
1.1748,0.08,0.08
1.1748,0,0.04
1.1748,0.02,0.1
1.1748,-0.02,0.1
1.1748,0,0.08
1.1748,0,0.06
1.1748,0,0.06
1.1748,-0.04,0.04
1.1749,-0.06,0.02
1.1749,-0.06,0.04
1.1749,-0.02,0.12
1.1749,-0.02,0.08
1.1749,-0.02,0.06
1.1749,0.04,0.1
1.1749,-0.02,0.1
1.1749,0,0.06
1.1749,-0.02,0.04
1.1749,0,0.02
1.175,0,0.08
1.175,0.02,0.1
1.175,0,0.08
1.175,0.02,0.04
1.175,-0.02,0.06
1.175,-0.04,0.1
1.175,-0.06,0.02
1.175,-0.04,0.04
1.175,-0.02,0.06
1.175,0.04,0.14
1.1751,-0.02,0.12
1.1751,0,0.08
1.1751,0,0.06
1.1751,0,0.04
1.1751,0.06,0.06
1.1751,0.08,0.1
1.1751,0.08,0.1
1.1751,0.06,0.1
1.1751,0.04,0.08
1.1751,0.08,0.1
1.1752,0.04,0.14
1.1752,0,0.1
1.1752,0.04,0.06
1.1752,-0.02,0.04
1.1752,0,0.08
1.1752,-0.02,0.06
1.1752,0,0.04
1.1752,0.06,0.1
1.1752,0.06,0.04
1.1752,0.06,0.06
1.1753,0.04,0.08
1.1753,0.02,0.1
1.1753,0.04,0.1
1.1753,0.04,0.08
1.1753,0.04,0.1
1.1753,0.04,0.08
1.1753,0.06,0.04
1.1753,0.08,0.1
1.1753,0,0.06
1.1753,0.06,0.06
1.1754,0.08,0.08
1.1754,0.06,0.14
1.1754,0.04,0.12
1.1754,0.08,0.12
1.1754,0.06,0.06
1.1754,0.04,0.14
1.1754,0.04,0.1
1.1754,0,0.06
1.1754,0.04,0.14
1.1754,0.04,0.16
1.1755,0.04,0.12
1.1755,0.02,0.06
1.1755,0.02,0.12
1.1755,0.02,0.06
1.1755,0,0.08
1.1755,0.06,0.1
1.1755,0.1,0.06
1.1755,0.08,0.06
1.1755,0.02,0.04
1.1755,0.06,0.06
1.1756,0.02,0.04
1.1756,0.08,0.06
1.1756,0.1,0.08
1.1756,0.08,0.1
1.1756,0.08,0.1
1.1756,0.1,0.16
1.1756,0.1,0.12
1.1756,0.08,0.06
1.1756,0.08,0.12
1.1756,0.14,0.14
1.1757,0.14,0.14
1.1757,0.1,0.16
1.1757,0.04,0.1
1.1757,0,0.1
1.1757,0.08,0.12
1.1757,0.06,0.06
1.1757,0.12,0.08
1.1757,0.1,0.06
1.1757,0.12,0
1.1757,0.08,0.08
1.1758,0.14,0.08
1.1758,0.12,0.12
1.1758,0.14,0.1
1.1758,0.08,0.08
1.1758,0.08,0.1
1.1758,0.08,0.1
1.1758,0.1,0.08
1.1758,0.08,0.06
1.1758,0.08,0.08
1.1758,0.08,0.08
1.1759,0.08,0.02
1.1759,0.1,0.02
1.1759,0.06,0.02
1.1759,0.08,0.04
1.1759,0.04,0.06
1.1759,0.08,0.04
1.1759,0.06,0.04
1.1759,0.04,0.06
1.1759,0.08,0.06
1.1759,0.08,0.1
1.176,0.14,0.08
1.176,0.08,0.1
1.176,0.1,0.12
1.176,0.08,0.1
1.176,0.1,0.1
1.176,0.14,0.08
1.176,0.08,0.1
1.176,0.08,0.04
1.176,0.12,0.04
1.176,0.08,0.06
1.1761,0.02,0.06
1.1761,0.06,0.1
1.1761,0.06,0.1
1.1761,0.06,0.06
1.1761,0.04,0.06
1.1761,0.02,0.02
1.1761,0.04,0.06
1.1761,0.08,0.04
1.1761,0.1,0.06
1.1761,0.1,0.06
1.1762,0.04,0.04
1.1762,0.06,0.04
1.1762,0.1,0.04
1.1762,0.04,0.08
1.1762,0.04,0.08
1.1762,0.04,0.08
1.1762,0.04,0.04
1.1762,0.08,0.02
1.1762,0.1,0.02
1.1762,0.06,0.02
1.1763,0.02,0.04
1.1763,0.04,0.04
1.1763,0.06,0.06
1.1763,0.1,0.06
1.1763,0,0.08
1.1763,0.08,0.02
1.1763,0.12,0.02
1.1763,0.1,0.02
1.1763,0.18,0.04
1.1763,0.1,0.06
1.1764,0.1,0.04
1.1764,0.04,0.04
1.1764,0.06,-0.04
1.1764,0.06,-0.02
1.1764,0.1,0
1.1764,0.08,0.02
1.1764,0.08,0.06
1.1764,0.1,0.06
1.1764,0.06,0.08
1.1765,0.12,0.02
1.1765,0.08,0.02
1.1765,0.08,0.02
1.1765,0.1,0.04
1.1765,0.12,0.04
1.1765,0.1,0.02
1.1765,0.08,0.06
1.1765,0.12,0.06
1.1765,0.14,0.04
1.1765,0.08,0.06
1.1766,0.1,0.06
1.1766,0.08,0.02
1.1766,0.1,-0.04
1.1766,0.08,0.02
1.1766,0.1,0
1.1766,0.1,0.04
1.1766,0.06,0
1.1766,0.14,0.04
1.1766,0.1,0.04
1.1766,0.08,0.02
1.1767,0.14,0.02
1.1767,0.16,0
1.1767,0.14,-0.02
1.1767,0.1,0
1.1767,0.14,0.02
1.1767,0.14,0
1.1767,0.06,0.04
1.1767,0.04,0.02
1.1767,0.06,0.08
1.1767,0.04,0.1
1.1768,0.06,0.06
1.1768,0.06,0
1.1768,0.08,-0.02
1.1768,0.18,0
1.1768,0.1,0.04
1.1768,0.1,0.02
1.1768,0.14,0.02
1.1768,0.12,0.02
1.1768,0.1,-0.02
1.1768,0.08,-0.04
1.1769,0.06,-0.08
1.1769,0.04,-0.06
1.1769,0.04,0
1.1769,0.1,0.04
1.1769,0.12,0.02
1.1769,0.12,-0.02
1.1769,0.1,0
1.1769,0.12,0.02
1.1769,0.14,0
1.1769,0.1,0
1.1769,0.14,0
1.177,0.06,0
1.177,0.12,0.06
1.177,0.08,0.02
1.177,0.1,0
1.177,0.08,0.04
1.177,0.04,0.08
1.177,0.06,0.02
1.177,0.08,0.1
1.177,0.04,0.08
1.177,0.08,0.02
1.1771,0.06,-0.04
1.1771,0.04,-0.04
1.1771,0.12,-0.08
1.1771,0.08,-0.06
1.1771,0.06,-0.08
1.1771,0.1,-0.06
1.1771,0.08,-0.04
1.1771,0.1,-0.02
1.1771,0.08,0
1.1771,0.04,0
1.1772,0.1,0
1.1772,0.08,0
1.1772,0.02,0.04
1.1772,0,0
