0.3429,0.04,0
0.3429,0.08,-0.04
0.3429,0.08,-0.04
0.34291,0.08,-0.04
0.34291,0.08,0
0.34291,0.08,-0.04
0.34291,0.04,0
0.34291,0.04,0
0.34292,0.04,0
0.34292,0.04,0
0.34292,0.04,0
0.34292,0.04,0
0.34292,0.04,0
0.34293,0.04,0
0.34293,0.08,0
0.34293,0.08,0
0.34293,0.08,0
0.34293,0.04,0
0.34294,0.04,0
0.34294,0.04,0
0.34294,0.04,0
0.34294,0.04,0
0.34294,0.08,0
0.34295,0,0.04
0.34295,0,0.04
0.34295,0,0.04
0.34295,0,0
0.34295,0,0
0.34296,0,0
0.34296,0,0
0.34296,0,0
0.34296,0,0
0.34296,0.04,0
0.34297,0.04,0
0.34297,0.08,0
0.34297,0.04,0
0.34297,0.08,0
0.34297,0.08,0
0.34298,0.08,0
0.34298,0.08,0
0.34298,0.08,0
0.34298,0.08,0
0.34298,0.04,0.04
0.34299,0.04,0
0.34299,0.04,0.04
0.34299,0,0.04
0.34299,0,0
0.34299,0,0
0.343,0.04,0
0.343,0.04,0
0.343,0.08,0.04
0.343,0.08,0.04
0.343,0.08,0.04
0.34301,0.08,0.04
0.34301,0.08,0.08
0.34301,0.08,0.04
0.34301,0.08,0.04
0.34301,0.04,0.08
0.34302,0.04,0.04
0.34302,0.04,0.04
0.34302,0.04,0.04
0.34302,0.04,0.04
0.34302,0.04,0.04
0.34303,0.04,0.04
0.34303,0.04,0.04
0.34303,0.04,0.08
0.34303,0.04,0.08
0.34303,0,0.08
0.34304,0.04,0.08
0.34304,0.04,0.08
0.34304,0.08,0.04
0.34304,0.04,0.04
0.34304,0.08,0.04
0.34305,0.08,0
0.34305,0.08,0
0.34305,0.08,0
0.34305,0.08,0
0.34305,0.08,0
0.34306,0.08,0
0.34306,0.08,0.04
0.34306,0.04,0.04
0.34306,0.04,0.08
0.34306,0.08,0.04
0.34307,0.04,0.08
0.34307,0.08,0.08
0.34307,0,0.08
0.34307,0,0.08
0.34307,0.04,0.08
0.34308,0.04,0.08
0.34308,0.08,0.08
0.34308,0.04,0.04
0.34308,0,0.04
0.34308,0.04,0
0.34309,0.04,0
0.34309,0.04,0
0.34309,0.04,0
0.34309,0,0
0.34309,0,0.04
0.3431,0,0.04
0.3431,0,0.04
0.3431,0,0.04
0.3431,0,0.04
0.3431,0,0
0.34311,0.04,0.04
0.34311,0.04,0.04
0.34311,0.04,0.04
0.34311,0.04,0
0.34311,0.04,0
0.34312,0.04,0.04
0.34312,0.08,0.04
0.34312,0.08,0.08
0.34312,0.04,0.08
0.34312,0.04,0.08
0.34313,0.04,0.08
0.34313,0,0.08
0.34313,0,0.08
0.34313,0,0.08
0.34313,0,0.08
0.34314,0,0.04
0.34314,0,0.04
0.34314,-0.04,0.04
0.34314,-0.08,0.04
0.34314,-0.04,0.04
0.34315,-0.04,0.04
0.34315,0,0.04
0.34315,0,0.04
0.34315,0,0.04
0.34315,0,0.04
0.34316,0,0.04
0.34316,-0.04,0.04
0.34316,0,0.08
0.34316,0,0.08
0.34316,0.04,0.08
0.34317,0.04,0.08
0.34317,0.04,0.04
0.34317,0.04,0.04
0.34317,0.04,0.04
0.34317,0,0.04
0.34318,0.04,0.04
0.34318,0.04,0.08
0.34318,0.04,0.08
0.34318,0.08,0.12
0.34318,0.04,0.12
0.34319,0.08,0.12
0.34319,0.08,0.12
0.34319,0.08,0.12
0.34319,0.08,0.08
0.34319,0.08,0.08
0.3432,0.04,0.08
0.3432,0,0.08
0.3432,0.04,0.04
0.3432,0,0.04
0.3432,0.04,0.08
0.34321,0.04,0.04
0.34321,0.04,0.08
0.34321,0.04,0.08
0.34321,0.04,0.08
0.34321,0,0.08
0.34322,0,0.04
0.34322,0,0.04
0.34322,0,0.04
0.34322,0,0.04
0.34322,0,0
0.34323,-0.04,0.08
0.34323,0,0.04
0.34323,0,0.08
0.34323,0.04,0.08
0.34323,0,0.08
0.34324,0,0.04
0.34324,-0.04,0.08
0.34324,-0.04,0.04
0.34324,-0.04,0.04
0.34324,-0.04,0.08
0.34325,-0.04,0.08
0.34325,-0.04,0.08
0.34325,-0.04,0.08
0.34325,-0.04,0.08
0.34325,-0.08,0.08
0.34326,-0.04,0.08
0.34326,-0.04,0.08
0.34326,-0.04,0.08
0.34326,-0.04,0.12
0.34326,0,0.08
0.34327,0.04,0.08
0.34327,0.08,0.08
0.34327,0.08,0.08
0.34327,0.12,0.04
0.34327,0.12,0.08
0.34328,0.12,0.08
0.34328,0.08,0.04
0.34328,0.08,0.04
0.34328,0.08,0.04
0.34328,0.08,0
0.34329,0.04,0.04
0.34329,0.04,0.04
0.34329,0.04,0.08
0.34329,0,0.08
0.34329,0,0.08
0.3433,0,0.08
0.3433,0,0.08
0.3433,0,0.08
0.3433,0,0.08
0.3433,0,0.08
0.34331,0,0.08
0.34331,0,0.08
0.34331,0.04,0.08
0.34331,0.04,0.04
0.34331,0.04,0.04
0.34332,0.08,0.04
0.34332,0.08,0.04
0.34332,0.08,0.08
0.34332,0.08,0.08
0.34332,0.08,0.04
0.34333,0.08,0.04
0.34333,0.08,0.04
0.34333,0.08,0.08
0.34333,0.04,0.04
0.34333,0.04,0.04
0.34334,0.04,0.08
0.34334,0,0.08
0.34334,0,0.08
0.34334,0,0.08
0.34334,0,0.08
0.34335,0,0.08
0.34335,-0.04,0.08
0.34335,0,0.04
0.34335,0,0.08
0.34335,0.04,0.08
0.34336,0.04,0.08
0.34336,0.04,0.08
0.34336,0,0.04
0.34336,0.04,0.04
0.34336,0,0.08
0.34337,0,0.08
0.34337,0.04,0.12
0.34337,0,0.12
0.34337,0,0.12
0.34337,0,0.12
0.34338,0,0.12
0.34338,0,0.12
0.34338,0,0.08
0.34338,0,0.08
0.34338,0.04,0.08
0.34339,0,0.08
0.34339,0,0.08
0.34339,0,0.08
0.34339,0,0.08
0.34339,0,0.08
0.3434,0,0.04
0.3434,0,0.08
0.3434,0,0.08
0.3434,0,0.08
0.3434,0,0.08
0.34341,0,0.08
0.34341,0,0.08
0.34341,0,0.08
0.34341,0,0.08
0.34341,0.04,0.08
0.34342,0.04,0.08
0.34342,0.04,0.08
0.34342,0,0.04
0.34342,0,0.08
0.34342,0,0.08
0.34343,0,0.04
0.34343,0,0.08
0.34343,0,0.08
0.34343,0,0.08
0.34343,0.04,0.08
0.34344,0,0.12
0.34344,0.04,0.12
0.34344,0,0.12
0.34344,0,0.08
0.34344,0,0.08
0.34345,0.04,0.08
0.34345,0.04,0.08
0.34345,0,0.08
0.34345,0,0.08
0.34345,0,0.08
0.34346,0,0.08
0.34346,0.04,0.08
0.34346,0.04,0.08
0.34346,0,0.08
0.34346,0.04,0.12
0.34347,0.04,0.12
0.34347,0.04,0.12
0.34347,0.04,0.12
0.34347,0.04,0.12
0.34347,0.04,0.08
0.34348,0.08,0.12
0.34348,0.08,0.08
0.34348,0.08,0.04
0.34348,0.08,0.08
0.34348,0.08,0.04
0.34349,0.08,0.04
0.34349,0.04,0.04
0.34349,0.04,0.04
0.34349,0,0.04
0.34349,0.04,0
0.3435,0,0.08
0.3435,0,0.08
0.3435,0,0.12
0.3435,-0.08,0.12
0.3435,0,0.08
0.34351,0,0.08
0.34351,0,0.08
0.34351,0,0.08
0.34351,0.04,0.08
0.34351,0.08,0.08
0.34352,0.08,0.08
0.34352,0.04,0.08
0.34352,0.08,0.08
0.34352,0.04,0.08
0.34352,0.04,0.08
0.34353,0.04,0.08
0.34353,0.04,0.08
0.34353,0.08,0.08
0.34353,0.08,0.08
0.34353,0.04,0.08
0.34354,0.08,0.08
0.34354,0.08,0.12
0.34354,0.08,0.08
0.34354,0.12,0.08
0.34354,0.12,0.08
0.34355,0.12,0.12
0.34355,0.08,0.12
0.34355,0.08,0.12
0.34355,0.08,0.12
0.34355,0.08,0.08
0.34356,0.04,0.08
0.34356,0.04,0.08
0.34356,0.04,0.08
0.34356,0.08,0.08
0.34356,0.08,0.12
0.34357,0.12,0.12
0.34357,0.12,0.08
0.34357,0.12,0.12
0.34357,0.12,0.08
0.34357,0.16,0.08
0.34358,0.16,0.08
0.34358,0.16,0.08
0.34358,0.12,0.12
0.34358,0.08,0.12
0.34358,0.04,0.08
0.34359,0.08,0.08
0.34359,0.08,0.08
0.34359,0.08,0.08
0.34359,0.08,0.12
0.34359,0.08,0.12
0.3436,0.04,0.12
0.3436,0.08,0.12
0.3436,0.04,0.12
0.3436,0.04,0.12
0.3436,0.08,0.08
0.34361,0.08,0.12
0.34361,0.08,0.12
0.34361,0.08,0.12
0.34361,0.08,0.12
0.34361,0.08,0.12
0.34362,0.08,0.12
0.34362,0.08,0.12
0.34362,0.08,0.16
0.34362,0.12,0.16
0.34362,0.12,0.12
0.34363,0.12,0.12
0.34363,0.12,0.12
0.34363,0.12,0.12
0.34363,0.12,0.12
0.34363,0.12,0.12
0.34364,0.12,0.12
0.34364,0.12,0.12
0.34364,0.12,0.12
0.34364,0.12,0.12
0.34364,0.16,0.08
0.34365,0.16,0.08
0.34365,0.16,0.08
0.34365,0.16,0.08
0.34365,0.16,0.12
0.34365,0.16,0.12
0.34366,0.2,0.16
0.34366,0.2,0.12
0.34366,0.16,0.12
0.34366,0.16,0.12
0.34366,0.16,0.12
0.34367,0.12,0.08
0.34367,0.12,0.08
0.34367,0.12,0.08
0.34367,0.12,0.08
0.34367,0.12,0.08
0.34368,0.12,0.04
0.34368,0.16,0.08
0.34368,0.16,0.08
0.34368,0.16,0.08
0.34368,0.16,0.12
0.34369,0.16,0.08
0.34369,0.16,0.12
0.34369,0.16,0.08
0.34369,0.16,0.08
0.34369,0.16,0.08
0.3437,0.12,0.12
0.3437,0.16,0.12
0.3437,0.12,0.08
0.3437,0.12,0.12
0.3437,0.08,0.12
0.34371,0.08,0.12
0.34371,0.08,0.12
0.34371,0.08,0.12
0.34371,0.08,0.12
0.34371,0.12,0.08
0.34372,0.12,0.08
0.34372,0.16,0.08
0.34372,0.12,0.12
0.34372,0.16,0.08
0.34372,0.16,0.12
0.34373,0.2,0.12
0.34373,0.2,0.12
0.34373,0.2,0.12
0.34373,0.2,0.08
0.34373,0.2,0.08
0.34374,0.2,0.12
0.34374,0.16,0.12
0.34374,0.16,0.08
0.34374,0.16,0.08
0.34374,0.16,0.12
0.34375,0.12,0.12
0.34375,0.12,0.12
0.34375,0.16,0.16
0.34375,0.12,0.16
0.34375,0.12,0.12
0.34376,0.12,0.12
0.34376,0.12,0.12
0.34376,0.12,0.12
0.34376,0.16,0.08
0.34376,0.16,0.08
0.34377,0.16,0.08
0.34377,0.12,0.08
0.34377,0.12,0.08
0.34377,0.12,0.08
0.34377,0.16,0.08
0.34378,0.12,0.04
0.34378,0.16,0.08
0.34378,0.16,0.08
0.34378,0.2,0.08
0.34378,0.2,0.08
0.34379,0.2,0.08
0.34379,0.2,0.08
0.34379,0.2,0.08
0.34379,0.2,0.12
0.34379,0.2,0.08
0.3438,0.2,0.08
0.3438,0.2,0.08
0.3438,0.2,0.12
0.3438,0.16,0.12
0.3438,0.16,0.08
0.34381,0.16,0.08
0.34381,0.2,0.08
0.34381,0.2,0.08
0.34381,0.24,0.08
0.34381,0.2,0.08
0.34382,0.24,0.12
0.34382,0.28,0.12
0.34382,0.28,0.12
0.34382,0.28,0.08
0.34382,0.28,0.08
0.34383,0.28,0.08
0.34383,0.24,0.08
0.34383,0.24,0.04
0.34383,0.2,0.08
0.34383,0.2,0.08
0.34384,0.2,0.08
0.34384,0.2,0.08
0.34384,0.16,0.08
0.34384,0.16,0.08
0.34384,0.16,0.08
0.34385,0.16,0.08
0.34385,0.16,0.04
0.34385,0.12,0.04
0.34385,0.16,0.08
0.34385,0.16,0.08
0.34386,0.16,0.12
0.34386,0.16,0.12
0.34386,0.16,0.12
0.34386,0.2,0.12
0.34386,0.2,0.12
0.34387,0.16,0.12
0.34387,0.2,0.12
0.34387,0.16,0.12
0.34387,0.16,0.12
0.34387,0.16,0.12
0.34388,0.16,0.12
0.34388,0.16,0.12
0.34388,0.16,0.12
0.34388,0.16,0.16
0.34388,0.2,0.12
0.34389,0.2,0.12
0.34389,0.24,0.08
0.34389,0.2,0.12
0.34389,0.2,0.12
0.34389,0.24,0.12
0.3439,0.2,0.08
0.3439,0.2,0.08
0.3439,0.2,0.08
0.3439,0.2,0.12
0.3439,0.2,0.08
0.34391,0.16,0.08
0.34391,0.2,0.08
0.34391,0.16,0.12
0.34391,0.2,0.12
0.34391,0.2,0.12
0.34392,0.2,0.16
0.34392,0.2,0.16
0.34392,0.2,0.16
0.34392,0.2,0.12
0.34392,0.28,0.16
0.34393,0.28,0.16
0.34393,0.28,0.16
0.34393,0.28,0.2
0.34393,0.28,0.2
0.34393,0.24,0.2
0.34394,0.24,0.2
0.34394,0.2,0.16
0.34394,0.2,0.12
0.34394,0.2,0.12
0.34394,0.2,0.08
0.34395,0.2,0.08
0.34395,0.24,0.04
0.34395,0.2,0.08
0.34395,0.24,0.04
0.34395,0.24,0
0.34396,0.28,0.04
0.34396,0.28,0.04
0.34396,0.32,0.04
0.34396,0.32,0.08
0.34396,0.32,0.08
0.34397,0.32,0.08
0.34397,0.32,0.08
0.34397,0.32,0.08
0.34397,0.32,0.08
0.34397,0.32,0.08
0.34398,0.32,0.12
0.34398,0.32,0.12
0.34398,0.36,0.2
0.34398,0.36,0.16
0.34398,0.32,0.2
0.34399,0.32,0.2
0.34399,0.32,0.16
0.34399,0.32,0.16
0.34399,0.32,0.16
0.34399,0.32,0.12
0.344,0.28,0.12
0.344,0.24,0.08
0.344,0.24,0.08
0.344,0.2,0.08
0.344,0.24,0.08
0.34401,0.24,0.08
0.34401,0.24,0.04
0.34401,0.24,0.08
0.34401,0.24,0.08
0.34401,0.24,0.08
0.34402,0.24,0.12
0.34402,0.28,0.08
0.34402,0.24,0.12
0.34402,0.24,0.12
0.34402,0.24,0.16
0.34403,0.28,0.16
0.34403,0.32,0.16
0.34403,0.32,0.12
0.34403,0.32,0.16
0.34403,0.28,0.12
0.34404,0.28,0.12
0.34404,0.32,0.08
0.34404,0.32,0.08
0.34404,0.32,0.08
0.34404,0.28,0.08
0.34405,0.28,0.08
0.34405,0.28,0.08
0.34405,0.24,0.08
0.34405,0.24,0.08
0.34405,0.24,0.12
0.34406,0.24,0.08
0.34406,0.24,0.12
0.34406,0.24,0.12
0.34406,0.28,0.08
0.34406,0.28,0.12
0.34407,0.24,0.12
0.34407,0.28,0.12
0.34407,0.28,0.12
0.34407,0.28,0.08
0.34407,0.28,0.08
0.34408,0.32,0.08
0.34408,0.28,0.08
0.34408,0.32,0.08
0.34408,0.32,0.08
0.34408,0.32,0.08
0.34409,0.24,0.08
0.34409,0.28,0.08
0.34409,0.28,0.08
0.34409,0.28,0.12
0.34409,0.24,0.08
0.3441,0.28,0.08
0.3441,0.28,0.08
0.3441,0.32,0.12
0.3441,0.36,0.08
0.3441,0.36,0.08
0.34411,0.36,0.08
0.34411,0.36,0.08
0.34411,0.32,0.04
0.34411,0.32,0.08
0.34411,0.32,0.08
0.34412,0.32,0.12
0.34412,0.36,0.12
0.34412,0.36,0.12
0.34412,0.32,0.12
0.34412,0.36,0.16
0.34413,0.36,0.16
0.34413,0.4,0.16
0.34413,0.4,0.12
0.34413,0.44,0.08
0.34413,0.4,0.08
0.34414,0.36,0.08
0.34414,0.36,0.08
0.34414,0.36,0.08
0.34414,0.32,0.12
0.34414,0.36,0.12
0.34415,0.36,0.12
0.34415,0.36,0.08
0.34415,0.36,0.08
0.34415,0.4,0.08
0.34415,0.36,0.08
0.34416,0.36,0.08
0.34416,0.36,0.08
0.34416,0.36,0.08
0.34416,0.36,0.08
0.34416,0.32,0.12
0.34417,0.32,0.12
0.34417,0.32,0.12
0.34417,0.32,0.12
0.34417,0.32,0.08
0.34417,0.32,0.08
0.34418,0.32,0.08
0.34418,0.32,0.08
0.34418,0.32,0.08
0.34418,0.32,0.08
0.34418,0.36,0.08
0.34419,0.36,0.12
0.34419,0.32,0.08
0.34419,0.32,0.08
0.34419,0.36,0.08
0.34419,0.36,0.04
0.3442,0.36,0.08
0.3442,0.4,0.08
0.3442,0.36,0.04
0.3442,0.4,0.08
0.3442,0.4,0.08
0.34421,0.4,0.08
0.34421,0.4,0.08
0.34421,0.36,0.12
0.34421,0.4,0.12
0.34421,0.4,0.12
0.34422,0.4,0.12
0.34422,0.44,0.08
0.34422,0.4,0.04
0.34422,0.44,0.04
0.34422,0.44,0.04
0.34423,0.44,0.04
0.34423,0.48,0.04
0.34423,0.44,0.08
0.34423,0.44,0.08
0.34423,0.44,0.08
0.34424,0.4,0.12
0.34424,0.44,0.12
0.34424,0.44,0.12
0.34424,0.4,0.12
0.34424,0.36,0.12
0.34425,0.4,0.12
0.34425,0.4,0.12
0.34425,0.4,0.12
0.34425,0.36,0.12
0.34425,0.36,0.12
0.34426,0.4,0.12
0.34426,0.36,0.12
0.34426,0.4,0.12
0.34426,0.4,0.12
0.34426,0.4,0.12
0.34427,0.44,0.12
0.34427,0.4,0.12
0.34427,0.44,0.12
0.34427,0.44,0.12
0.34427,0.4,0.12
0.34428,0.44,0.12
0.34428,0.48,0.08
0.34428,0.52,0.12
0.34428,0.52,0.12
0.34428,0.48,0.08
0.34429,0.52,0.12
0.34429,0.48,0.12
0.34429,0.48,0.12
0.34429,0.48,0.16
0.34429,0.44,0.12
0.3443,0.44,0.08
0.3443,0.44,0.08
0.3443,0.44,0.08
0.3443,0.44,0.08
0.3443,0.4,0.08
0.34431,0.4,0.08
0.34431,0.4,0.08
0.34431,0.44,0.08
0.34431,0.44,0.08
0.34431,0.44,0.08
0.34432,0.48,0.08
0.34432,0.48,0.08
0.34432,0.52,0.12
0.34432,0.52,0.12
0.34432,0.52,0.12
0.34433,0.52,0.08
0.34433,0.52,0.08
0.34433,0.48,0.12
0.34433,0.48,0.12
0.34433,0.44,0.12
0.34434,0.44,0.08
0.34434,0.44,0.08
0.34434,0.48,0.08
0.34434,0.48,0.12
0.34434,0.52,0.12
0.34435,0.52,0.16
0.34435,0.52,0.16
0.34435,0.52,0.16
0.34435,0.52,0.16
0.34435,0.52,0.2
0.34436,0.52,0.12
0.34436,0.52,0.12
0.34436,0.52,0.08
0.34436,0.52,0.12
0.34436,0.56,0.12
0.34437,0.52,0.12
0.34437,0.52,0.12
0.34437,0.48,0.12
0.34437,0.48,0.12
0.34437,0.48,0.12
0.34438,0.44,0.12
0.34438,0.44,0.12
0.34438,0.44,0.08
0.34438,0.48,0.08
0.34438,0.48,0.08
0.34439,0.44,0.12
0.34439,0.44,0.12
0.34439,0.44,0.12
0.34439,0.48,0.12
0.34439,0.48,0.12
0.3444,0.48,0.08
0.3444,0.52,0.08
0.3444,0.56,0.12
0.3444,0.56,0.08
0.3444,0.56,0.12
0.34441,0.52,0.12
0.34441,0.52,0.08
0.34441,0.52,0.08
0.34441,0.52,0.12
0.34441,0.52,0.12
0.34442,0.52,0.12
0.34442,0.52,0.12
0.34442,0.56,0.08
0.34442,0.56,0.12
0.34442,0.56,0.12
0.34443,0.56,0.08
0.34443,0.56,0.08
0.34443,0.56,0.08
0.34443,0.56,0.08
0.34443,0.52,0.08
0.34444,0.52,0.08
0.34444,0.52,0.08
0.34444,0.48,0.08
0.34444,0.52,0.12
0.34444,0.52,0.12
0.34445,0.52,0.12
0.34445,0.52,0.12
0.34445,0.52,0.12
0.34445,0.56,0.12
0.34445,0.56,0.12
0.34446,0.56,0.12
0.34446,0.56,0.12
0.34446,0.6,0.08
0.34446,0.6,0.12
0.34446,0.6,0.12
0.34447,0.6,0.12
0.34447,0.6,0.12
0.34447,0.6,0.12
0.34447,0.6,0.12
0.34447,0.56,0.12
0.34448,0.56,0.12
0.34448,0.56,0.12
0.34448,0.56,0.08
0.34448,0.6,0.12
0.34448,0.64,0.12
0.34449,0.6,0.12
0.34449,0.6,0.12
0.34449,0.6,0.12
0.34449,0.6,0.16
0.34449,0.6,0.16
0.3445,0.6,0.16
0.3445,0.6,0.2
0.3445,0.6,0.16
0.3445,0.6,0.2
0.3445,0.64,0.2
0.34451,0.6,0.16
0.34451,0.64,0.12
0.34451,0.64,0.12
0.34451,0.64,0.12
0.34451,0.64,0.16
0.34452,0.64,0.12
0.34452,0.64,0.16
0.34452,0.6,0.16
0.34452,0.6,0.12
0.34452,0.6,0.12
0.34453,0.6,0.16
0.34453,0.6,0.12
0.34453,0.6,0.12
0.34453,0.56,0.12
0.34453,0.6,0.08
0.34454,0.56,0.12
0.34454,0.6,0.12
0.34454,0.56,0.12
0.34454,0.56,0.12
0.34454,0.56,0.12
0.34455,0.56,0.12
0.34455,0.56,0.12
0.34455,0.52,0.12
0.34455,0.52,0.16
0.34455,0.56,0.16
0.34456,0.52,0.16
0.34456,0.56,0.12
0.34456,0.56,0.16
0.34456,0.6,0.12
0.34456,0.6,0.12
0.34457,0.64,0.12
0.34457,0.64,0.12
0.34457,0.64,0.12
0.34457,0.64,0.12
0.34457,0.68,0.12
0.34458,0.68,0.16
0.34458,0.64,0.12
0.34458,0.64,0.12
0.34458,0.64,0.12
0.34458,0.64,0.12
0.34459,0.64,0.12
0.34459,0.64,0.12
0.34459,0.68,0.08
0.34459,0.64,0.12
0.34459,0.64,0.12
0.3446,0.64,0.12
0.3446,0.64,0.12
0.3446,0.64,0.12
0.3446,0.64,0.16
0.3446,0.64,0.16
0.34461,0.68,0.16
0.34461,0.68,0.16
0.34461,0.72,0.16
0.34461,0.72,0.12
0.34461,0.72,0.12
0.34462,0.68,0.12
0.34462,0.72,0.12
0.34462,0.76,0.12
0.34462,0.72,0.12
0.34462,0.68,0.16
0.34463,0.68,0.16
0.34463,0.64,0.16
0.34463,0.64,0.16
0.34463,0.64,0.16
0.34463,0.68,0.12
0.34464,0.68,0.12
0.34464,0.68,0.12
0.34464,0.68,0.12
0.34464,0.68,0.08
0.34464,0.68,0.08
0.34465,0.68,0.08
0.34465,0.68,0.08
0.34465,0.68,0.08
0.34465,0.68,0.08
0.34465,0.68,0.08
0.34466,0.72,0.08
0.34466,0.72,0.08
0.34466,0.72,0.08
0.34466,0.76,0.12
0.34466,0.72,0.12
0.34467,0.72,0.12
0.34467,0.72,0.12
0.34467,0.72,0.12
0.34467,0.72,0.16
0.34467,0.68,0.12
0.34468,0.68,0.12
0.34468,0.68,0.16
0.34468,0.64,0.16
0.34468,0.68,0.16
0.34468,0.68,0.16
0.34469,0.72,0.16
0.34469,0.68,0.16
0.34469,0.72,0.16
0.34469,0.68,0.16
0.34469,0.72,0.16
0.3447,0.68,0.16
0.3447,0.72,0.12
0.3447,0.72,0.16
0.3447,0.72,0.12
0.3447,0.76,0.12
0.34471,0.76,0.12
0.34471,0.72,0.16
0.34471,0.68,0.2
0.34471,0.68,0.16
0.34471,0.72,0.16
0.34472,0.72,0.16
0.34472,0.76,0.16
0.34472,0.76,0.12
0.34472,0.76,0.12
0.34472,0.76,0.12
0.34473,0.76,0.12
0.34473,0.76,0.08
0.34473,0.76,0.08
0.34473,0.76,0.12
0.34473,0.76,0.12
0.34474,0.72,0.12
0.34474,0.72,0.12
0.34474,0.72,0.08
0.34474,0.72,0.12
0.34474,0.68,0.12
0.34475,0.68,0.12
0.34475,0.72,0.16
0.34475,0.76,0.16
0.34475,0.76,0.2
0.34475,0.76,0.16
0.34476,0.76,0.16
0.34476,0.8,0.12
0.34476,0.8,0.08
0.34476,0.76,0.12
0.34476,0.8,0.12
0.34477,0.8,0.12
0.34477,0.76,0.16
0.34477,0.8,0.16
0.34477,0.8,0.16
0.34477,0.8,0.16
0.34478,0.84,0.16
0.34478,0.84,0.16
0.34478,0.84,0.16
0.34478,0.8,0.2
0.34478,0.8,0.2
0.34479,0.8,0.2
0.34479,0.8,0.16
0.34479,0.8,0.2
0.34479,0.76,0.16
0.34479,0.76,0.2
0.3448,0.76,0.2
0.3448,0.76,0.2
0.3448,0.76,0.2
0.3448,0.76,0.16
0.3448,0.76,0.16
0.34481,0.76,0.16
0.34481,0.76,0.12
0.34481,0.8,0.16
0.34481,0.76,0.12
0.34481,0.8,0.12
0.34482,0.8,0.12
0.34482,0.8,0.12
0.34482,0.8,0.16
0.34482,0.8,0.12
0.34482,0.84,0.12
0.34483,0.84,0.16
0.34483,0.8,0.12
0.34483,0.8,0.2
0.34483,0.84,0.24
0.34483,0.8,0.24
0.34484,0.76,0.2
0.34484,0.76,0.24
0.34484,0.8,0.2
0.34484,0.8,0.2
0.34484,0.8,0.16
0.34485,0.8,0.16
0.34485,0.8,0.2
0.34485,0.8,0.24
0.34485,0.8,0.2
0.34485,0.8,0.2
0.34486,0.8,0.2
0.34486,0.8,0.16
0.34486,0.84,0.16
0.34486,0.84,0.16
0.34486,0.84,0.16
0.34487,0.84,0.16
0.34487,0.84,0.16
0.34487,0.84,0.16
0.34487,0.88,0.16
0.34487,0.84,0.16
0.34488,0.88,0.16
0.34488,0.88,0.2
0.34488,0.88,0.2
0.34488,0.88,0.2
0.34488,0.84,0.2
0.34489,0.84,0.2
0.34489,0.88,0.24
0.34489,0.84,0.2
0.34489,0.92,0.2
0.34489,0.88,0.2
0.3449,0.84,0.2
0.3449,0.8,0.2
0.3449,0.8,0.16
0.3449,0.8,0.12
0.3449,0.8,0.16
0.34491,0.8,0.12
0.34491,0.8,0.12
0.34491,0.84,0.12
0.34491,0.8,0.12
0.34491,0.8,0.12
0.34492,0.84,0.08
0.34492,0.84,0.08
0.34492,0.88,0.08
0.34492,0.88,0.08
0.34492,0.88,0.08
0.34493,0.88,0.12
0.34493,0.88,0.12
0.34493,0.88,0.16
0.34493,0.88,0.16
0.34493,0.88,0.12
0.34494,0.92,0.16
0.34494,0.92,0.16
0.34494,0.92,0.12
0.34494,0.92,0.12
0.34494,0.92,0.12
0.34495,0.88,0.12
0.34495,0.88,0.12
0.34495,0.88,0.12
0.34495,0.88,0.16
0.34495,0.88,0.16
0.34496,0.88,0.16
0.34496,0.88,0.16
0.34496,0.84,0.16
0.34496,0.88,0.12
0.34496,0.84,0.12
0.34497,0.88,0.16
0.34497,0.88,0.16
0.34497,0.88,0.2
0.34497,0.88,0.2
0.34497,0.88,0.2
0.34498,0.88,0.2
0.34498,0.88,0.2
0.34498,0.88,0.24
0.34498,0.88,0.2
0.34498,0.88,0.2
0.34499,0.88,0.2
0.34499,0.88,0.2
0.34499,0.88,0.2
0.34499,0.88,0.2
0.34499,0.84,0.2
0.345,0.84,0.2
0.345,0.84,0.16
0.345,0.84,0.16
0.345,0.8,0.16
0.345,0.8,0.2
0.34501,0.8,0.16
0.34501,0.84,0.16
0.34501,0.84,0.16
0.34501,0.88,0.12
0.34501,0.84,0.12
0.34502,0.84,0.12
0.34502,0.88,0.12
0.34502,0.84,0.12
0.34502,0.84,0.12
0.34502,0.88,0.16
0.34503,0.88,0.12
0.34503,0.88,0.12
0.34503,0.92,0.12
0.34503,0.88,0.16
0.34503,0.88,0.16
0.34504,0.88,0.16
0.34504,0.88,0.2
0.34504,0.88,0.16
0.34504,0.88,0.16
0.34504,0.88,0.16
0.34505,0.88,0.2
0.34505,0.88,0.16
0.34505,0.88,0.16
0.34505,0.92,0.16
0.34505,0.88,0.16
0.34506,0.92,0.2
0.34506,0.88,0.16
0.34506,0.88,0.16
0.34506,0.88,0.16
0.34506,0.88,0.16
0.34507,0.88,0.16
0.34507,0.92,0.16
0.34507,0.92,0.16
0.34507,0.92,0.2
0.34507,0.92,0.2
0.34508,0.92,0.2
0.34508,0.96,0.2
0.34508,0.92,0.2
0.34508,0.92,0.2
0.34508,0.88,0.2
0.34509,0.88,0.2
0.34509,0.88,0.12
0.34509,0.88,0.16
0.34509,0.88,0.16
0.34509,0.88,0.2
0.3451,0.88,0.2
0.3451,0.88,0.16
0.3451,0.88,0.2
0.3451,0.88,0.16
0.3451,0.92,0.2
0.34511,0.92,0.2
0.34511,0.96,0.2
0.34511,0.96,0.16
0.34511,0.92,0.16
0.34511,0.96,0.16
0.34512,0.96,0.16
0.34512,0.96,0.2
0.34512,0.96,0.2
0.34512,0.96,0.2
0.34512,0.96,0.16
0.34513,0.96,0.16
0.34513,0.96,0.16
0.34513,0.92,0.2
0.34513,0.92,0.16
0.34513,0.88,0.16
0.34514,0.88,0.2
0.34514,0.88,0.16
0.34514,0.92,0.16
0.34514,0.92,0.2
0.34514,0.92,0.2
0.34515,0.92,0.2
0.34515,0.92,0.2
0.34515,0.92,0.2
0.34515,0.92,0.2
0.34515,0.96,0.2
0.34516,0.96,0.2
0.34516,0.92,0.2
0.34516,0.92,0.2
0.34516,0.92,0.2
0.34516,0.92,0.2
0.34517,0.92,0.2
0.34517,0.88,0.12
0.34517,0.88,0.16
0.34517,0.88,0.12
0.34517,0.88,0.16
0.34518,0.92,0.16
0.34518,0.92,0.16
0.34518,0.92,0.16
0.34518,0.96,0.16
0.34518,0.96,0.16
0.34519,0.96,0.16
0.34519,0.96,0.2
0.34519,0.96,0.2
0.34519,0.92,0.16
0.34519,0.96,0.2
0.3452,0.92,0.16
0.3452,0.96,0.2
0.3452,0.92,0.2
0.3452,0.92,0.2
0.3452,0.92,0.2
0.34521,0.96,0.16
0.34521,0.92,0.16
0.34521,0.92,0.16
0.34521,0.96,0.16
0.34521,0.96,0.12
0.34522,0.96,0.16
0.34522,0.96,0.12
0.34522,0.96,0.16
0.34522,0.96,0.16
0.34522,0.96,0.16
0.34523,1,0.16
0.34523,1,0.16
0.34523,1,0.12
0.34523,1,0.12
0.34523,1,0.12
0.34524,1,0.12
0.34524,1,0.12
0.34524,1,0.12
0.34524,1,0.12
0.34524,1,0.16
0.34525,0.96,0.16
0.34525,0.96,0.16
0.34525,0.92,0.16
0.34525,0.88,0.16
0.34525,0.88,0.2
0.34526,0.92,0.16
0.34526,0.92,0.12
0.34526,0.92,0.12
0.34526,0.92,0.16
0.34526,0.96,0.16
0.34527,1,0.16
0.34527,1,0.16
0.34527,0.96,0.16
0.34527,0.96,0.16
0.34527,0.96,0.16
0.34528,1,0.2
0.34528,1,0.2
0.34528,1,0.2
0.34528,1,0.2
0.34528,1,0.2
0.34529,0.96,0.2
0.34529,1,0.2
0.34529,0.96,0.2
0.34529,0.96,0.24
0.34529,0.96,0.2
0.3453,0.96,0.2
0.3453,0.96,0.2
0.3453,0.96,0.2
0.3453,1,0.16
0.3453,1,0.16
0.34531,1.04,0.12
0.34531,1.04,0.16
0.34531,1.08,0.2
0.34531,1.04,0.16
0.34531,1,0.16
0.34532,1.04,0.16
0.34532,1.04,0.16
0.34532,1.04,0.2
0.34532,1.04,0.16
0.34532,1.04,0.16
0.34533,1,0.16
0.34533,1,0.12
0.34533,1,0.12
0.34533,1,0.12
0.34533,0.96,0.12
0.34534,1,0.12
0.34534,0.96,0.12
0.34534,0.96,0.16
0.34534,0.92,0.2
0.34534,0.96,0.2
0.34535,0.96,0.2
0.34535,1,0.24
0.34535,1,0.24
0.34535,1,0.24
0.34535,1.04,0.28
0.34536,1.04,0.28
0.34536,1,0.24
0.34536,1,0.28
0.34536,0.96,0.24
0.34536,1,0.28
0.34537,1,0.28
0.34537,0.96,0.28
0.34537,0.96,0.24
0.34537,1,0.24
0.34537,1,0.2
0.34538,1,0.2
0.34538,1,0.16
0.34538,1.04,0.2
0.34538,1.04,0.2
0.34538,1.04,0.2
0.34539,1.04,0.2
0.34539,1.04,0.2
0.34539,1.04,0.2
0.34539,1,0.2
0.34539,1,0.2
0.3454,1.04,0.2
0.3454,1,0.2
0.3454,1.04,0.24
0.3454,1,0.24
0.3454,1,0.24
0.34541,1.04,0.24
0.34541,1.04,0.28
0.34541,1.08,0.24
0.34541,1.08,0.28
0.34541,1.04,0.24
0.34542,1.08,0.28
0.34542,1.04,0.24
0.34542,1.04,0.24
0.34542,1.04,0.24
0.34542,1.04,0.28
0.34543,1,0.28
0.34543,1,0.24
0.34543,1,0.24
0.34543,1.04,0.2
0.34543,1.04,0.2
0.34544,1.04,0.2
0.34544,1.04,0.2
0.34544,1,0.24
0.34544,1,0.24
0.34544,1,0.24
0.34545,0.96,0.24
0.34545,0.96,0.24
0.34545,0.96,0.28
0.34545,0.96,0.24
0.34545,0.96,0.28
0.34546,0.96,0.24
0.34546,1,0.24
0.34546,1,0.2
0.34546,1,0.2
0.34546,1,0.2
0.34547,1,0.2
0.34547,1.04,0.16
0.34547,1.04,0.16
0.34547,1.04,0.2
0.34547,1.04,0.2
0.34548,1.04,0.2
0.34548,1.08,0.2
0.34548,1.08,0.24
0.34548,1.04,0.24
0.34548,1,0.24
0.34549,1,0.24
0.34549,1,0.24
0.34549,1,0.24
0.34549,1,0.2
0.34549,0.92,0.24
0.3455,0.92,0.2
0.3455,0.92,0.24
0.3455,0.96,0.24
0.3455,0.96,0.2
0.3455,1,0.2
0.34551,0.96,0.24
0.34551,1,0.2
0.34551,1,0.24
0.34551,0.96,0.24
0.34551,1,0.28
0.34552,0.96,0.28
0.34552,1,0.24
0.34552,1,0.24
0.34552,1,0.28
0.34552,1,0.28
0.34553,1,0.28
0.34553,1,0.28
0.34553,1,0.28
0.34553,1,0.24
0.34553,1,0.24
0.34554,1,0.2
0.34554,0.96,0.2
0.34554,0.96,0.24
0.34554,1,0.24
0.34554,0.96,0.24
0.34555,0.96,0.24
0.34555,0.96,0.24
0.34555,0.96,0.24
0.34555,1,0.2
0.34555,1,0.2
0.34556,1,0.2
0.34556,1.04,0.2
0.34556,1.04,0.2
0.34556,1.04,0.2
0.34556,1.04,0.2
0.34557,1.08,0.2
0.34557,1.08,0.2
0.34557,1.08,0.2
0.34557,1.04,0.2
0.34557,1,0.2
0.34558,0.96,0.2
0.34558,0.96,0.2
0.34558,0.96,0.2
0.34558,0.92,0.2
0.34558,0.88,0.2
0.34559,0.92,0.2
0.34559,0.88,0.2
0.34559,0.92,0.24
0.34559,0.92,0.24
0.34559,0.92,0.28
0.3456,0.92,0.28
0.3456,1,0.28
0.3456,0.96,0.32
0.3456,0.96,0.28
0.3456,1,0.28
0.34561,1,0.32
0.34561,1,0.28
0.34561,1,0.28
0.34561,1,0.28
0.34561,1,0.28
0.34562,1,0.28
0.34562,1,0.28
0.34562,1,0.28
0.34562,1,0.28
0.34562,0.96,0.32
0.34563,0.96,0.28
0.34563,0.92,0.32
0.34563,0.92,0.28
0.34563,0.92,0.28
0.34563,0.92,0.24
0.34564,0.92,0.24
0.34564,0.92,0.28
0.34564,0.92,0.28
0.34564,0.92,0.24
0.34564,0.92,0.24
0.34565,0.92,0.24
0.34565,0.92,0.24
0.34565,0.92,0.24
0.34565,0.92,0.28
0.34565,0.92,0.24
0.34566,0.96,0.24
0.34566,0.96,0.24
0.34566,0.92,0.24
0.34566,0.96,0.28
0.34566,1,0.28
0.34567,0.96,0.28
0.34567,0.96,0.24
0.34567,1,0.28
0.34567,1.04,0.28
0.34567,1,0.28
0.34568,1,0.32
0.34568,1,0.28
0.34568,0.96,0.28
0.34568,1,0.24
0.34568,0.96,0.28
0.34569,0.92,0.24
0.34569,0.92,0.28
0.34569,0.96,0.28
0.34569,0.92,0.24
0.34569,0.92,0.28
0.3457,0.92,0.28
0.3457,0.92,0.28
0.3457,0.92,0.28
0.3457,0.92,0.28
0.3457,0.96,0.24
0.34571,0.96,0.24
0.34571,0.96,0.24
0.34571,1,0.2
0.34571,0.96,0.2
0.34571,0.96,0.2
0.34572,1,0.2
0.34572,1,0.2
0.34572,0.96,0.24
0.34572,0.96,0.24
0.34572,1,0.24
0.34573,0.96,0.24
0.34573,0.96,0.24
0.34573,0.92,0.24
0.34573,0.96,0.24
0.34573,0.96,0.28
0.34574,0.96,0.28
0.34574,1,0.28
0.34574,0.96,0.28
0.34574,0.96,0.28
0.34574,1,0.28
0.34575,1,0.24
0.34575,1,0.28
0.34575,1,0.28
0.34575,1,0.28
0.34575,0.96,0.28
0.34576,0.96,0.28
0.34576,0.96,0.28
0.34576,1,0.28
0.34576,1,0.28
0.34576,0.96,0.28
0.34577,0.96,0.24
0.34577,0.96,0.28
0.34577,1,0.24
0.34577,0.96,0.24
0.34577,1,0.24
0.34578,1,0.28
0.34578,1,0.28
0.34578,1,0.28
0.34578,1,0.28
0.34578,1,0.28
0.34579,1,0.32
0.34579,0.96,0.28
0.34579,0.96,0.28
0.34579,0.96,0.24
0.34579,0.96,0.24
0.3458,0.96,0.2
0.3458,0.96,0.2
0.3458,0.92,0.2
0.3458,0.92,0.2
0.3458,0.96,0.2
0.34581,0.92,0.2
0.34581,0.96,0.2
0.34581,0.96,0.2
0.34581,0.96,0.2
0.34581,0.96,0.2
0.34582,0.96,0.2
0.34582,0.96,0.2
0.34582,0.96,0.2
0.34582,0.96,0.24
0.34582,0.96,0.2
0.34583,0.96,0.24
0.34583,0.96,0.24
0.34583,0.96,0.24
0.34583,0.96,0.24
0.34583,0.96,0.24
0.34584,0.96,0.28
0.34584,0.96,0.28
0.34584,0.96,0.28
0.34584,0.96,0.28
0.34584,0.92,0.32
0.34585,0.92,0.28
0.34585,0.96,0.28
0.34585,0.96,0.28
0.34585,0.96,0.32
0.34585,0.96,0.32
0.34586,0.96,0.32
0.34586,0.92,0.32
0.34586,0.92,0.32
0.34586,0.92,0.28
0.34586,0.96,0.28
0.34587,0.96,0.28
0.34587,0.96,0.24
0.34587,0.92,0.2
0.34587,0.92,0.2
0.34587,0.92,0.16
0.34588,0.92,0.2
0.34588,0.88,0.2
0.34588,0.92,0.24
0.34588,0.92,0.2
0.34588,0.92,0.24
0.34589,0.92,0.24
0.34589,0.96,0.24
0.34589,0.96,0.24
0.34589,0.92,0.2
0.34589,0.88,0.24
0.3459,0.88,0.2
0.3459,0.88,0.24
0.3459,0.88,0.2
0.3459,0.84,0.28
0.3459,0.84,0.24
0.34591,0.8,0.24
0.34591,0.8,0.24
0.34591,0.84,0.2
0.34591,0.84,0.24
0.34591,0.88,0.24
0.34592,0.88,0.28
0.34592,0.88,0.28
0.34592,0.88,0.28
0.34592,0.88,0.28
0.34592,0.88,0.28
0.34593,0.88,0.32
0.34593,0.88,0.28
0.34593,0.88,0.28
0.34593,0.88,0.28
0.34593,0.88,0.28
0.34594,0.92,0.28
0.34594,0.88,0.28
0.34594,0.84,0.28
0.34594,0.84,0.28
0.34594,0.84,0.28
0.34595,0.8,0.24
0.34595,0.8,0.28
0.34595,0.8,0.24
0.34595,0.8,0.28
0.34595,0.8,0.28
0.34596,0.8,0.28
0.34596,0.84,0.28
0.34596,0.8,0.28
0.34596,0.8,0.28
0.34596,0.84,0.28
0.34597,0.84,0.28
0.34597,0.84,0.24
0.34597,0.88,0.24
0.34597,0.88,0.24
0.34597,0.88,0.2
0.34598,0.84,0.24
0.34598,0.8,0.24
0.34598,0.8,0.24
0.34598,0.84,0.2
0.34598,0.84,0.2
0.34599,0.84,0.2
0.34599,0.88,0.16
0.34599,0.84,0.2
0.34599,0.84,0.24
0.34599,0.8,0.2
0.346,0.8,0.2
0.346,0.8,0.2
0.346,0.8,0.2
0.346,0.84,0.24
0.346,0.84,0.24
0.34601,0.8,0.2
0.34601,0.84,0.2
0.34601,0.88,0.2
0.34601,0.84,0.24
0.34601,0.84,0.24
0.34602,0.88,0.2
0.34602,0.84,0.24
0.34602,0.84,0.24
0.34602,0.84,0.24
0.34602,0.8,0.24
0.34603,0.8,0.24
0.34603,0.84,0.24
0.34603,0.88,0.24
0.34603,0.84,0.24
0.34603,0.8,0.2
0.34604,0.8,0.2
0.34604,0.8,0.2
0.34604,0.8,0.24
0.34604,0.8,0.2
0.34604,0.8,0.2
0.34605,0.8,0.2
0.34605,0.8,0.2
0.34605,0.8,0.16
0.34605,0.8,0.2
0.34605,0.8,0.2
0.34606,0.8,0.16
0.34606,0.8,0.16
0.34606,0.84,0.12
0.34606,0.88,0.16
0.34606,0.88,0.2
0.34607,0.84,0.2
0.34607,0.84,0.2
0.34607,0.88,0.2
0.34607,0.84,0.2
0.34607,0.8,0.2
0.34608,0.84,0.2
0.34608,0.84,0.2
0.34608,0.84,0.2
0.34608,0.84,0.2
0.34608,0.88,0.2
0.34609,0.84,0.24
0.34609,0.84,0.24
0.34609,0.84,0.24
0.34609,0.8,0.28
0.34609,0.8,0.28
0.3461,0.8,0.28
0.3461,0.84,0.28
0.3461,0.84,0.24
0.3461,0.84,0.28
0.3461,0.8,0.28
0.34611,0.8,0.32
0.34611,0.8,0.28
0.34611,0.8,0.28
0.34611,0.8,0.24
0.34611,0.8,0.2
0.34612,0.8,0.24
0.34612,0.8,0.24
0.34612,0.76,0.24
0.34612,0.76,0.2
0.34612,0.76,0.2
0.34613,0.8,0.2
0.34613,0.8,0.2
0.34613,0.76,0.2
0.34613,0.76,0.24
0.34613,0.76,0.24
0.34614,0.76,0.24
0.34614,0.76,0.24
0.34614,0.76,0.24
0.34614,0.76,0.24
0.34614,0.72,0.24
0.34615,0.72,0.24
0.34615,0.72,0.24
0.34615,0.72,0.28
0.34615,0.72,0.28
0.34615,0.68,0.28
0.34616,0.68,0.28
0.34616,0.68,0.28
0.34616,0.68,0.24
0.34616,0.68,0.24
0.34616,0.68,0.28
0.34617,0.72,0.24
0.34617,0.72,0.28
0.34617,0.76,0.24
0.34617,0.76,0.24
0.34617,0.76,0.24
0.34618,0.8,0.28
0.34618,0.76,0.24
0.34618,0.76,0.28
0.34618,0.76,0.24
0.34618,0.76,0.24
0.34619,0.72,0.24
0.34619,0.72,0.24
0.34619,0.72,0.24
0.34619,0.72,0.28
0.34619,0.72,0.24
0.3462,0.76,0.24
0.3462,0.76,0.24
0.3462,0.72,0.28
0.3462,0.72,0.28
0.3462,0.72,0.28
0.34621,0.72,0.28
0.34621,0.72,0.28
0.34621,0.72,0.28
0.34621,0.72,0.28
0.34621,0.72,0.28
0.34622,0.72,0.28
0.34622,0.72,0.28
0.34622,0.72,0.28
0.34622,0.72,0.24
0.34622,0.72,0.24
0.34623,0.68,0.24
0.34623,0.68,0.2
0.34623,0.68,0.2
0.34623,0.68,0.2
0.34623,0.68,0.24
0.34624,0.72,0.24
0.34624,0.72,0.24
0.34624,0.68,0.24
0.34624,0.64,0.24
0.34624,0.6,0.2
0.34625,0.6,0.2
0.34625,0.6,0.16
0.34625,0.6,0.16
0.34625,0.64,0.2
0.34625,0.68,0.2
0.34626,0.72,0.2
0.34626,0.72,0.2
0.34626,0.76,0.2
0.34626,0.76,0.2
0.34626,0.76,0.2
0.34627,0.76,0.24
0.34627,0.72,0.24
0.34627,0.72,0.24
0.34627,0.72,0.24
0.34627,0.76,0.24
0.34628,0.76,0.24
0.34628,0.76,0.24
0.34628,0.72,0.24
0.34628,0.68,0.2
0.34628,0.68,0.2
0.34629,0.68,0.2
0.34629,0.64,0.2
0.34629,0.64,0.24
0.34629,0.64,0.24
0.34629,0.6,0.24
0.3463,0.6,0.2
0.3463,0.6,0.2
0.3463,0.6,0.2
0.3463,0.64,0.24
0.3463,0.64,0.24
0.34631,0.68,0.24
0.34631,0.64,0.24
0.34631,0.68,0.24
0.34631,0.68,0.24
0.34631,0.68,0.24
0.34632,0.64,0.24
0.34632,0.64,0.24
0.34632,0.64,0.24
0.34632,0.68,0.24
0.34632,0.68,0.24
0.34633,0.64,0.24
0.34633,0.64,0.24
0.34633,0.64,0.2
0.34633,0.64,0.2
0.34633,0.68,0.24
0.34634,0.64,0.24
0.34634,0.64,0.24
0.34634,0.64,0.24
0.34634,0.64,0.24
0.34634,0.64,0.24
0.34635,0.64,0.24
0.34635,0.64,0.24
0.34635,0.64,0.24
0.34635,0.64,0.2
0.34635,0.64,0.2
0.34636,0.64,0.2
0.34636,0.64,0.2
0.34636,0.64,0.2
0.34636,0.64,0.2
0.34636,0.64,0.2
0.34637,0.64,0.2
0.34637,0.64,0.2
0.34637,0.64,0.2
0.34637,0.64,0.2
0.34637,0.64,0.24
0.34638,0.64,0.24
0.34638,0.64,0.24
0.34638,0.64,0.24
0.34638,0.64,0.2
0.34638,0.6,0.24
0.34639,0.6,0.24
0.34639,0.6,0.2
0.34639,0.6,0.24
0.34639,0.56,0.24
0.34639,0.6,0.24
0.3464,0.56,0.2
0.3464,0.56,0.24
0.3464,0.6,0.2
0.3464,0.64,0.2
0.3464,0.64,0.16
0.34641,0.6,0.2
0.34641,0.6,0.2
0.34641,0.6,0.2
0.34641,0.6,0.2
0.34641,0.56,0.2
0.34642,0.56,0.2
0.34642,0.56,0.2
0.34642,0.6,0.2
0.34642,0.6,0.24
0.34642,0.56,0.28
0.34643,0.56,0.28
0.34643,0.6,0.28
0.34643,0.56,0.28
0.34643,0.56,0.28
0.34643,0.52,0.28
0.34644,0.56,0.28
0.34644,0.52,0.28
0.34644,0.52,0.28
0.34644,0.56,0.28
0.34644,0.56,0.28
0.34645,0.56,0.28
0.34645,0.56,0.28
0.34645,0.56,0.28
0.34645,0.52,0.28
0.34645,0.52,0.32
0.34646,0.56,0.32
0.34646,0.52,0.28
0.34646,0.56,0.28
0.34646,0.56,0.24
0.34646,0.56,0.24
0.34647,0.52,0.24
0.34647,0.52,0.24
0.34647,0.52,0.24
0.34647,0.52,0.2
0.34647,0.52,0.24
0.34648,0.52,0.2
0.34648,0.52,0.2
0.34648,0.52,0.2
0.34648,0.56,0.2
0.34648,0.52,0.2
0.34649,0.52,0.24
0.34649,0.52,0.24
0.34649,0.52,0.24
0.34649,0.48,0.24
0.34649,0.52,0.2
0.3465,0.52,0.2
0.3465,0.52,0.16
0.3465,0.52,0.24
0.3465,0.52,0.2
0.3465,0.52,0.2
0.34651,0.52,0.2
0.34651,0.52,0.2
0.34651,0.52,0.2
0.34651,0.48,0.2
0.34651,0.48,0.2
0.34652,0.48,0.24
0.34652,0.52,0.28
0.34652,0.56,0.28
0.34652,0.52,0.24
0.34652,0.52,0.24
0.34653,0.52,0.24
0.34653,0.52,0.24
0.34653,0.52,0.2
0.34653,0.52,0.2
0.34653,0.52,0.16
0.34654,0.48,0.2
0.34654,0.48,0.24
0.34654,0.48,0.24
0.34654,0.48,0.2
0.34654,0.48,0.24
0.34655,0.44,0.2
0.34655,0.48,0.2
0.34655,0.48,0.2
0.34655,0.48,0.24
0.34655,0.48,0.2
0.34656,0.52,0.2
0.34656,0.52,0.2
0.34656,0.48,0.24
0.34656,0.48,0.2
0.34656,0.48,0.24
0.34657,0.52,0.2
0.34657,0.52,0.16
0.34657,0.52,0.16
0.34657,0.52,0.16
0.34657,0.48,0.16
0.34658,0.48,0.2
0.34658,0.48,0.2
0.34658,0.48,0.2
0.34658,0.44,0.24
0.34658,0.44,0.24
0.34659,0.4,0.24
0.34659,0.44,0.2
0.34659,0.44,0.2
0.34659,0.44,0.2
0.34659,0.44,0.2
0.3466,0.4,0.16
0.3466,0.44,0.16
0.3466,0.4,0.2
0.3466,0.44,0.16
0.3466,0.44,0.24
0.34661,0.44,0.24
0.34661,0.44,0.2
0.34661,0.4,0.2
0.34661,0.4,0.16
0.34661,0.44,0.2
0.34662,0.44,0.16
0.34662,0.48,0.2
0.34662,0.48,0.2
0.34662,0.44,0.2
0.34662,0.44,0.2
0.34663,0.44,0.2
0.34663,0.44,0.2
0.34663,0.44,0.2
0.34663,0.44,0.2
0.34663,0.44,0.16
0.34664,0.44,0.16
0.34664,0.44,0.16
0.34664,0.44,0.2
0.34664,0.48,0.2
0.34664,0.44,0.2
0.34665,0.44,0.16
0.34665,0.44,0.16
0.34665,0.44,0.16
0.34665,0.44,0.2
0.34665,0.44,0.16
0.34666,0.4,0.2
0.34666,0.4,0.2
0.34666,0.4,0.2
0.34666,0.36,0.2
0.34666,0.36,0.2
0.34667,0.4,0.2
0.34667,0.4,0.2
0.34667,0.44,0.2
0.34667,0.44,0.2
0.34667,0.4,0.16
0.34668,0.36,0.2
0.34668,0.4,0.16
0.34668,0.4,0.16
0.34668,0.4,0.16
0.34668,0.4,0.16
0.34669,0.4,0.2
0.34669,0.4,0.2
0.34669,0.4,0.2
0.34669,0.36,0.16
0.34669,0.4,0.16
0.3467,0.4,0.16
0.3467,0.4,0.16
0.3467,0.44,0.16
0.3467,0.48,0.2
0.3467,0.44,0.2
0.34671,0.44,0.2
0.34671,0.44,0.2
0.34671,0.4,0.2
0.34671,0.4,0.16
0.34671,0.36,0.16
0.34672,0.32,0.16
0.34672,0.32,0.16
0.34672,0.32,0.16
0.34672,0.32,0.16
0.34672,0.36,0.12
0.34673,0.32,0.16
0.34673,0.36,0.12
0.34673,0.32,0.16
0.34673,0.32,0.2
0.34673,0.32,0.16
0.34674,0.32,0.2
0.34674,0.32,0.16
0.34674,0.36,0.16
0.34674,0.36,0.16
0.34674,0.32,0.16
0.34675,0.32,0.16
0.34675,0.36,0.16
0.34675,0.36,0.16
0.34675,0.36,0.16
0.34675,0.36,0.16
0.34676,0.36,0.16
0.34676,0.36,0.16
0.34676,0.36,0.2
0.34676,0.36,0.16
0.34676,0.36,0.2
0.34677,0.32,0.2
0.34677,0.32,0.2
0.34677,0.32,0.2
0.34677,0.28,0.2
0.34677,0.28,0.24
0.34678,0.28,0.24
0.34678,0.28,0.24
0.34678,0.28,0.24
0.34678,0.28,0.2
0.34678,0.28,0.2
0.34679,0.28,0.2
0.34679,0.28,0.2
0.34679,0.28,0.2
0.34679,0.32,0.2
0.34679,0.32,0.2
0.3468,0.32,0.2
0.3468,0.32,0.2
0.3468,0.28,0.2
0.3468,0.24,0.2
0.3468,0.24,0.2
0.34681,0.24,0.2
0.34681,0.28,0.2
0.34681,0.28,0.16
0.34681,0.28,0.2
0.34681,0.32,0.2
0.34682,0.32,0.2
0.34682,0.36,0.2
0.34682,0.36,0.24
0.34682,0.36,0.24
0.34682,0.36,0.24
0.34683,0.36,0.24
0.34683,0.32,0.2
0.34683,0.32,0.2
0.34683,0.32,0.24
0.34683,0.32,0.2
0.34684,0.28,0.2
0.34684,0.24,0.16
0.34684,0.24,0.12
0.34684,0.24,0.12
0.34684,0.24,0.08
0.34685,0.28,0.08
0.34685,0.28,0.08
0.34685,0.24,0.08
0.34685,0.24,0.08
0.34685,0.24,0.08
0.34686,0.2,0.08
0.34686,0.2,0.08
0.34686,0.2,0.12
0.34686,0.2,0.12
0.34686,0.2,0.16
0.34687,0.2,0.16
0.34687,0.2,0.16
0.34687,0.24,0.2
0.34687,0.24,0.16
0.34687,0.24,0.12
0.34688,0.24,0.12
0.34688,0.24,0.12
0.34688,0.24,0.12
0.34688,0.24,0.12
0.34688,0.24,0.16
0.34689,0.24,0.16
0.34689,0.2,0.16
0.34689,0.2,0.16
0.34689,0.24,0.16
0.34689,0.2,0.16
0.3469,0.2,0.16
0.3469,0.2,0.2
0.3469,0.24,0.2
0.3469,0.2,0.24
0.3469,0.24,0.24
0.34691,0.24,0.2
0.34691,0.24,0.2
0.34691,0.24,0.2
0.34691,0.24,0.2
0.34691,0.2,0.2
0.34692,0.24,0.16
0.34692,0.2,0.2
0.34692,0.24,0.2
0.34692,0.24,0.2
0.34692,0.24,0.2
0.34693,0.28,0.16
0.34693,0.28,0.16
0.34693,0.28,0.16
0.34693,0.28,0.12
0.34693,0.28,0.12
0.34694,0.28,0.16
0.34694,0.28,0.12
0.34694,0.28,0.12
0.34694,0.28,0.12
0.34694,0.28,0.12
0.34695,0.24,0.12
0.34695,0.28,0.16
0.34695,0.28,0.12
0.34695,0.28,0.16
0.34695,0.24,0.12
0.34696,0.24,0.12
0.34696,0.28,0.16
0.34696,0.28,0.16
0.34696,0.28,0.2
0.34696,0.32,0.16
0.34697,0.32,0.16
0.34697,0.28,0.2
0.34697,0.24,0.2
0.34697,0.24,0.2
0.34697,0.24,0.2
0.34698,0.24,0.2
0.34698,0.24,0.2
0.34698,0.24,0.16
0.34698,0.24,0.16
0.34698,0.24,0.16
0.34699,0.28,0.16
0.34699,0.24,0.16
0.34699,0.24,0.16
0.34699,0.24,0.16
0.34699,0.24,0.16
0.347,0.2,0.16
0.347,0.2,0.16
0.347,0.16,0.16
0.347,0.12,0.16
0.347,0.12,0.12
0.34701,0.16,0.12
0.34701,0.12,0.12
0.34701,0.16,0.12
0.34701,0.12,0.12
0.34701,0.12,0.12
0.34702,0.12,0.12
0.34702,0.12,0.12
0.34702,0.12,0.08
0.34702,0.12,0.08
0.34702,0.12,0.12
0.34703,0.12,0.08
0.34703,0.08,0.08
0.34703,0.12,0.12
0.34703,0.12,0.2
0.34703,0.12,0.16
0.34704,0.16,0.2
0.34704,0.2,0.2
0.34704,0.2,0.2
0.34704,0.2,0.2
0.34704,0.24,0.2
0.34705,0.24,0.2
0.34705,0.24,0.16
0.34705,0.24,0.2
0.34705,0.24,0.16
0.34705,0.24,0.2
0.34706,0.2,0.16
0.34706,0.2,0.2
0.34706,0.24,0.16
0.34706,0.2,0.16
0.34706,0.2,0.2
0.34707,0.2,0.2
0.34707,0.2,0.2
0.34707,0.2,0.2
0.34707,0.12,0.2
0.34707,0.12,0.16
0.34708,0.12,0.2
0.34708,0.12,0.2
0.34708,0.12,0.16
0.34708,0.08,0.16
0.34708,0.08,0.16
0.34709,0.12,0.16
0.34709,0.12,0.12
0.34709,0.12,0.12
0.34709,0.12,0.12
0.34709,0.12,0.12
0.3471,0.12,0.12
0.3471,0.12,0.08
0.3471,0.12,0.08
0.3471,0.12,0.08
0.3471,0.12,0.08
0.34711,0.12,0.08
0.34711,0.16,0.08
0.34711,0.16,0.04
0.34711,0.16,0.04
0.34711,0.16,0.08
0.34712,0.16,0.08
0.34712,0.12,0.08
0.34712,0.12,0.04
0.34712,0.12,0.08
0.34712,0.12,0.12
0.34713,0.16,0.12
0.34713,0.08,0.12
0.34713,0.08,0.12
0.34713,0.12,0.12
0.34713,0.12,0.08
0.34714,0.12,0.08
0.34714,0.12,0.08
0.34714,0.12,0.12
0.34714,0.12,0.12
0.34714,0.12,0.12
0.34715,0.12,0.12
0.34715,0.12,0.16
0.34715,0.12,0.16
0.34715,0.12,0.12
0.34715,0.12,0.16
0.34716,0.16,0.12
0.34716,0.12,0.12
0.34716,0.12,0.12
0.34716,0.16,0.16
0.34716,0.12,0.16
0.34717,0.12,0.16
0.34717,0.12,0.2
0.34717,0.12,0.16
0.34717,0.12,0.16
0.34717,0.16,0.16
0.34718,0.12,0.16
0.34718,0.12,0.12
0.34718,0.16,0.16
0.34718,0.16,0.16
0.34718,0.16,0.12
0.34719,0.16,0.12
0.34719,0.16,0.12
0.34719,0.16,0.12
0.34719,0.12,0.12
0.34719,0.12,0.12
0.3472,0.12,0.12
0.3472,0.12,0.12
0.3472,0.12,0.12
0.3472,0.12,0.12
0.3472,0.12,0.08
0.34721,0.12,0.08
0.34721,0.12,0.08
0.34721,0.16,0.08
0.34721,0.16,0.08
0.34721,0.16,0.12
0.34722,0.16,0.12
0.34722,0.16,0.12
0.34722,0.12,0.12
0.34722,0.16,0.12
0.34722,0.16,0.12
0.34723,0.16,0.12
0.34723,0.16,0.12
0.34723,0.16,0.12
0.34723,0.12,0.12
0.34723,0.12,0.12
0.34724,0.12,0.16
0.34724,0.12,0.16
0.34724,0.08,0.16
0.34724,0.04,0.16
0.34724,0.04,0.12
0.34725,0.04,0.12
0.34725,0.04,0.08
0.34725,0.08,0.08
0.34725,0.08,0.08
0.34725,0.08,0.12
0.34726,0.04,0.12
0.34726,0.04,0.12
0.34726,0.04,0.12
0.34726,0.04,0.12
0.34726,0.04,0.12
0.34727,0.04,0.12
0.34727,0.08,0.12
0.34727,0.04,0.12
0.34727,0.04,0.08
0.34727,0.04,0.08
0.34728,0.08,0.08
0.34728,0.04,0.08
0.34728,0.08,0.08
0.34728,0.04,0.04
0.34728,0.08,0.04
0.34729,0.04,0.04
0.34729,0.04,0.08
0.34729,0.08,0.04
0.34729,0.08,0.08
0.34729,0.08,0.08
0.3473,0.04,0.08
0.3473,0.04,0.08
0.3473,0.08,0.08
0.3473,0.12,0.08
0.3473,0.08,0.12
0.34731,0.08,0.12
0.34731,0.04,0.12
0.34731,0.04,0.16
0.34731,0.04,0.12
0.34731,0.04,0.12
0.34732,0.04,0.12
0.34732,0.04,0.16
0.34732,0,0.16
0.34732,0,0.12
0.34732,0,0.12
0.34733,0,0.12
0.34733,0,0.08
0.34733,0.04,0.08
0.34733,0.08,0.04
0.34733,0.04,0.08
0.34734,0.08,0.08
0.34734,0.04,0.04
0.34734,0.04,0.04
0.34734,0.04,0
0.34734,0.04,0.04
0.34735,0,0.08
0.34735,0,0.04
0.34735,0,0.08
0.34735,0,0.08
0.34735,0,0.08
0.34736,0.04,0.12
0.34736,0.04,0.12
0.34736,0.04,0.12
0.34736,0.08,0.12
0.34736,0.08,0.12
0.34737,0.08,0.12
0.34737,0.04,0.12
0.34737,0.04,0.12
0.34737,0.04,0.08
0.34737,0.04,0.08
0.34738,0.08,0.08
0.34738,0.08,0.12
0.34738,0.08,0.12
0.34738,0.08,0.12
0.34738,0.08,0.12
0.34739,0.08,0.12
0.34739,0.08,0.12
0.34739,0.08,0.12
0.34739,0.08,0.12
0.34739,0.08,0.12
0.3474,0.04,0.12
0.3474,0.04,0.12
0.3474,0.04,0.12
0.3474,0,0.08
0.3474,0,0.12
0.34741,0,0.16
0.34741,0,0.16
0.34741,0,0.16
0.34741,0,0.12
0.34741,0,0.16
0.34742,0.04,0.12
0.34742,0,0.12
0.34742,0,0.12
0.34742,0,0.12
0.34742,0,0.12
0.34743,0.04,0.12
0.34743,0,0.08
0.34743,0,0.12
0.34743,0,0.08
0.34743,-0.04,0.08
0.34744,0,0.12
0.34744,0,0.12
0.34744,-0.04,0.08
0.34744,-0.04,0.08
0.34744,-0.04,0.08
0.34745,-0.04,0.08
0.34745,0,0.08
0.34745,0,0.08
0.34745,0,0.12
0.34745,0,0.12
0.34746,0,0.12
0.34746,0,0.12
0.34746,0,0.12
0.34746,0,0.12
0.34746,0,0.12
0.34747,0,0.08
0.34747,0,0.08
0.34747,0,0.08
0.34747,0,0.08
0.34747,-0.04,0.12
0.34748,0,0.12
0.34748,0,0.12
0.34748,0.04,0.12
0.34748,0.04,0.12
0.34748,0.08,0.12
0.34749,0.08,0.12
0.34749,0.08,0.08
0.34749,0.08,0.08
0.34749,0.08,0.08
0.34749,0.04,0.08
0.3475,0.08,0.04
0.3475,0.04,0.08
0.3475,0.04,0.08
0.3475,0,0.12
0.3475,0,0.08
0.34751,0.04,0.08
0.34751,0,0.12
0.34751,0,0.12
0.34751,0.04,0.12
0.34751,0.04,0.12
0.34752,0,0.12
0.34752,0,0.08
0.34752,0,0.08
0.34752,0,0.04
0.34752,0.04,0.08
0.34753,0,0.08
0.34753,0.04,0.12
0.34753,0,0.08
0.34753,0,0.12
0.34753,0,0.08
0.34754,-0.04,0.08
0.34754,-0.04,0.08
0.34754,0,0.08
0.34754,0,0.08
0.34754,-0.04,0.04
0.34755,-0.04,0.04
0.34755,-0.08,0.04
0.34755,-0.04,0.04
0.34755,-0.04,0.04
0.34755,-0.04,0.04
0.34756,0,0.04
0.34756,0,0.04
0.34756,0,0.04
0.34756,0.04,0.04
0.34756,0.04,0.04
0.34757,0.04,0.04
0.34757,0.04,0.04
0.34757,0.04,0.04
0.34757,0.04,0.04
0.34757,0.04,0.04
0.34758,0.04,0.04
0.34758,0.04,0
0.34758,0.04,-0.04
0.34758,0.04,0
0.34758,0,-0.04
0.34759,-0.04,-0.04
0.34759,0,-0.04
0.34759,0,0
0.34759,0,0
0.34759,-0.04,0
0.3476,-0.04,0.04
0.3476,-0.04,0.04
0.3476,0,0.04
0.3476,0,0.04
0.3476,0,0.04
0.34761,0,0.04
0.34761,0.04,0.08
0.34761,0.04,0.12
0.34761,0,0.12
0.34761,0.04,0.12
0.34762,0,0.12
0.34762,0,0.08
0.34762,0,0.12
0.34762,0,0.12
0.34762,-0.04,0.12
0.34763,-0.08,0.08
0.34763,-0.08,0.08
0.34763,-0.08,0.08
0.34763,-0.04,0.08
0.34763,-0.08,0.08
0.34764,-0.08,0.08
0.34764,-0.08,0.08
0.34764,-0.04,0.08
0.34764,-0.04,0.08
0.34764,-0.04,0.04
0.34765,-0.04,0
0.34765,-0.04,0.04
0.34765,-0.08,0.04
0.34765,-0.08,0.04
0.34765,-0.08,0.04
0.34766,-0.08,0.08
0.34766,-0.04,0.08
0.34766,-0.04,0.08
0.34766,-0.04,0.08
0.34766,-0.04,0.08
0.34767,-0.04,0.12
0.34767,-0.04,0.12
0.34767,-0.08,0.08
0.34767,-0.04,0.12
0.34767,-0.04,0.08
0.34768,-0.04,0.08
0.34768,-0.04,0.08
0.34768,-0.04,0.08
0.34768,-0.08,0.12
0.34768,-0.08,0.12
0.34769,-0.08,0.08
0.34769,-0.08,0.08
0.34769,-0.08,0.08
0.34769,-0.08,0.08
0.34769,-0.08,0.08
0.3477,-0.08,0.08
0.3477,-0.04,0.12
0.3477,-0.08,0.12
0.3477,-0.04,0.16
0.3477,-0.04,0.12
0.34771,0,0.12
0.34771,-0.04,0.12
0.34771,-0.08,0.08
0.34771,-0.04,0.04
0.34771,-0.04,0.08
0.34772,-0.04,0.04
0.34772,-0.08,0.04
0.34772,-0.08,0.04
0.34772,-0.08,0.08
0.34772,-0.08,0.04
0.34773,-0.08,0.04
0.34773,-0.08,0
0.34773,-0.08,0.04
0.34773,-0.04,0.08
0.34773,0,0.04
0.34774,0,0.08
0.34774,0,0.08
0.34774,0,0.08
0.34774,0,0.04
0.34774,0,0.08
0.34775,-0.04,0.12
0.34775,-0.08,0.08
0.34775,-0.04,0.08
0.34775,-0.08,0.08
0.34775,-0.08,0.08
0.34776,-0.08,0.08
0.34776,-0.08,0.12
0.34776,-0.08,0.12
0.34776,-0.08,0.12
0.34776,-0.04,0.08
0.34777,-0.04,0.08
0.34777,-0.08,0.08
0.34777,-0.08,0.08
0.34777,-0.08,0.04
0.34777,-0.08,0.08
0.34778,-0.08,0.08
0.34778,-0.08,0.04
0.34778,-0.08,0.08
0.34778,-0.08,0.08
0.34778,-0.04,0.08
0.34779,-0.04,0.08
0.34779,-0.08,0.08
0.34779,-0.08,0.08
0.34779,-0.08,0.08
0.34779,-0.08,0.08
0.3478,-0.08,0.08
0.3478,-0.08,0.08
0.3478,-0.12,0.08
0.3478,-0.08,0.08
0.3478,-0.04,0.08
0.34781,-0.04,0.08
0.34781,-0.04,0.08
0.34781,-0.04,0.08
0.34781,-0.04,0.08
0.34781,-0.08,0.08
0.34782,-0.08,0.12
0.34782,-0.08,0.12
0.34782,-0.08,0.12
0.34782,-0.08,0.12
0.34782,-0.08,0.12
0.34783,-0.08,0.12
0.34783,-0.08,0.12
0.34783,-0.08,0.12
0.34783,-0.08,0.08
0.34783,-0.08,0.08
0.34784,-0.04,0.04
0.34784,-0.04,0.04
0.34784,-0.04,0.04
0.34784,-0.08,0
0.34784,-0.04,0
0.34785,-0.04,0
0.34785,-0.04,0.08
0.34785,-0.04,0.08
0.34785,-0.04,0.08
0.34785,0,0.08
0.34786,-0.08,0.08
0.34786,-0.08,0.08
0.34786,-0.08,0.12
0.34786,-0.12,0.12
0.34786,-0.12,0.12
0.34787,-0.12,0.12
0.34787,-0.12,0.12
0.34787,-0.12,0.08
0.34787,-0.12,0.08
0.34787,-0.12,0.04
0.34788,-0.08,0.04
0.34788,-0.08,0
0.34788,-0.08,0
0.34788,-0.08,0.04
0.34788,-0.08,0.04
0.34789,-0.08,0.04
0.34789,-0.08,0.04
0.34789,-0.08,0.04
0.34789,-0.04,0.08
0.34789,0,0.08
0.3479,0,0.04
0.3479,0,0.04
