-0.00054,0.04,0.04
-0.000538,0.08,0.04
-0.000536,0.04,0.04
-0.000534,0.04,0.04
-0.000532,0.04,0.04
-0.00053,0.04,0
-0.000528,0,0
-0.000526,0,0.04
-0.000524,0,0
-0.000522,0,0
-0.00052,0,0.04
-0.000518,0.04,0
-0.000516,0,0.04
-0.000514,0.04,0.04
-0.000512,0.04,0
-0.00051,0.08,0
-0.000508,0.04,-0.04
-0.000506,0.04,-0.04
-0.000504,0.04,-0.04
-0.000502,0.08,0
-0.0005,0.04,0
-0.000498,0.04,-0.04
-0.000496,0.04,0
-0.000494,0.04,0
-0.000492,0.08,0
-0.00049,0.08,0.04
-0.000488,0.08,0.04
-0.000486,0.08,0.04
-0.000484,0.08,0.04
-0.000482,0.04,0.04
-0.00048,0.04,0
-0.000478,0,0.04
-0.000476,0,0.04
-0.000474,0,0.08
-0.000472,0.04,0.08
-0.00047,0.08,0.04
-0.000468,0.08,0.04
-0.000466,0.08,0.04
-0.000464,0.04,0.04
-0.000462,0.04,0
-0.00046,0.04,0
-0.000458,0,0
-0.000456,0,0
-0.000454,0.04,0
-0.000452,0,0
-0.00045,0.04,0
-0.000448,0.04,0
-0.000446,0.04,0
-0.000444,0.04,-0.04
-0.000442,0.04,0
-0.00044,0.08,-0.04
-0.000438,0,-0.08
-0.000436,0,-0.04
-0.000434,0,-0.04
-0.000432,0,-0.04
-0.00043,0,-0.04
-0.000428,0,-0.08
-0.000426,0.04,-0.04
-0.000424,0.04,-0.04
-0.000422,0.04,0
-0.00042,0.04,0
-0.000418,0,0.04
-0.000416,0,0.04
-0.000414,0,0.04
-0.000412,0,0.04
-0.00041,0,0.04
-0.000408,0,0.04
-0.000406,0.04,0.04
-0.000404,0.04,0.04
-0.000402,0.04,0.04
-0.0004,0.08,0.08
-0.000398,0.04,0.04
-0.000396,0.08,0
-0.000394,0.08,0.04
-0.000392,0.04,0.04
-0.00039,0.04,0.04
-0.000388,0.04,0.04
-0.000386,0.04,0
-0.000384,0,0
-0.000382,0,0
-0.00038,0.04,0.04
-0.000378,0.04,0.04
-0.000376,0.04,0
-0.000374,0.08,0
-0.000372,0.08,0
-0.00037,0.08,0
-0.000368,0.08,0
-0.000366,0.08,0
-0.000364,0.08,0
-0.000362,0.12,0
-0.00036,0.12,0
-0.000358,0.08,0.04
-0.000356,0.08,0.04
-0.000354,0.08,0.04
-0.000352,0.04,0.04
-0.00035,0.04,0.04
-0.000348,0.08,0.04
-0.000346,0.04,0.04
-0.000344,0.04,0.04
-0.000342,0.04,0
-0.00034,0.04,0.04
-0.000338,0.04,0
-0.000336,0.04,0
-0.000334,0.04,0
-0.000332,0.08,-0.04
-0.00033,0.08,-0.04
-0.000328,0.08,-0.04
-0.000326,0.08,0
-0.000324,0.08,0
-0.000322,0.08,-0.04
-0.00032,0.08,0
-0.000318,0.04,0
-0.000316,0.08,0
-0.000314,0.04,0
-0.000312,0.04,0
-0.00031,0,0
-0.000308,0,0
-0.000306,0.04,0
-0.000304,0,0
-0.000302,0,0
-0.0003,0,0
-0.000298,0,0
-0.000296,0.04,0
-0.000294,0.04,0
-0.000292,0.04,-0.04
-0.00029,0.08,-0.04
-0.000288,0.08,0
-0.000286,0.08,-0.04
-0.000284,0.04,0
-0.000282,0.04,0
-0.00028,0.04,0
-0.000278,0.04,0
-0.000276,0.04,0.04
-0.000274,0.04,0
-0.000272,0.04,0
-0.00027,0.08,0.04
-0.000268,0.12,0.04
-0.000266,0.12,0.04
-0.000264,0.12,0.04
-0.000262,0.12,0.04
-0.00026,0.08,0.08
-0.000258,0.04,0.12
-0.000256,0.04,0.08
-0.000254,0,0.12
-0.000252,0,0.12
-0.00025,0,0.08
-0.000248,-0.04,0.08
-0.000246,-0.08,0.08
-0.000244,0,0.04
-0.000242,0,0.04
-0.00024,0.04,0.04
-0.000238,0.04,0.08
-0.000236,0.04,0.08
-0.000234,0.04,0.08
-0.000232,0.08,0.04
-0.00023,0.04,0.04
-0.000228,0.04,0.08
-0.000226,0,0.08
-0.000224,0,0.08
-0.000222,0,0.08
-0.00022,0,0.12
-0.000218,0.04,0.08
-0.000216,0.04,0.04
-0.000214,0,0.04
-0.000212,0,0.04
-0.00021,0,0.04
-0.000208,0,0.04
-0.000206,-0.04,0.08
-0.000204,-0.04,0.04
-0.000202,-0.04,0.04
-0.0002,-0.04,0.04
-0.000198,0,0.04
-0.000196,0,0.04
-0.000194,0,0.04
-0.000192,0.04,0.04
-0.00019,0,0.04
-0.000188,0,0.04
-0.000186,0,0
-0.000184,0,0.04
-0.000182,0,0
-0.00018,0,0
-0.000178,0,0.04
-0.000176,0,0
-0.000174,0,0.04
-0.000172,0.04,0.04
-0.00017,0,0
-0.000168,0.04,0
-0.000166,0,-0.04
-0.000164,0,-0.04
-0.000162,0,-0.04
-0.00016,0.04,0
-0.000158,0.04,0.04
-0.000156,0.04,0
-0.000154,0.08,0.04
-0.000152,0.04,0.04
-0.00015,0.04,0.04
-0.000148,0.04,0.04
-0.000146,0.04,0.04
-0.000144,0.04,0.04
-0.000142,0.04,0.04
-0.00014,0.04,0.08
-0.000138,0.04,0.08
-0.000136,0.04,0.04
-0.000134,0.04,0.04
-0.000132,0.04,0.04
-0.00013,0.04,0.04
-0.000128,0.04,0.04
-0.000126,0.04,0
-0.000124,0,0
-0.000122,0,0
-0.00012,0.04,0.04
-0.000118,0.04,0.04
-0.000116,0.04,0
-0.000114,0.04,0.04
-0.000112,0.04,0
-0.00011,0.08,0
-0.000108,0.08,0.04
-0.000106,0.08,0.04
-0.000104,0.04,0.04
-0.000102,0.04,0.04
-0.0001,0.04,0.04
-9.8e-005,0,0
-9.6e-005,0,0
-9.4e-005,0,0
-9.2e-005,0,0
-9e-005,0,0
-8.8e-005,0,0
-8.6e-005,0,0
-8.4e-005,0,0
-8.2e-005,0.04,0
-8e-005,0.04,0.04
-7.8e-005,0,0.04
-7.6e-005,0,0.04
-7.4e-005,0,0.04
-7.2e-005,0.04,0.04
-7e-005,0.04,0.04
-6.8e-005,0.04,0.04
-6.6e-005,0,0.04
-6.4e-005,0,0.04
-6.2e-005,0,0
-6e-005,0,0
-5.8e-005,0,0.04
-5.6e-005,0,0.04
-5.4e-005,0.04,0.04
-5.2e-005,0.04,0
-5e-005,0,0.04
-4.8e-005,0,0.04
-4.6e-005,0,0.04
-4.4e-005,0,0.04
-4.2e-005,0,0.04
-4e-005,0,0.04
-3.8e-005,0,0.04
-3.6e-005,0.04,0.04
-3.4e-005,0.08,0.04
-3.2e-005,0.08,0.08
-3e-005,0.08,0.08
-2.8e-005,0.08,0.12
-2.6e-005,0.08,0.12
-2.4e-005,0.08,0.12
-2.2e-005,0.04,0.12
-2e-005,0,0.12
-1.8e-005,0,0.12
-1.6e-005,0,0.08
-1.4e-005,-0.04,0.12
-1.2e-005,-0.04,0.12
-1e-005,-0.04,0.12
-8e-006,0,0.12
-6e-006,-5,-5.04
-4e-006,-5,-5.04
-2e-006,-5,-5.04
0,5.16,-5.04
2e-006,5.16,-5.04
4e-006,5.16,-5.04
6e-006,5.16,-5.04
8e-006,5.16,-5.04
1e-005,5.16,-5.04
1.2e-005,5.16,-5.04
1.4e-005,5.16,-5.04
1.6e-005,5.16,-5.04
1.8e-005,5.16,-5.04
2e-005,5.16,-5.04
2.2e-005,5.16,-5.04
2.4e-005,5.16,-5.04
2.6e-005,5.16,-5.04
2.8e-005,5.16,-5.04
3e-005,5.16,-5.04
3.2e-005,5.16,-5.04
3.4e-005,5.16,-5.04
3.6e-005,5.16,-5.04
3.8e-005,5.16,-5.04
4e-005,5.16,-5.04
4.2e-005,5.16,-5.04
4.4e-005,5.16,-5.04
4.6e-005,5.16,-5.04
4.8e-005,5.16,-5.04
5e-005,5.16,-5.04
5.2e-005,5.16,-5.04
5.4e-005,5.16,-5.04
5.6e-005,5.16,-5.04
5.8e-005,5.16,-5.04
6e-005,5.16,-5.04
6.2e-005,5.16,-5.04
6.4e-005,5.16,-5.04
6.6e-005,5.16,-5.04
6.8e-005,5.16,4.24
7e-005,5.16,5.12
7.2e-005,5.16,5.12
7.4e-005,5.16,5.12
7.6e-005,5.16,5.12
7.8e-005,5.16,5.12
8e-005,5.16,5.12
8.2e-005,5.16,5.12
8.4e-005,5.16,5.12
8.6e-005,5.16,5.12
8.8e-005,5.16,5.12
9e-005,5.16,5.12
9.2e-005,5.16,5.12
9.4e-005,5.16,5.12
9.6e-005,5.16,5.12
9.8e-005,5.16,5.12
0.0001,5.16,5.12
0.000102,5.16,5.12
0.000104,5.16,5.12
0.000106,5.16,2.64
0.000108,4.44,1.04
0.00011,3.56,0.2
0.000112,3.16,-0.04
0.000114,3.16,0.12
0.000116,3.32,0.52
0.000118,3.64,1.08
0.00012,3.96,1.72
0.000122,4.28,2.36
0.000124,4.56,3.04
0.000126,4.8,3.64
0.000128,4.88,4.12
0.00013,4.92,4.6
0.000132,4.88,4.96
0.000134,4.72,5.12
0.000136,4.52,5.12
0.000138,4.28,5.12
0.00014,3.92,5.12
0.000142,3.52,5.12
0.000144,3.16,5.12
0.000146,2.68,5.12
0.000148,2.24,5.12
0.00015,1.76,5.12
0.000152,1.24,5.12
0.000154,0.76,4.96
0.000156,0.28,4.72
0.000158,-0.2,4.44
0.00016,-0.64,4.16
0.000162,-1.04,3.88
0.000164,-1.44,3.6
0.000166,-1.84,3.28
0.000168,-2.12,3
0.00017,-2.44,2.64
0.000172,-2.76,2.32
0.000174,-2.96,1.96
0.000176,-3.16,1.56
0.000178,-3.36,1.2
0.00018,-3.48,0.84
0.000182,-3.6,0.48
0.000184,-3.64,0.12
0.000186,-3.72,-0.2
0.000188,-3.72,-0.56
0.00019,-3.72,-0.84
0.000192,-3.68,-1.16
0.000194,-3.64,-1.48
0.000196,-3.52,-1.8
0.000198,-3.4,-2.08
0.0002,-3.28,-2.4
0.000202,-3.12,-2.68
0.000204,-2.92,-2.92
0.000206,-2.68,-3.2
0.000208,-2.44,-3.44
0.00021,-2.16,-3.64
0.000212,-1.92,-3.8
0.000214,-1.64,-3.96
0.000216,-1.32,-4.08
0.000218,-1,-4.24
0.00022,-0.68,-4.28
0.000222,-0.32,-4.36
0.000224,0.04,-4.4
0.000226,0.36,-4.44
0.000228,0.72,-4.4
0.00023,1.08,-4.36
0.000232,1.4,-4.32
0.000234,1.72,-4.24
0.000236,2.04,-4.12
0.000238,2.36,-3.96
0.00024,2.68,-3.84
0.000242,2.96,-3.68
0.000244,3.28,-3.48
0.000246,3.52,-3.28
0.000248,3.76,-3.04
0.00025,4.04,-2.8
0.000252,4.28,-2.52
0.000254,4.52,-2.24
0.000256,4.64,-1.96
0.000258,4.84,-1.64
0.00026,4.96,-1.32
0.000262,5,-1.04
0.000264,5.04,-0.72
0.000266,5.08,-0.44
0.000268,5.08,-0.08
0.00027,5.08,0.24
0.000272,5.04,0.56
0.000274,5,0.92
0.000276,4.96,1.24
0.000278,4.84,1.56
0.00028,4.72,1.8
0.000282,4.6,2.12
0.000284,4.4,2.4
0.000286,4.24,2.68
0.000288,4,2.92
0.00029,3.76,3.12
0.000292,3.48,3.36
0.000294,3.2,3.52
0.000296,2.92,3.68
0.000298,2.64,3.8
0.0003,2.28,3.92
0.000302,1.96,4
0.000304,1.64,4.12
0.000306,1.28,4.2
0.000308,0.92,4.2
0.00031,0.6,4.24
0.000312,0.24,4.2
0.000314,-0.16,4.12
0.000316,-0.52,4.08
0.000318,-0.8,4.04
0.00032,-1.12,3.92
0.000322,-1.44,3.8
0.000324,-1.8,3.64
0.000326,-2.04,3.44
0.000328,-2.32,3.24
0.00033,-2.56,3.04
0.000332,-2.8,2.8
0.000334,-3.04,2.52
0.000336,-3.24,2.28
0.000338,-3.44,2
0.00034,-3.6,1.72
0.000342,-3.72,1.44
0.000344,-3.8,1.12
0.000346,-3.88,0.8
0.000348,-3.92,0.48
0.00035,-3.96,0.16
0.000352,-4.04,-0.16
0.000354,-4.04,-0.48
0.000356,-4,-0.8
0.000358,-3.92,-1.12
0.00036,-3.8,-1.4
0.000362,-3.72,-1.68
0.000364,-3.56,-2
0.000366,-3.44,-2.28
0.000368,-3.24,-2.52
0.00037,-3.08,-2.8
0.000372,-2.84,-3
0.000374,-2.6,-3.24
0.000376,-2.32,-3.4
0.000378,-2.04,-3.56
0.00038,-1.76,-3.72
0.000382,-1.48,-3.84
0.000384,-1.2,-3.96
0.000386,-0.84,-4
0.000388,-0.56,-4.08
0.00039,-0.24,-4.12
0.000392,0.08,-4.16
0.000394,0.44,-4.12
0.000396,0.76,-4.08
0.000398,1.12,-4
0.0004,1.44,-3.96
0.000402,1.76,-3.88
0.000404,2.04,-3.76
0.000406,2.32,-3.6
0.000408,2.64,-3.44
0.00041,2.88,-3.32
0.000412,3.12,-3.12
0.000414,3.4,-2.88
0.000416,3.6,-2.6
0.000418,3.84,-2.36
0.00042,4,-2.08
0.000422,4.2,-1.8
0.000424,4.32,-1.48
0.000426,4.4,-1.2
0.000428,4.52,-0.96
0.00043,4.6,-0.64
0.000432,4.64,-0.36
0.000434,4.64,-0.04
0.000436,4.64,0.28
0.000438,4.64,0.56
0.00044,4.56,0.88
0.000442,4.52,1.16
0.000444,4.44,1.48
0.000446,4.32,1.76
0.000448,4.12,1.96
0.00045,3.96,2.24
0.000452,3.8,2.56
0.000454,3.56,2.76
0.000456,3.32,2.96
0.000458,3.08,3.2
0.00046,2.84,3.32
0.000462,2.56,3.48
0.000464,2.24,3.6
0.000466,2,3.72
0.000468,1.68,3.8
0.00047,1.36,3.92
0.000472,1.08,3.92
0.000474,0.76,3.96
0.000476,0.4,4
0.000478,0.08,3.96
0.00048,-0.24,3.92
0.000482,-0.56,3.88
0.000484,-0.88,3.76
0.000486,-1.2,3.64
0.000488,-1.52,3.52
0.00049,-1.8,3.4
0.000492,-2.08,3.24
0.000494,-2.32,3.08
0.000496,-2.56,2.92
0.000498,-2.8,2.68
0.0005,-3,2.4
0.000502,-3.2,2.16
0.000504,-3.4,1.88
0.000506,-3.52,1.64
0.000508,-3.64,1.36
0.00051,-3.76,1.12
0.000512,-3.84,0.8
0.000514,-3.88,0.52
0.000516,-3.92,0.2
0.000518,-3.92,-0.08
0.00052,-3.92,-0.4
0.000522,-3.88,-0.72
0.000524,-3.84,-1
0.000526,-3.72,-1.28
0.000528,-3.6,-1.56
0.00053,-3.44,-1.84
0.000532,-3.28,-2.08
0.000534,-3.08,-2.32
0.000536,-2.88,-2.52
0.000538,-2.72,-2.76
0.00054,-2.52,-2.96
0.000542,-2.32,-3.16
0.000544,-2.04,-3.32
0.000546,-1.8,-3.44
0.000548,-1.52,-3.56
0.00055,-1.24,-3.72
0.000552,-0.88,-3.76
0.000554,-0.6,-3.84
0.000556,-0.28,-3.88
0.000558,0,-3.92
0.00056,0.32,-3.88
0.000562,0.64,-3.84
0.000564,0.92,-3.76
0.000566,1.24,-3.68
0.000568,1.52,-3.64
0.00057,1.8,-3.52
0.000572,2.04,-3.4
0.000574,2.32,-3.24
0.000576,2.56,-3.08
0.000578,2.8,-2.92
0.00058,3.04,-2.68
0.000582,3.24,-2.48
0.000584,3.44,-2.28
0.000586,3.64,-2.04
0.000588,3.76,-1.76
0.00059,3.92,-1.48
0.000592,4.04,-1.24
0.000594,4.08,-0.92
0.000596,4.12,-0.64
0.000598,4.16,-0.36
0.0006,4.16,-0.04
0.000602,4.16,0.28
0.000604,4.16,0.56
0.000606,4.08,0.84
0.000608,4,1.16
0.00061,3.92,1.44
0.000612,3.8,1.68
0.000614,3.68,1.96
0.000616,3.56,2.24
0.000618,3.4,2.44
0.00062,3.2,2.68
0.000622,3,2.88
0.000624,2.76,3.04
0.000626,2.52,3.2
0.000628,2.24,3.32
0.00063,2,3.44
0.000632,1.68,3.56
0.000634,1.44,3.64
0.000636,1.16,3.68
0.000638,0.88,3.72
0.00064,0.6,3.76
0.000642,0.28,3.8
0.000644,0,3.72
0.000646,-0.32,3.68
0.000648,-0.56,3.64
0.00065,-0.84,3.56
0.000652,-1.12,3.48
0.000654,-1.4,3.36
0.000656,-1.68,3.24
0.000658,-2,3.08
0.00066,-2.2,2.92
0.000662,-2.44,2.76
0.000664,-2.68,2.56
0.000666,-2.88,2.36
0.000668,-3.04,2.16
0.00067,-3.2,1.92
0.000672,-3.32,1.64
0.000674,-3.44,1.36
0.000676,-3.56,1.08
0.000678,-3.64,0.8
0.00068,-3.64,0.52
0.000682,-3.68,0.24
0.000684,-3.68,0
0.000686,-3.68,-0.28
0.000688,-3.64,-0.6
0.00069,-3.6,-0.88
0.000692,-3.52,-1.16
0.000694,-3.44,-1.44
0.000696,-3.32,-1.68
0.000698,-3.2,-1.92
0.0007,-3.08,-2.12
0.000702,-2.92,-2.32
0.000704,-2.76,-2.48
0.000706,-2.52,-2.68
0.000708,-2.28,-2.84
0.00071,-2.04,-3
0.000712,-1.76,-3.12
0.000714,-1.52,-3.2
0.000716,-1.24,-3.32
0.000718,-0.96,-3.4
0.00072,-0.68,-3.44
0.000722,-0.4,-3.48
0.000724,-0.12,-3.52
0.000726,0.16,-3.56
0.000728,0.44,-3.56
0.00073,0.72,-3.48
0.000732,1,-3.44
0.000734,1.24,-3.36
0.000736,1.56,-3.24
0.000738,1.8,-3.12
0.00074,2.04,-3
0.000742,2.32,-2.8
0.000744,2.52,-2.64
0.000746,2.76,-2.44
0.000748,2.96,-2.28
0.00075,3.12,-2.04
0.000752,3.28,-1.84
0.000754,3.4,-1.6
0.000756,3.52,-1.32
0.000758,3.64,-1.08
0.00076,3.72,-0.8
0.000762,3.8,-0.56
0.000764,3.8,-0.28
0.000766,3.84,0
0.000768,3.84,0.24
0.00077,3.84,0.52
0.000772,3.8,0.76
0.000774,3.76,1
0.000776,3.68,1.28
0.000778,3.6,1.48
0.00078,3.44,1.76
0.000782,3.32,1.96
0.000784,3.12,2.16
0.000786,2.92,2.32
0.000788,2.76,2.52
0.00079,2.52,2.72
0.000792,2.32,2.88
0.000794,2.08,3
0.000796,1.8,3.12
0.000798,1.56,3.2
0.0008,1.24,3.28
0.000802,1,3.32
0.000804,0.76,3.36
0.000806,0.48,3.4
0.000808,0.2,3.4
0.00081,-0.08,3.4
0.000812,-0.32,3.36
0.000814,-0.56,3.36
0.000816,-0.8,3.28
0.000818,-1.04,3.2
0.00082,-1.32,3.12
0.000822,-1.56,2.96
0.000824,-1.76,2.8
0.000826,-2,2.64
0.000828,-2.2,2.44
0.00083,-2.4,2.24
0.000832,-2.56,2.08
0.000834,-2.72,1.84
0.000836,-2.88,1.64
0.000838,-3,1.4
0.00084,-3.12,1.2
0.000842,-3.2,0.92
0.000844,-3.28,0.72
0.000846,-3.28,0.52
0.000848,-3.32,0.28
0.00085,-3.32,0.04
0.000852,-3.32,-0.24
0.000854,-3.32,-0.48
0.000856,-3.24,-0.72
0.000858,-3.2,-0.96
0.00086,-3.12,-1.24
0.000862,-3.04,-1.48
0.000864,-2.92,-1.68
0.000866,-2.76,-1.92
0.000868,-2.6,-2.12
0.00087,-2.44,-2.32
0.000872,-2.28,-2.48
0.000874,-2.08,-2.6
0.000876,-1.84,-2.76
0.000878,-1.6,-2.88
0.00088,-1.36,-3
0.000882,-1.12,-3.08
0.000884,-0.84,-3.16
0.000886,-0.6,-3.24
0.000888,-0.36,-3.24
0.00089,-0.12,-3.28
0.000892,0.12,-3.24
0.000894,0.4,-3.24
0.000896,0.64,-3.16
0.000898,0.88,-3.12
0.0009,1.12,-3.04
0.000902,1.4,-2.96
0.000904,1.64,-2.8
0.000906,1.88,-2.68
0.000908,2.08,-2.52
0.00091,2.28,-2.4
0.000912,2.52,-2.2
0.000914,2.72,-2.04
0.000916,2.88,-1.84
0.000918,3.04,-1.64
0.00092,3.2,-1.44
0.000922,3.28,-1.2
0.000924,3.36,-1
0.000926,3.44,-0.76
0.000928,3.44,-0.52
0.00093,3.44,-0.28
0.000932,3.44,0
0.000934,3.44,0.2
0.000936,3.4,0.4
0.000938,3.4,0.64
0.00094,3.32,0.88
0.000942,3.28,1.12
0.000944,3.2,1.36
0.000946,3.12,1.56
0.000948,2.96,1.76
0.00095,2.84,1.96
0.000952,2.68,2.12
0.000954,2.44,2.28
0.000956,2.24,2.44
0.000958,2.04,2.6
0.00096,1.88,2.72
0.000962,1.68,2.84
0.000964,1.44,2.92
0.000966,1.16,2.96
0.000968,0.92,3.04
0.00097,0.64,3.04
0.000972,0.44,3.04
0.000974,0.2,3.04
0.000976,-0.04,3.04
0.000978,-0.28,2.96
0.00098,-0.52,2.92
0.000982,-0.76,2.88
0.000984,-1,2.8
0.000986,-1.24,2.72
0.000988,-1.44,2.6
0.00099,-1.64,2.44
0.000992,-1.8,2.36
0.000994,-2,2.16
0.000996,-2.12,2.04
0.000998,-2.32,1.88
0.001,-2.44,1.68
0.001002,-2.56,1.52
0.001004,-2.72,1.32
0.001006,-2.8,1.08
0.001008,-2.88,0.84
0.00101,-2.92,0.6
0.001012,-2.96,0.4
0.001014,-3,0.2
0.001016,-3,-0.04
0.001018,-3.04,-0.24
0.00102,-3,-0.48
0.001022,-2.96,-0.68
0.001024,-2.92,-0.92
0.001026,-2.84,-1.08
0.001028,-2.76,-1.28
0.00103,-2.64,-1.52
0.001032,-2.52,-1.72
0.001034,-2.36,-1.88
0.001036,-2.2,-2.04
0.001038,-2,-2.16
0.00104,-1.84,-2.28
0.001042,-1.68,-2.4
0.001044,-1.44,-2.48
0.001046,-1.24,-2.56
0.001048,-1.04,-2.64
0.00105,-0.84,-2.72
0.001052,-0.6,-2.72
0.001054,-0.4,-2.76
0.001056,-0.16,-2.8
0.001058,0.08,-2.8
0.00106,0.28,-2.76
0.001062,0.52,-2.76
0.001064,0.76,-2.72
0.001066,0.96,-2.68
0.001068,1.2,-2.56
0.00107,1.4,-2.48
0.001072,1.6,-2.36
0.001074,1.76,-2.28
0.001076,1.96,-2.12
0.001078,2.08,-2
0.00108,2.24,-1.84
0.001082,2.4,-1.68
0.001084,2.52,-1.52
0.001086,2.64,-1.28
0.001088,2.76,-1.12
0.00109,2.84,-0.92
0.001092,2.88,-0.72
0.001094,2.96,-0.48
0.001096,3,-0.28
0.001098,3.04,-0.08
0.0011,3.04,0.16
0.001102,3.04,0.36
0.001104,3.04,0.56
0.001106,3,0.76
0.001108,2.92,0.96
0.00111,2.84,1.16
0.001112,2.76,1.36
0.001114,2.68,1.52
0.001116,2.56,1.68
0.001118,2.4,1.88
0.00112,2.24,2.04
0.001122,2.08,2.16
0.001124,1.88,2.28
0.001126,1.68,2.36
0.001128,1.48,2.44
0.00113,1.28,2.52
0.001132,1.04,2.6
0.001134,0.88,2.64
0.001136,0.64,2.68
0.001138,0.44,2.72
0.00114,0.2,2.68
0.001142,0,2.68
0.001144,-0.24,2.64
0.001146,-0.44,2.64
0.001148,-0.64,2.56
0.00115,-0.84,2.48
0.001152,-1,2.4
0.001154,-1.2,2.32
0.001156,-1.4,2.2
0.001158,-1.56,2.08
0.00116,-1.76,1.92
0.001162,-1.88,1.8
0.001164,-2.04,1.68
0.001166,-2.12,1.52
0.001168,-2.28,1.32
0.00117,-2.36,1.12
0.001172,-2.44,0.96
0.001174,-2.52,0.76
0.001176,-2.52,0.56
0.001178,-2.56,0.4
0.00118,-2.6,0.2
0.001182,-2.6,0
0.001184,-2.6,-0.24
0.001186,-2.6,-0.44
0.001188,-2.52,-0.64
0.00119,-2.48,-0.8
0.001192,-2.44,-0.96
0.001194,-2.36,-1.12
0.001196,-2.28,-1.28
0.001198,-2.16,-1.44
0.0012,-2,-1.6
0.001202,-1.88,-1.76
0.001204,-1.76,-1.88
0.001206,-1.56,-2
0.001208,-1.4,-2.12
0.00121,-1.2,-2.2
0.001212,-1.04,-2.28
0.001214,-0.84,-2.36
0.001216,-0.68,-2.44
0.001218,-0.52,-2.48
0.00122,-0.32,-2.48
0.001222,-0.12,-2.52
0.001224,0.12,-2.48
0.001226,0.32,-2.48
0.001228,0.48,-2.4
0.00123,0.64,-2.4
0.001232,0.8,-2.32
0.001234,1.04,-2.24
0.001236,1.24,-2.16
0.001238,1.4,-2.08
0.00124,1.6,-1.96
0.001242,1.76,-1.84
0.001244,1.88,-1.72
0.001246,2,-1.52
0.001248,2.08,-1.36
0.00125,2.16,-1.24
0.001252,2.28,-1.08
0.001254,2.36,-0.92
0.001256,2.48,-0.76
0.001258,2.56,-0.56
0.00126,2.56,-0.4
0.001262,2.56,-0.2
0.001264,2.56,0
0.001266,2.56,0.16
0.001268,2.52,0.36
0.00127,2.48,0.52
0.001272,2.44,0.72
0.001274,2.4,0.84
0.001276,2.32,1
0.001278,2.24,1.16
0.00128,2.2,1.32
0.001282,2.12,1.48
0.001284,2,1.6
0.001286,1.92,1.72
0.001288,1.8,1.84
0.00129,1.64,1.96
0.001292,1.48,2.04
0.001294,1.32,2.12
0.001296,1.12,2.16
0.001298,0.96,2.2
0.0013,0.76,2.24
0.001302,0.64,2.24
0.001304,0.44,2.24
0.001306,0.28,2.24
0.001308,0.08,2.24
0.00131,-0.12,2.24
0.001312,-0.32,2.2
0.001314,-0.52,2.16
0.001316,-0.68,2.08
0.001318,-0.84,2.04
0.00132,-1,1.96
0.001322,-1.2,1.92
0.001324,-1.36,1.8
0.001326,-1.52,1.72
0.001328,-1.64,1.56
0.00133,-1.72,1.44
0.001332,-1.8,1.28
0.001334,-1.88,1.16
0.001336,-1.96,1
0.001338,-2,0.84
0.00134,-2.08,0.68
0.001342,-2.12,0.52
0.001344,-2.16,0.32
0.001346,-2.2,0.16
0.001348,-2.24,0
0.00135,-2.2,-0.2
0.001352,-2.16,-0.36
0.001354,-2.12,-0.48
0.001356,-2.08,-0.64
0.001358,-2,-0.8
0.00136,-1.96,-0.96
0.001362,-1.88,-1.12
0.001364,-1.8,-1.24
0.001366,-1.68,-1.32
0.001368,-1.56,-1.44
0.00137,-1.48,-1.56
0.001372,-1.32,-1.64
0.001374,-1.2,-1.76
0.001376,-1.08,-1.8
0.001378,-0.92,-1.92
0.00138,-0.76,-2
0.001382,-0.56,-2.08
0.001384,-0.4,-2.12
0.001386,-0.24,-2.12
0.001388,-0.08,-2.12
0.00139,0.08,-2.12
0.001392,0.24,-2.12
0.001394,0.4,-2.08
0.001396,0.6,-2
0.001398,0.72,-1.96
0.0014,0.84,-1.92
0.001402,1,-1.84
0.001404,1.12,-1.8
0.001406,1.28,-1.68
0.001408,1.36,-1.56
0.00141,1.52,-1.44
0.001412,1.64,-1.32
0.001414,1.72,-1.2
0.001416,1.84,-1.04
0.001418,1.92,-0.96
0.00142,2,-0.8
0.001422,2.08,-0.64
0.001424,2.08,-0.52
0.001426,2.16,-0.36
0.001428,2.16,-0.16
0.00143,2.16,-0.04
0.001432,2.16,0.12
0.001434,2.16,0.32
0.001436,2.12,0.48
0.001438,2.08,0.6
0.00144,2.04,0.76
0.001442,2,0.92
0.001444,1.92,1.04
0.001446,1.88,1.16
0.001448,1.76,1.28
0.00145,1.64,1.36
0.001452,1.52,1.48
0.001454,1.44,1.56
0.001456,1.28,1.64
0.001458,1.16,1.72
0.00146,1,1.76
0.001462,0.92,1.84
0.001464,0.76,1.88
0.001466,0.64,1.92
0.001468,0.48,1.92
0.00147,0.28,1.96
0.001472,0.12,1.96
0.001474,0,1.96
0.001476,-0.24,1.96
0.001478,-0.36,1.92
0.00148,-0.48,1.92
0.001482,-0.64,1.88
0.001484,-0.76,1.8
0.001486,-0.88,1.72
0.001488,-1,1.64
0.00149,-1.12,1.56
0.001492,-1.24,1.44
0.001494,-1.32,1.32
0.001496,-1.44,1.24
0.001498,-1.52,1.12
0.0015,-1.6,1
0.001502,-1.68,0.88
0.001504,-1.72,0.72
0.001506,-1.76,0.6
0.001508,-1.8,0.48
0.00151,-1.84,0.32
0.001512,-1.84,0.2
0.001514,-1.88,0.04
0.001516,-1.88,-0.12
0.001518,-1.84,-0.28
0.00152,-1.8,-0.4
0.001522,-1.72,-0.56
0.001524,-1.68,-0.68
0.001526,-1.6,-0.8
0.001528,-1.56,-0.92
0.00153,-1.44,-1
0.001532,-1.36,-1.12
0.001534,-1.24,-1.24
0.001536,-1.16,-1.32
0.001538,-1.04,-1.4
0.00154,-0.88,-1.48
0.001542,-0.76,-1.52
0.001544,-0.64,-1.6
0.001546,-0.52,-1.64
0.001548,-0.4,-1.68
0.00155,-0.24,-1.72
0.001552,-0.12,-1.72
0.001554,0,-1.72
0.001556,0.16,-1.68
0.001558,0.28,-1.72
0.00156,0.4,-1.68
0.001562,0.52,-1.6
0.001564,0.64,-1.56
0.001566,0.8,-1.52
0.001568,0.88,-1.48
0.00157,1.04,-1.44
0.001572,1.16,-1.36
0.001574,1.24,-1.28
0.001576,1.32,-1.16
0.001578,1.4,-1.12
0.00158,1.48,-1.04
0.001582,1.56,-0.92
0.001584,1.64,-0.8
0.001586,1.68,-0.68
0.001588,1.76,-0.56
0.00159,1.8,-0.44
0.001592,1.8,-0.32
0.001594,1.88,-0.16
0.001596,1.84,-0.08
0.001598,1.84,0.08
0.0016,1.84,0.16
0.001602,1.84,0.24
0.001604,1.8,0.4
0.001606,1.76,0.52
0.001608,1.72,0.64
0.00161,1.68,0.76
0.001612,1.6,0.88
0.001614,1.52,0.96
0.001616,1.4,1.04
0.001618,1.32,1.16
0.00162,1.2,1.2
0.001622,1.08,1.24
0.001624,0.96,1.32
0.001626,0.84,1.4
0.001628,0.76,1.48
0.00163,0.64,1.48
0.001632,0.52,1.48
0.001634,0.4,1.52
0.001636,0.28,1.56
0.001638,0.16,1.56
0.00164,0.04,1.56
0.001642,-0.12,1.56
0.001644,-0.24,1.56
0.001646,-0.36,1.52
0.001648,-0.48,1.44
0.00165,-0.6,1.4
0.001652,-0.68,1.36
0.001654,-0.76,1.32
0.001656,-0.84,1.24
0.001658,-0.92,1.16
0.00166,-1,1.08
0.001662,-1.04,1
0.001664,-1.16,0.88
0.001666,-1.24,0.8
0.001668,-1.32,0.68
0.00167,-1.4,0.56
0.001672,-1.48,0.48
0.001674,-1.48,0.36
0.001676,-1.52,0.24
0.001678,-1.52,0.12
0.00168,-1.52,0
0.001682,-1.52,-0.08
0.001684,-1.52,-0.16
0.001686,-1.48,-0.28
0.001688,-1.44,-0.44
0.00169,-1.4,-0.52
0.001692,-1.32,-0.64
0.001694,-1.28,-0.72
0.001696,-1.2,-0.8
0.001698,-1.16,-0.88
0.0017,-1.08,-0.96
0.001702,-1,-1.08
0.001704,-0.92,-1.12
0.001706,-0.8,-1.16
0.001708,-0.68,-1.24
0.00171,-0.6,-1.28
0.001712,-0.52,-1.32
0.001714,-0.4,-1.36
0.001716,-0.28,-1.36
0.001718,-0.16,-1.36
0.00172,-0.04,-1.36
0.001722,0.04,-1.36
0.001724,0.16,-1.32
0.001726,0.24,-1.28
0.001728,0.32,-1.28
0.00173,0.4,-1.24
0.001732,0.56,-1.2
0.001734,0.64,-1.2
0.001736,0.76,-1.12
0.001738,0.84,-1.04
0.00174,0.96,-1
0.001742,1.04,-0.92
0.001744,1.12,-0.84
0.001746,1.2,-0.76
0.001748,1.28,-0.64
0.00175,1.32,-0.56
0.001752,1.36,-0.48
0.001754,1.44,-0.4
0.001756,1.44,-0.32
0.001758,1.48,-0.24
0.00176,1.48,-0.12
0.001762,1.48,0.04
0.001764,1.44,0.12
0.001766,1.44,0.2
0.001768,1.44,0.28
0.00177,1.4,0.4
0.001772,1.36,0.48
0.001774,1.32,0.6
0.001776,1.24,0.68
0.001778,1.2,0.72
0.00178,1.12,0.8
0.001782,1.08,0.84
0.001784,1,0.92
0.001786,0.92,0.96
0.001788,0.88,1.04
0.00179,0.76,1.08
0.001792,0.68,1.08
0.001794,0.6,1.12
0.001796,0.48,1.16
0.001798,0.4,1.2
0.0018,0.32,1.24
0.001802,0.2,1.24
0.001804,0.12,1.24
0.001806,0.04,1.24
0.001808,-0.04,1.24
0.00181,-0.16,1.28
0.001812,-0.24,1.28
0.001814,-0.36,1.24
0.001816,-0.44,1.2
0.001818,-0.52,1.16
0.00182,-0.6,1.12
0.001822,-0.64,1.04
0.001824,-0.76,0.96
0.001826,-0.8,0.92
0.001828,-0.88,0.8
0.00183,-0.92,0.72
0.001832,-0.96,0.6
0.001834,-1,0.52
0.001836,-1.08,0.44
0.001838,-1.08,0.4
0.00184,-1.12,0.32
0.001842,-1.16,0.2
0.001844,-1.2,0.12
0.001846,-1.2,0.04
0.001848,-1.2,-0.08
0.00185,-1.2,-0.16
0.001852,-1.12,-0.24
0.001854,-1.12,-0.36
0.001856,-1.08,-0.4
0.001858,-1.04,-0.48
0.00186,-1,-0.56
0.001862,-0.96,-0.68
0.001864,-0.88,-0.72
0.001866,-0.84,-0.8
0.001868,-0.76,-0.8
0.00187,-0.72,-0.88
0.001872,-0.64,-0.92
0.001874,-0.6,-0.92
0.001876,-0.52,-0.96
0.001878,-0.44,-1
0.00188,-0.32,-1.08
0.001882,-0.28,-1.08
0.001884,-0.16,-1.12
0.001886,-0.08,-1.12
0.001888,0,-1.12
0.00189,0.12,-1.12
0.001892,0.24,-1.12
0.001894,0.32,-1.08
0.001896,0.4,-1.04
0.001898,0.48,-1
0.0019,0.52,-0.96
0.001902,0.6,-0.88
0.001904,0.68,-0.84
0.001906,0.72,-0.8
0.001908,0.84,-0.76
0.00191,0.88,-0.72
0.001912,0.96,-0.68
0.001914,1,-0.64
0.001916,1.08,-0.56
0.001918,1.12,-0.48
0.00192,1.12,-0.44
0.001922,1.12,-0.36
0.001924,1.16,-0.24
0.001926,1.16,-0.16
0.001928,1.16,-0.08
0.00193,1.2,0.04
0.001932,1.16,0.12
0.001934,1.12,0.2
0.001936,1.12,0.28
0.001938,1.12,0.36
0.00194,1.04,0.44
0.001942,1.04,0.52
0.001944,1,0.64
0.001946,0.96,0.68
0.001948,0.92,0.72
0.00195,0.88,0.8
0.001952,0.8,0.84
0.001954,0.76,0.88
0.001956,0.68,0.92
0.001958,0.6,0.92
0.00196,0.52,0.96
0.001962,0.44,0.96
0.001964,0.32,1
0.001966,0.24,1.04
0.001968,0.2,1.08
0.00197,0.08,1.08
0.001972,0,1.08
0.001974,-0.12,1.04
0.001976,-0.16,1.04
0.001978,-0.24,1
0.00198,-0.32,0.92
0.001982,-0.36,0.88
0.001984,-0.44,0.88
0.001986,-0.52,0.84
0.001988,-0.6,0.8
0.00199,-0.64,0.76
0.001992,-0.68,0.72
0.001994,-0.76,0.64
0.001996,-0.8,0.56
0.001998,-0.84,0.52
0.002,-0.88,0.44
0.002002,-0.92,0.36
0.002004,-0.96,0.32
0.002006,-0.96,0.24
0.002008,-0.92,0.16
0.00201,-0.96,0.08
0.002012,-0.92,0.04
0.002014,-0.88,-0.08
0.002016,-0.92,-0.12
0.002018,-0.92,-0.16
0.00202,-0.88,-0.24
0.002022,-0.88,-0.24
0.002024,-0.84,-0.32
0.002026,-0.8,-0.36
0.002028,-0.76,-0.44
0.00203,-0.72,-0.48
0.002032,-0.64,-0.56
0.002034,-0.64,-0.6
0.002036,-0.56,-0.68
0.002038,-0.48,-0.72
0.00204,-0.4,-0.72
0.002042,-0.36,-0.76
0.002044,-0.28,-0.8
0.002046,-0.24,-0.8
0.002048,-0.24,-0.84
0.00205,-0.16,-0.84
0.002052,-0.12,-0.84
0.002054,-0.04,-0.84
0.002056,0.04,-0.84
0.002058,0.12,-0.84
0.00206,0.16,-0.8
0.002062,0.24,-0.8
0.002064,0.32,-0.76
0.002066,0.36,-0.76
0.002068,0.4,-0.72
0.00207,0.44,-0.72
0.002072,0.52,-0.64
0.002074,0.56,-0.6
0.002076,0.64,-0.56
0.002078,0.68,-0.52
0.00208,0.72,-0.44
0.002082,0.72,-0.36
0.002084,0.8,-0.32
0.002086,0.8,-0.24
0.002088,0.88,-0.2
0.00209,0.88,-0.16
0.002092,0.88,-0.08
0.002094,0.84,0
0.002096,0.8,0.04
0.002098,0.84,0.12
0.0021,0.8,0.2
0.002102,0.8,0.24
0.002104,0.84,0.28
0.002106,0.8,0.36
0.002108,0.76,0.4
0.00211,0.76,0.44
0.002112,0.72,0.44
0.002114,0.68,0.52
0.002116,0.64,0.52
0.002118,0.6,0.56
0.00212,0.56,0.64
0.002122,0.48,0.64
0.002124,0.44,0.72
0.002126,0.36,0.72
0.002128,0.32,0.72
0.00213,0.28,0.72
0.002132,0.2,0.76
0.002134,0.16,0.76
0.002136,0.12,0.76
0.002138,0,0.76
0.00214,-0.04,0.76
0.002142,-0.12,0.72
0.002144,-0.2,0.72
0.002146,-0.24,0.68
0.002148,-0.28,0.68
0.00215,-0.32,0.6
0.002152,-0.4,0.6
0.002154,-0.44,0.6
0.002156,-0.48,0.52
0.002158,-0.52,0.52
0.00216,-0.56,0.48
0.002162,-0.56,0.4
0.002164,-0.6,0.36
0.002166,-0.64,0.32
0.002168,-0.64,0.28
0.00217,-0.68,0.28
0.002172,-0.68,0.24
0.002174,-0.72,0.16
0.002176,-0.72,0.12
0.002178,-0.72,0.04
0.00218,-0.68,0.04
0.002182,-0.64,0
0.002184,-0.64,-0.08
0.002186,-0.64,-0.16
0.002188,-0.64,-0.2
0.00219,-0.6,-0.24
0.002192,-0.6,-0.32
0.002194,-0.6,-0.36
0.002196,-0.56,-0.36
0.002198,-0.52,-0.4
0.0022,-0.48,-0.44
0.002202,-0.44,-0.48
0.002204,-0.36,-0.56
0.002206,-0.32,-0.56
0.002208,-0.28,-0.56
0.00221,-0.24,-0.6
0.002212,-0.16,-0.6
0.002214,-0.12,-0.6
0.002216,-0.08,-0.6
0.002218,-0.04,-0.6
0.00222,0.04,-0.6
0.002222,0.08,-0.6
0.002224,0.12,-0.56
0.002226,0.2,-0.56
0.002228,0.28,-0.56
0.00223,0.32,-0.56
0.002232,0.32,-0.52
0.002234,0.4,-0.52
0.002236,0.44,-0.52
0.002238,0.44,-0.48
0.00224,0.48,-0.48
0.002242,0.52,-0.44
0.002244,0.52,-0.4
0.002246,0.56,-0.36
0.002248,0.6,-0.28
0.00225,0.64,-0.28
0.002252,0.64,-0.24
0.002254,0.64,-0.2
0.002256,0.68,-0.16
0.002258,0.68,-0.12
0.00226,0.64,-0.08
0.002262,0.68,0
0.002264,0.64,0.08
0.002266,0.64,0.16
0.002268,0.6,0.2
0.00227,0.6,0.24
0.002272,0.56,0.28
0.002274,0.56,0.32
0.002276,0.52,0.4
0.002278,0.52,0.4
0.00228,0.48,0.44
0.002282,0.44,0.48
0.002284,0.44,0.52
0.002286,0.44,0.52
0.002288,0.36,0.52
0.00229,0.36,0.56
0.002292,0.32,0.6
0.002294,0.32,0.6
0.002296,0.24,0.64
0.002298,0.16,0.64
0.0023,0.12,0.64
0.002302,0.04,0.64
0.002304,0.04,0.6
0.002306,0,0.56
0.002308,-0.08,0.56
0.00231,-0.08,0.56
0.002312,-0.16,0.56
0.002314,-0.2,0.56
0.002316,-0.24,0.56
0.002318,-0.28,0.56
0.00232,-0.28,0.48
0.002322,-0.32,0.44
0.002324,-0.36,0.36
0.002326,-0.4,0.36
0.002328,-0.4,0.28
0.00233,-0.44,0.24
0.002332,-0.44,0.24
0.002334,-0.44,0.2
0.002336,-0.48,0.16
0.002338,-0.48,0.12
0.00234,-0.48,0.12
0.002342,-0.52,0.08
0.002344,-0.52,0.04
0.002346,-0.52,0
0.002348,-0.52,-0.04
0.00235,-0.52,-0.08
0.002352,-0.52,-0.16
0.002354,-0.52,-0.16
0.002356,-0.48,-0.2
0.002358,-0.48,-0.24
0.00236,-0.48,-0.28
0.002362,-0.4,-0.28
0.002364,-0.36,-0.32
0.002366,-0.36,-0.4
0.002368,-0.32,-0.36
0.00237,-0.28,-0.4
0.002372,-0.24,-0.4
0.002374,-0.2,-0.44
0.002376,-0.12,-0.44
0.002378,-0.12,-0.44
0.00238,-0.08,-0.44
0.002382,-0.08,-0.44
0.002384,0,-0.44
0.002386,0.04,-0.44
0.002388,0.08,-0.44
0.00239,0.12,-0.44
0.002392,0.16,-0.4
0.002394,0.2,-0.36
0.002396,0.2,-0.36
0.002398,0.24,-0.36
0.0024,0.28,-0.36
0.002402,0.32,-0.36
0.002404,0.32,-0.32
0.002406,0.36,-0.32
0.002408,0.36,-0.28
0.00241,0.36,-0.2
0.002412,0.36,-0.2
0.002414,0.4,-0.16
0.002416,0.4,-0.16
0.002418,0.44,-0.12
0.00242,0.44,-0.08
0.002422,0.48,-0.08
0.002424,0.48,-0.04
0.002426,0.48,0
0.002428,0.44,0.04
0.00243,0.44,0.08
0.002432,0.44,0.12
0.002434,0.4,0.16
0.002436,0.4,0.2
0.002438,0.4,0.2
0.00244,0.36,0.24
0.002442,0.36,0.24
0.002444,0.36,0.28
0.002446,0.32,0.32
0.002448,0.28,0.32
0.00245,0.28,0.32
0.002452,0.24,0.36
0.002454,0.24,0.4
0.002456,0.2,0.36
0.002458,0.2,0.36
0.00246,0.16,0.36
0.002462,0.12,0.36
0.002464,0.12,0.4
0.002466,0.08,0.4
0.002468,0.04,0.36
0.00247,0,0.4
0.002472,-0.04,0.4
0.002474,-0.08,0.4
0.002476,-0.12,0.4
0.002478,-0.16,0.4
0.00248,-0.2,0.36
0.002482,-0.2,0.4
0.002484,-0.28,0.36
0.002486,-0.32,0.36
0.002488,-0.32,0.32
0.00249,-0.28,0.32
0.002492,-0.32,0.32
0.002494,-0.32,0.28
0.002496,-0.32,0.24
0.002498,-0.36,0.24
0.0025,-0.36,0.2
0.002502,-0.36,0.16
0.002504,-0.4,0.12
0.002506,-0.36,0.12
0.002508,-0.36,0.04
0.00251,-0.36,0.04
0.002512,-0.32,0
0.002514,-0.32,0
0.002516,-0.28,-0.04
0.002518,-0.28,-0.08
0.00252,-0.28,-0.12
0.002522,-0.24,-0.16
0.002524,-0.24,-0.2
0.002526,-0.24,-0.24
0.002528,-0.24,-0.24
0.00253,-0.24,-0.24
0.002532,-0.2,-0.24
0.002534,-0.16,-0.28
0.002536,-0.12,-0.28
0.002538,-0.08,-0.28
0.00254,-0.08,-0.28
0.002542,-0.08,-0.28
0.002544,-0.08,-0.24
0.002546,-0.08,-0.28
0.002548,-0.08,-0.28
0.00255,0,-0.28
0.002552,0.04,-0.28
0.002554,0.04,-0.28
0.002556,0.08,-0.28
0.002558,0.08,-0.28
0.00256,0.12,-0.28
0.002562,0.08,-0.28
0.002564,0.12,-0.28
0.002566,0.16,-0.28
0.002568,0.16,-0.28
0.00257,0.2,-0.28
0.002572,0.2,-0.24
0.002574,0.2,-0.2
0.002576,0.2,-0.2
0.002578,0.24,-0.16
0.00258,0.24,-0.12
0.002582,0.28,-0.12
0.002584,0.32,-0.08
0.002586,0.32,-0.04
0.002588,0.32,0
0.00259,0.32,0.04
0.002592,0.32,0.04
0.002594,0.28,0.04
0.002596,0.24,0.12
0.002598,0.24,0.12
0.0026,0.24,0.12
0.002602,0.28,0.16
0.002604,0.24,0.16
0.002606,0.28,0.12
0.002608,0.28,0.16
0.00261,0.28,0.16
0.002612,0.28,0.16
0.002614,0.28,0.24
0.002616,0.28,0.24
0.002618,0.28,0.24
0.00262,0.28,0.32
0.002622,0.24,0.32
0.002624,0.24,0.32
0.002626,0.16,0.32
0.002628,0.16,0.32
0.00263,0.12,0.36
0.002632,0.08,0.36
0.002634,0.04,0.36
0.002636,0,0.32
0.002638,-0.04,0.32
0.00264,-0.08,0.32
0.002642,-0.08,0.32
0.002644,-0.12,0.32
0.002646,-0.12,0.32
0.002648,-0.12,0.32
0.00265,-0.12,0.32
0.002652,-0.16,0.28
0.002654,-0.12,0.28
0.002656,-0.2,0.24
0.002658,-0.2,0.2
0.00266,-0.2,0.2
0.002662,-0.24,0.2
0.002664,-0.2,0.16
0.002666,-0.24,0.16
0.002668,-0.24,0.12
0.00267,-0.24,0.12
0.002672,-0.28,0.12
0.002674,-0.24,0.08
0.002676,-0.28,0.08
0.002678,-0.28,0.04
0.00268,-0.24,0
0.002682,-0.24,0
0.002684,-0.24,0
0.002686,-0.28,0
0.002688,-0.28,-0.04
0.00269,-0.24,-0.08
0.002692,-0.2,-0.08
0.002694,-0.2,-0.08
0.002696,-0.16,-0.08
0.002698,-0.12,-0.12
0.0027,-0.12,-0.12
0.002702,-0.08,-0.16
0.002704,-0.08,-0.16
0.002706,-0.08,-0.2
0.002708,-0.08,-0.24
0.00271,-0.04,-0.24
0.002712,0,-0.24
0.002714,0,-0.24
0.002716,0.08,-0.24
0.002718,0.12,-0.24
0.00272,0.12,-0.24
0.002722,0.12,-0.28
0.002724,0.12,-0.28
0.002726,0.16,-0.28
0.002728,0.2,-0.24
0.00273,0.2,-0.24
0.002732,0.2,-0.24
0.002734,0.2,-0.2
0.002736,0.2,-0.16
0.002738,0.2,-0.16
0.00274,0.2,-0.16
0.002742,0.16,-0.08
0.002744,0.16,-0.08
0.002746,0.2,-0.04
0.002748,0.16,-0.04
0.00275,0.2,0
0.002752,0.2,-0.04
0.002754,0.2,-0.04
0.002756,0.2,0
0.002758,0.24,0
0.00276,0.24,0.04
0.002762,0.24,0.08
0.002764,0.24,0.12
0.002766,0.2,0.12
0.002768,0.2,0.12
0.00277,0.16,0.2
0.002772,0.16,0.2
0.002774,0.16,0.2
0.002776,0.16,0.24
0.002778,0.16,0.2
0.00278,0.12,0.24
0.002782,0.12,0.28
0.002784,0.12,0.28
0.002786,0.16,0.28
0.002788,0.16,0.32
0.00279,0.16,0.28
0.002792,0.16,0.28
0.002794,0.16,0.28
0.002796,0.16,0.28
0.002798,0.12,0.24
0.0028,0.08,0.24
0.002802,0.04,0.2
0.002804,0,0.16
0.002806,0,0.16
0.002808,0,0.16
0.00281,0,0.16
0.002812,-0.04,0.2
0.002814,-0.04,0.16
0.002816,-0.08,0.16
0.002818,-0.12,0.12
0.00282,-0.12,0.12
0.002822,-0.16,0.08
0.002824,-0.2,0.08
0.002826,-0.16,0.04
0.002828,-0.2,0.04
0.00283,-0.2,0.04
0.002832,-0.2,0
0.002834,-0.24,0
0.002836,-0.24,-0.04
0.002838,-0.24,0
0.00284,-0.24,0
0.002842,-0.28,0
0.002844,-0.28,0
0.002846,-0.24,-0.04
0.002848,-0.24,-0.04
0.00285,-0.2,0
0.002852,-0.16,-0.08
0.002854,-0.16,-0.08
0.002856,-0.2,-0.08
0.002858,-0.16,-0.12
0.00286,-0.12,-0.08
0.002862,-0.12,-0.12
0.002864,-0.12,-0.08
0.002866,-0.08,-0.12
0.002868,-0.04,-0.12
0.00287,0,-0.12
0.002872,0,-0.08
0.002874,0.04,-0.12
0.002876,0.04,-0.16
0.002878,0.04,-0.12
0.00288,0.04,-0.12
0.002882,0.08,-0.16
0.002884,0.08,-0.16
0.002886,0.08,-0.16
0.002888,0.12,-0.16
0.00289,0.12,-0.16
0.002892,0.12,-0.16
0.002894,0.12,-0.16
0.002896,0.12,-0.16
0.002898,0.2,-0.16
0.0029,0.2,-0.16
0.002902,0.16,-0.08
0.002904,0.16,-0.08
0.002906,0.16,-0.04
0.002908,0.2,-0.04
0.00291,0.2,-0.04
0.002912,0.2,-0.04
0.002914,0.2,-0.04
0.002916,0.24,-0.04
0.002918,0.24,-0.04
0.00292,0.24,0
0.002922,0.2,0
0.002924,0.2,0
0.002926,0.2,0
0.002928,0.2,0
0.00293,0.16,0
0.002932,0.16,0
0.002934,0.16,0
0.002936,0.16,0.04
0.002938,0.16,0.04
0.00294,0.16,0.04
0.002942,0.16,0.04
0.002944,0.12,0.08
0.002946,0.08,0.12
0.002948,0.12,0.12
0.00295,0.08,0.16
0.002952,0.08,0.16
0.002954,0.08,0.16
0.002956,0.12,0.16
0.002958,0.04,0.2
0.00296,0.04,0.2
0.002962,0,0.2
0.002964,0,0.2
0.002966,0.04,0.2
0.002968,0,0.2
0.00297,0,0.2
0.002972,-0.04,0.16
0.002974,-0.04,0.12
0.002976,-0.04,0.12
0.002978,-0.08,0.08
0.00298,-0.04,0.08
0.002982,-0.08,0.04
0.002984,-0.08,0.08
0.002986,-0.08,0.04
0.002988,-0.12,0.04
0.00299,-0.12,0.04
0.002992,-0.12,0.04
0.002994,-0.12,0
0.002996,-0.12,0.04
0.002998,-0.08,0.04
0.003,-0.12,0.04
0.003002,-0.08,0
0.003004,-0.08,0
0.003006,-0.12,0
0.003008,-0.16,0
0.00301,-0.2,0
0.003012,-0.2,-0.04
0.003014,-0.2,-0.04
0.003016,-0.2,-0.04
0.003018,-0.2,-0.04
0.00302,-0.2,-0.04
0.003022,-0.16,-0.04
0.003024,-0.16,-0.04
0.003026,-0.12,-0.04
0.003028,-0.08,-0.08
0.00303,-0.08,-0.08
0.003032,-0.04,-0.08
0.003034,-0.04,-0.12
0.003036,0,-0.12
0.003038,0,-0.12
0.00304,-0.04,-0.08
0.003042,-0.08,-0.08
0.003044,-0.08,-0.08
0.003046,-0.04,-0.08
0.003048,0,-0.08
0.00305,0,-0.08
0.003052,0.04,-0.08
0.003054,0,-0.08
0.003056,0.04,-0.08
0.003058,0.08,-0.08
0.00306,0.08,-0.08
0.003062,0.08,-0.08
0.003064,0.12,-0.12
0.003066,0.12,-0.08
0.003068,0.12,-0.08
0.00307,0.16,-0.08
0.003072,0.16,-0.04
0.003074,0.2,-0.04
0.003076,0.2,-0.04
0.003078,0.2,-0.04
0.00308,0.16,-0.04
0.003082,0.12,0
0.003084,0.12,0.04
0.003086,0.12,0.04
0.003088,0.12,0.04
0.00309,0.12,0.04
0.003092,0.12,0.08
0.003094,0.12,0.04
0.003096,0.12,0.08
0.003098,0.08,0.08
0.0031,0.08,0.12
0.003102,0.08,0.08
0.003104,0.08,0.04
0.003106,0.08,0.12
0.003108,0.04,0.12
0.00311,0.04,0.12
0.003112,0.08,0.12
0.003114,0.04,0.12
0.003116,0.08,0.12
0.003118,0.04,0.12
0.00312,0.08,0.12
0.003122,0.04,0.12
0.003124,0.04,0.16
0.003126,0.04,0.16
0.003128,0.04,0.16
0.00313,0,0.16
0.003132,-0.04,0.16
0.003134,-0.04,0.16
0.003136,-0.04,0.16
0.003138,-0.04,0.2
0.00314,-0.08,0.16
0.003142,-0.08,0.16
0.003144,-0.08,0.16
0.003146,-0.08,0.12
0.003148,-0.08,0.12
0.00315,-0.08,0.08
0.003152,-0.08,0.04
0.003154,-0.08,0.04
0.003156,-0.08,0.04
0.003158,-0.08,0.04
0.00316,-0.12,0.04
0.003162,-0.12,0.04
0.003164,-0.08,0
0.003166,-0.08,0
0.003168,-0.08,0
0.00317,-0.12,0
0.003172,-0.12,0
0.003174,-0.12,0
0.003176,-0.12,-0.04
0.003178,-0.08,0
0.00318,-0.08,0
0.003182,-0.08,-0.04
0.003184,-0.08,-0.08
0.003186,-0.04,-0.08
0.003188,-0.08,-0.08
0.00319,-0.04,-0.08
0.003192,-0.04,-0.08
0.003194,-0.04,-0.12
0.003196,0,-0.12
0.003198,-0.04,-0.12
0.0032,-0.04,-0.12
0.003202,-0.04,-0.12
0.003204,-0.04,-0.12
0.003206,-0.04,-0.08
0.003208,0,-0.04
0.00321,0,-0.04
0.003212,0,-0.08
0.003214,0,-0.08
0.003216,0.04,-0.08
0.003218,0.08,-0.12
0.00322,0.08,-0.08
0.003222,0.12,-0.08
0.003224,0.12,-0.08
0.003226,0.08,-0.08
0.003228,0.12,-0.04
0.00323,0.12,-0.04
0.003232,0.12,0
0.003234,0.12,0
0.003236,0.12,0
0.003238,0.12,0.04
0.00324,0.12,0.04
0.003242,0.12,0
0.003244,0.12,0.04
0.003246,0.12,0
0.003248,0.12,0.04
0.00325,0.12,0.04
0.003252,0.08,0.04
0.003254,0.08,0.08
0.003256,0.08,0.12
0.003258,0.08,0.12
0.00326,0.08,0.12
0.003262,0.08,0.12
0.003264,0.08,0.12
0.003266,0.08,0.12
0.003268,0.12,0.12
0.00327,0.08,0.12
0.003272,0.08,0.12
0.003274,0.08,0.12
0.003276,0.08,0.16
0.003278,0.08,0.16
0.00328,0.08,0.16
0.003282,0.08,0.12
0.003284,0.08,0.16
0.003286,0.08,0.16
0.003288,0,0.16
0.00329,0,0.16
0.003292,0,0.16
0.003294,-0.08,0.12
0.003296,-0.08,0.12
0.003298,-0.12,0.08
0.0033,-0.08,0.08
0.003302,-0.08,0.08
0.003304,-0.12,0.04
0.003306,-0.12,0.04
0.003308,-0.12,0.08
0.00331,-0.12,0.08
0.003312,-0.12,0.12
0.003314,-0.12,0.08
0.003316,-0.08,0.04
0.003318,-0.12,0.04
0.00332,-0.12,0.04
0.003322,-0.12,0.04
0.003324,-0.12,0.04
0.003326,-0.12,0.04
0.003328,-0.12,0.04
0.00333,-0.12,0.04
0.003332,-0.12,0.04
0.003334,-0.12,0.04
0.003336,-0.12,0.04
0.003338,-0.08,0.04
0.00334,-0.04,0.04
0.003342,-0.04,0.04
0.003344,0,0.04
0.003346,0,0
0.003348,0,0.04
0.00335,-0.04,0
0.003352,-0.04,-0.04
0.003354,-0.08,-0.04
0.003356,-0.08,-0.08
0.003358,-0.08,-0.12
0.00336,-0.08,-0.12
0.003362,-0.08,-0.08
0.003364,-0.08,-0.16
0.003366,-0.08,-0.12
0.003368,-0.08,-0.16
0.00337,-0.08,-0.12
0.003372,-0.08,-0.16
0.003374,-0.04,-0.12
0.003376,-0.08,-0.12
0.003378,-0.04,-0.12
0.00338,-0.04,-0.08
0.003382,-0.08,-0.12
0.003384,0,-0.08
0.003386,-0.04,-0.04
0.003388,0,-0.04
0.00339,0,-0.04
0.003392,0.04,-0.04
0.003394,0.04,0
0.003396,0.08,0
0.003398,0.08,-0.04
0.0034,0.08,-0.04
0.003402,0.12,-0.04
0.003404,0.08,-0.04
0.003406,0.12,0
0.003408,0.12,-0.04
0.00341,0.12,-0.04
0.003412,0.08,-0.04
0.003414,0.08,-0.04
0.003416,0.08,0
0.003418,0.08,0.04
0.00342,0.12,0.04
0.003422,0.08,0.04
0.003424,0.08,0
0.003426,0.08,0
0.003428,0.08,0.04
0.00343,0.08,0.04
0.003432,0.08,0.04
0.003434,0.08,0.04
0.003436,0.08,0.08
0.003438,0.04,0.04
0.00344,0.08,0.08
0.003442,0.08,0.04
0.003444,0.08,0.04
0.003446,0.04,0.04
0.003448,0.04,0.08
0.00345,0.04,0.08
0.003452,0.04,0.08
0.003454,0,0.08
0.003456,0,0.08
0.003458,0,0.12
0.00346,-0.04,0.12
0.003462,-0.04,0.12
0.003464,-0.08,0.12
0.003466,-0.08,0.12
0.003468,-0.04,0.12
0.00347,-0.08,0.12
0.003472,-0.08,0.08
0.003474,-0.08,0.08
0.003476,-0.08,0.08
0.003478,-0.08,0.08
0.00348,-0.08,0.04
0.003482,-0.08,0.04
0.003484,-0.08,0.08
0.003486,-0.08,0.08
0.003488,-0.12,0.08
0.00349,-0.12,0.12
0.003492,-0.12,0.08
0.003494,-0.12,0.04
0.003496,-0.12,0.04
0.003498,-0.12,0
0.0035,-0.12,0
0.003502,-0.12,0
0.003504,-0.12,0
0.003506,-0.12,0
0.003508,-0.08,0
0.00351,-0.08,0
0.003512,-0.08,0
0.003514,-0.12,0
0.003516,-0.08,0
0.003518,-0.08,0
0.00352,-0.08,0
0.003522,-0.08,0
0.003524,-0.08,0
0.003526,-0.08,0
0.003528,-0.04,-0.04
0.00353,-0.04,-0.04
0.003532,0,-0.04
0.003534,0.04,-0.04
0.003536,0.04,-0.08
0.003538,0.08,-0.08
0.00354,0.08,-0.08
0.003542,0.08,-0.08
0.003544,0.08,-0.08
0.003546,0.08,-0.08
0.003548,0.08,-0.08
0.00355,0.08,-0.08
0.003552,0.08,-0.08
0.003554,0.08,-0.04
0.003556,0.08,-0.08
0.003558,0.08,-0.08
0.00356,0.08,-0.04
0.003562,0.08,-0.04
0.003564,0.08,-0.04
0.003566,0.12,-0.04
0.003568,0.12,-0.04
0.00357,0.12,0
0.003572,0.12,0
0.003574,0.08,0.04
0.003576,0.08,0.04
0.003578,0.08,0.04
0.00358,0.08,0.04
0.003582,0.12,0.04
0.003584,0.12,0.04
0.003586,0.12,0.08
0.003588,0.12,0.08
0.00359,0.08,0.08
0.003592,0.08,0.04
0.003594,0.12,0.04
0.003596,0.12,0.04
0.003598,0.12,0.08
0.0036,0.12,0.08
0.003602,0.12,0.12
0.003604,0.12,0.12
0.003606,0.12,0.08
0.003608,0.08,0.08
0.00361,0.08,0.08
0.003612,0.08,0.08
0.003614,0.04,0.08
0.003616,0,0.08
0.003618,0,0.08
0.00362,-0.04,0.12
0.003622,-0.04,0.12
0.003624,-0.04,0.08
0.003626,-0.08,0.08
0.003628,-0.08,0.12
0.00363,-0.04,0.08
0.003632,-0.04,0.12
0.003634,-0.08,0.12
0.003636,-0.08,0.12
0.003638,-0.08,0.12
0.00364,-0.04,0.12
0.003642,-0.04,0.12
0.003644,-0.04,0.12
0.003646,-0.04,0.08
0.003648,-0.08,0.04
0.00365,-0.12,0.04
0.003652,-0.12,0.08
0.003654,-0.12,0.08
0.003656,-0.12,0.08
0.003658,-0.16,0.04
0.00366,-0.2,0
0.003662,-0.16,0
0.003664,-0.16,0
0.003666,-0.2,0
0.003668,-0.16,0
0.00367,-0.12,-0.04
0.003672,-0.12,-0.04
0.003674,-0.12,0
0.003676,-0.12,-0.04
0.003678,-0.12,0
0.00368,-0.12,-0.04
0.003682,-0.12,-0.08
0.003684,-0.12,-0.08
0.003686,-0.12,-0.08
0.003688,-0.08,-0.08
0.00369,-0.08,-0.08
0.003692,-0.08,-0.08
0.003694,-0.08,-0.08
0.003696,-0.08,-0.08
0.003698,-0.04,-0.08
0.0037,-0.04,-0.08
0.003702,0,-0.08
0.003704,0,-0.12
0.003706,0,-0.08
0.003708,0.04,-0.08
0.00371,0.04,-0.08
0.003712,0.04,-0.12
0.003714,0.04,-0.08
0.003716,0.04,-0.08
0.003718,0.04,-0.08
0.00372,0.04,-0.08
0.003722,0.04,-0.08
0.003724,0.04,-0.08
0.003726,0.04,-0.08
0.003728,0.04,-0.08
0.00373,0.08,-0.04
0.003732,0.08,-0.04
0.003734,0.08,-0.04
0.003736,0.12,0
0.003738,0.08,0
0.00374,0.08,0.04
0.003742,0.08,0.04
0.003744,0.08,0.04
0.003746,0.08,0.04
0.003748,0.08,0.04
0.00375,0.04,0.04
0.003752,0.04,0.04
0.003754,0.08,0.04
0.003756,0.08,0.04
0.003758,0.08,0.08
0.00376,0.08,0.04
0.003762,0.08,0.08
0.003764,0.08,0.08
0.003766,0.04,0.12
0.003768,0.12,0.12
0.00377,0.08,0.12
0.003772,0.08,0.16
0.003774,0.08,0.2
0.003776,0.08,0.2
0.003778,0.08,0.2
0.00378,0.08,0.16
0.003782,0.04,0.16
0.003784,0.04,0.16
0.003786,0,0.12
0.003788,0,0.16
0.00379,0,0.12
0.003792,0,0.12
0.003794,0,0.12
0.003796,-0.08,0.08
0.003798,-0.08,0.04
0.0038,-0.08,0.08
0.003802,-0.08,0.12
0.003804,-0.12,0.12
0.003806,-0.12,0.08
0.003808,-0.12,0.08
0.00381,-0.12,0.08
0.003812,-0.12,0.08
0.003814,-0.12,0.04
0.003816,-0.12,0.08
0.003818,-0.12,0.04
0.00382,-0.12,0.04
0.003822,-0.12,0.04
0.003824,-0.12,0.04
0.003826,-0.12,0.04
0.003828,-0.12,0
0.00383,-0.12,0
0.003832,-0.12,0
0.003834,-0.12,0
0.003836,-0.08,0
0.003838,-0.08,0
0.00384,-0.04,-0.04
0.003842,-0.04,-0.04
0.003844,-0.04,-0.08
0.003846,-0.04,-0.04
0.003848,-0.04,-0.08
0.00385,-0.04,-0.08
0.003852,-0.04,-0.08
0.003854,0,-0.12
0.003856,0,-0.12
0.003858,0,-0.12
0.00386,0,-0.12
0.003862,0,-0.12
0.003864,0.04,-0.12
0.003866,0.04,-0.08
0.003868,0,-0.12
0.00387,0,-0.12
0.003872,0.04,-0.12
0.003874,0.04,-0.12
0.003876,0,-0.12
0.003878,0,-0.08
0.00388,0.04,-0.12
0.003882,0.08,-0.12
0.003884,0.08,-0.08
0.003886,0.08,-0.08
0.003888,0.08,-0.08
0.00389,0.08,-0.04
0.003892,0.08,-0.04
0.003894,0.08,-0.08
0.003896,0.08,-0.08
0.003898,0.08,-0.04
0.0039,0.12,0
0.003902,0.12,0
0.003904,0.12,0.04
0.003906,0.16,0.04
0.003908,0.12,0.04
0.00391,0.12,0
0.003912,0.12,0.04
0.003914,0.12,0.04
0.003916,0.08,0.04
0.003918,0.04,0.04
0.00392,0.08,0.04
0.003922,0.08,0.08
0.003924,0.08,0.08
0.003926,0.04,0.04
0.003928,0.04,0.04
0.00393,0.04,0.04
0.003932,0.04,0.08
0.003934,0.04,0.08
0.003936,0.04,0.08
0.003938,0,0.12
0.00394,0,0.12
0.003942,0,0.12
0.003944,0,0.08
0.003946,0,0.12
0.003948,0,0.12
0.00395,0,0.12
0.003952,0,0.16
0.003954,0,0.16
0.003956,0,0.16
0.003958,0,0.12
0.00396,-0.04,0.12
0.003962,-0.08,0.08
0.003964,-0.04,0.08
0.003966,-0.04,0.08
0.003968,-0.04,0.12
0.00397,0,0.12
0.003972,-0.04,0.12
0.003974,-0.04,0.12
0.003976,-0.08,0.12
0.003978,-0.08,0.08
0.00398,-0.08,0.04
0.003982,-0.12,0.08
0.003984,-0.12,0.08
0.003986,-0.12,0.08
0.003988,-0.12,0.08
0.00399,-0.12,0.08
0.003992,-0.12,0.08
0.003994,-0.12,0.04
0.003996,-0.12,0.04
0.003998,-0.08,0
0.004,-0.08,0
0.004002,-0.12,-0.04
0.004004,-0.08,-0.04
0.004006,-0.08,-0.04
0.004008,-0.12,-0.08
0.00401,-0.08,-0.08
0.004012,-0.12,-0.08
0.004014,-0.12,-0.04
0.004016,-0.12,-0.04
0.004018,-0.12,-0.04
0.00402,-0.12,-0.04
0.004022,-0.08,-0.04
0.004024,-0.12,-0.08
0.004026,-0.08,-0.04
0.004028,-0.08,-0.08
0.00403,-0.08,-0.08
0.004032,-0.04,-0.08
0.004034,-0.08,-0.04
0.004036,-0.04,-0.08
0.004038,0,-0.08
0.00404,0,-0.08
0.004042,0,-0.08
0.004044,0,-0.12
0.004046,0.04,-0.08
0.004048,0,-0.08
0.00405,0.04,-0.08
0.004052,0.04,-0.08
0.004054,0.08,-0.08
0.004056,0.08,-0.08
0.004058,0.04,-0.08
0.00406,0.08,-0.04
0.004062,0.08,-0.08
0.004064,0.08,-0.08
0.004066,0.08,-0.12
0.004068,0.12,-0.12
0.00407,0.12,-0.08
0.004072,0.12,-0.08
0.004074,0.12,-0.04
0.004076,0.12,0
0.004078,0.12,0
0.00408,0.12,0.04
0.004082,0.12,0
0.004084,0.08,0
0.004086,0.08,0.04
0.004088,0.08,0.04
0.00409,0.04,0.04
0.004092,0.04,0.04
0.004094,0.08,0.04
0.004096,0.08,0.04
0.004098,0.08,0.08
0.0041,0.08,0.08
0.004102,0.08,0.04
0.004104,0.04,0.04
0.004106,0.04,0.08
0.004108,0,0.04
0.00411,0,0.04
0.004112,0,0.08
0.004114,0,0.08
0.004116,0,0.08
0.004118,0,0.12
0.00412,0,0.12
0.004122,0.04,0.12
0.004124,0,0.12
0.004126,0,0.12
0.004128,0,0.12
0.00413,0,0.12
0.004132,-0.04,0.12
0.004134,-0.04,0.12
0.004136,-0.08,0.12
0.004138,-0.08,0.12
0.00414,-0.08,0.12
0.004142,-0.12,0.12
0.004144,-0.12,0.12
0.004146,-0.12,0.12
0.004148,-0.12,0.12
0.00415,-0.12,0.08
0.004152,-0.12,0.04
0.004154,-0.08,0.08
0.004156,-0.12,0.04
0.004158,-0.12,0
0.00416,-0.12,-0.04
0.004162,-0.08,0
0.004164,-0.12,0
0.004166,-0.12,0
0.004168,-0.12,0
0.00417,-0.12,0
0.004172,-0.08,-0.04
0.004174,-0.08,-0.08
0.004176,-0.12,-0.08
0.004178,-0.12,-0.08
0.00418,-0.12,-0.08
0.004182,-0.12,-0.08
0.004184,-0.08,-0.08
0.004186,-0.08,-0.08
0.004188,-0.08,-0.08
0.00419,-0.08,-0.08
0.004192,-0.04,-0.08
0.004194,-0.04,-0.08
0.004196,-0.04,-0.12
0.004198,0,-0.12
0.0042,-0.04,-0.12
0.004202,0,-0.12
0.004204,-0.04,-0.08
0.004206,0,-0.08
0.004208,0,-0.08
0.00421,0,-0.04
0.004212,0,-0.04
0.004214,0.04,-0.04
0.004216,0.04,0
0.004218,0.04,0
0.00422,0.08,0
0.004222,0.08,0
0.004224,0.08,-0.04
0.004226,0.12,0
0.004228,0.12,0.04
0.00423,0.12,0
0.004232,0.12,0
0.004234,0.12,0
0.004236,0.12,0
0.004238,0.12,-0.04
0.00424,0.16,0
0.004242,0.16,0
0.004244,0.16,0.04
0.004246,0.16,0.04
0.004248,0.16,0.04
0.00425,0.16,0.04
0.004252,0.12,0.04
0.004254,0.12,0.08
0.004256,0.12,0.08
0.004258,0.08,0.04
0.00426,0.08,0.04
0.004262,0.08,0.08
0.004264,0.04,0.08
0.004266,0.04,0.08
0.004268,0.04,0.08
0.00427,0.04,0.08
0.004272,0.04,0.08
0.004274,0,0.08
0.004276,0,0.08
0.004278,0,0.08
0.00428,0,0.12
0.004282,0,0.12
0.004284,0.04,0.12
0.004286,0,0.12
0.004288,0.04,0.12
0.00429,0.04,0.12
0.004292,0,0.12
0.004294,0,0.12
0.004296,0,0.12
0.004298,0,0.08
0.0043,0,0.12
0.004302,-0.04,0.08
0.004304,-0.04,0.04
0.004306,-0.08,0.04
0.004308,-0.08,0.04
0.00431,-0.08,0.04
0.004312,-0.08,0.08
0.004314,-0.08,0.08
0.004316,-0.04,0.08
0.004318,-0.08,0.04
0.00432,-0.08,0.04
0.004322,-0.08,0.04
0.004324,-0.08,0
0.004326,-0.08,0
0.004328,-0.08,0
0.00433,-0.08,0
0.004332,-0.08,0
0.004334,-0.08,0
0.004336,-0.12,0.04
0.004338,-0.08,0
0.00434,-0.12,0
0.004342,-0.08,0
0.004344,-0.08,0
0.004346,-0.08,0
0.004348,-0.08,0
0.00435,-0.08,0
0.004352,-0.08,0
0.004354,-0.08,0
0.004356,-0.08,0
0.004358,-0.08,0
0.00436,-0.08,-0.04
0.004362,0,-0.04
0.004364,0,-0.04
0.004366,-0.04,-0.04
0.004368,-0.04,-0.04
0.00437,0,-0.04
0.004372,-0.04,-0.08
0.004374,0,-0.08
0.004376,0.04,-0.08
0.004378,0.08,-0.08
0.00438,0.08,-0.08
0.004382,0.08,-0.08
0.004384,0.08,-0.12
0.004386,0.08,-0.08
0.004388,0.08,-0.08
0.00439,0.08,-0.08
0.004392,0.08,-0.08
0.004394,0.08,-0.08
0.004396,0.08,-0.08
0.004398,0.08,0
0.0044,0.08,0
0.004402,0.08,0
0.004404,0.12,0
0.004406,0.12,0
0.004408,0.12,0
0.00441,0.08,0
0.004412,0.08,0
0.004414,0.08,0
0.004416,0.08,0.04
0.004418,0.12,0.04
0.00442,0.12,0.08
0.004422,0.08,0.08
0.004424,0.08,0.08
0.004426,0.08,0.12
0.004428,0.08,0.12
0.00443,0.08,0.12
0.004432,0.08,0.08
0.004434,0.08,0.12
0.004436,0.08,0.12
0.004438,0.08,0.12
0.00444,0.08,0.12
0.004442,0.08,0.12
0.004444,0.08,0.16
0.004446,0.08,0.12
0.004448,0.04,0.16
0.00445,0.04,0.12
0.004452,0,0.12
0.004454,0,0.16
0.004456,-0.04,0.12
0.004458,-0.04,0.12
