0.02492,-0.12,0.08
0.024924,-0.1,0.08
0.024928,-0.1,0.1
0.024932,-0.12,0.1
0.024936,-0.08,0.1
0.02494,-0.04,0.1
0.024944,-0.08,0.08
0.024948,-0.08,0.04
0.024952,-0.06,0.04
0.024956,-0.04,0.04
0.02496,0,0
0.024964,0.02,0
0.024968,0.04,-0.02
0.024972,0.06,-0.02
0.024976,-0.02,-0.02
0.02498,-0.04,0
0.024984,-0.08,0
0.024988,-0.04,0.04
0.024992,-0.04,0.08
0.024996,-0.04,0.1
0.025,0,0.1
0.025004,-0.02,0.08
0.025008,0,0.04
0.025012,0,0.02
0.025016,-0.02,0
0.02502,-0.04,0.02
0.025024,-0.04,0
0.025028,-0.04,0
0.025032,-0.08,0
0.025036,-0.08,0.02
0.02504,-0.06,0.04
0.025044,-0.12,0.1
0.025048,-0.1,0.1
0.025052,0,0.1
0.025056,0.02,0.1
0.02506,0.02,0.08
0.025064,0,0.1
0.025068,-0.06,0.08
0.025072,-0.02,0.04
0.025076,-0.02,0.02
0.02508,-0.04,0.04
0.025084,0,0.02
0.025088,0.04,0
0.025092,0.04,-0.02
0.025096,0.04,-0.04
0.0251,0,-0.06
0.025104,0,-0.02
0.025108,-0.04,0.02
0.025112,-0.04,0.02
0.025116,-0.06,0
0.02512,-0.1,0.02
0.025124,-0.1,0.04
0.025128,-0.12,0.04
0.025132,-0.12,0.04
0.025136,-0.14,0.02
0.02514,-0.1,0.04
0.025144,-0.08,0.04
0.025148,-0.06,0.02
0.025152,-0.04,0.04
0.025156,-0.04,0.04
0.02516,-0.06,0.04
0.025164,-0.04,0.04
0.025168,-0.06,-0.02
0.025172,-0.04,0.04
0.025176,-0.06,0.04
0.02518,-0.08,0.06
0.025184,-0.08,0.04
0.025188,-0.04,0.04
0.025192,-0.06,0.06
0.025196,-0.08,0.06
0.0252,-0.08,0.04
0.025204,-0.06,0.04
0.025208,-0.06,0.02
0.025212,-0.04,0.02
0.025216,-0.06,0.02
0.02522,-0.02,0.02
0.025224,-0.04,0.02
0.025228,-0.06,0.04
0.025232,-0.1,0.02
0.025236,-0.06,0.04
0.02524,-0.1,0.02
0.025244,-0.04,0.04
0.025248,0,0.08
0.025252,0,0.1
0.025256,0,0.1
0.02526,-0.02,0.06
0.025264,-0.04,0.04
0.025268,-0.02,0
0.025272,-0.04,0.02
0.025276,-0.04,0.02
0.02528,0,0.04
0.025284,-0.02,0.04
0.025288,-0.04,0
0.025292,-0.02,0.02
0.025296,0,0.02
0.0253,0,0.04
0.025304,0,0
0.025308,0,0.02
0.025312,-0.02,0.04
0.025316,-0.02,0.02
0.02532,-0.06,0.04
0.025324,-0.06,0.04
0.025328,-0.04,0
0.025332,-0.06,0.02
0.025336,-0.08,0
0.02534,-0.06,0
0.025344,-0.06,0
0.025348,-0.04,-0.02
0.025352,-0.02,0.02
0.025356,-0.02,0.02
0.02536,-0.06,0.02
0.025364,-0.08,0.02
0.025368,-0.1,0
0.025372,-0.08,-0.02
0.025376,-0.08,0
0.02538,-0.06,0.04
0.025384,0,0.04
0.025388,0,0.08
0.025392,-0.02,0.1
0.025396,-0.04,0.08
0.0254,-0.04,0.08
0.025404,-0.04,0.08
0.025408,-0.06,0.08
0.025412,-0.04,0.06
0.025416,-0.06,0
0.02542,-0.08,0.02
0.025424,-0.06,0.02
0.025428,-0.04,0.04
0.025432,-0.04,0.04
0.025436,0,0.06
0.02544,0,0.06
0.025444,-0.02,0.04
0.025448,-0.06,0.06
0.025452,-0.06,0.06
0.025456,-0.04,0.04
0.02546,-0.02,0.04
0.025464,-0.04,0.04
0.025468,-0.06,0.06
0.025472,-0.1,0.06
0.025476,-0.1,0.06
0.02548,-0.12,0.04
0.025484,-0.12,0.02
0.025488,-0.12,0.06
0.025492,-0.1,0.08
0.025496,-0.1,0.08
0.0255,-0.08,0.06
0.025504,-0.1,0.06
0.025508,-0.12,0.04
0.025512,-0.1,0.04
0.025516,-0.06,0.06
0.02552,-0.02,0.1
0.025524,-0.02,0.12
0.025528,-0.04,0.1
0.025532,-0.06,0.08
0.025536,-0.06,0.06
0.02554,-0.04,0.08
0.025544,0,0.06
0.025548,0.02,0.08
0.025552,0.06,0.1
0.025556,0.04,0.1
0.02556,0.06,0.08
0.025564,0.04,0.06
0.025568,0.04,0.06
0.025572,0.02,0.04
0.025576,-0.04,0.04
0.02558,-0.08,0.04
0.025584,-0.06,0.04
0.025588,-0.06,0.02
0.025592,-0.04,0.08
0.025596,-0.04,0.06
0.0256,-0.04,0.06
0.025604,-0.06,0.06
0.025608,-0.04,0.06
0.025612,-0.06,0.06
0.025616,-0.06,0.06
0.02562,-0.04,0.04
0.025624,-0.02,0.02
0.025628,-0.04,0.02
0.025632,0,0.02
0.025636,0,0.06
0.02564,0,0.08
0.025644,-0.02,0.08
0.025648,-0.02,0.08
0.025652,-0.02,0.06
0.025656,-0.02,0.06
0.02566,-0.04,0.04
0.025664,-0.04,0.04
0.025668,-0.06,0.02
0.025672,-0.04,0
0.025676,-0.06,0
0.02568,-0.06,-0.02
0.025684,-0.04,0.02
0.025688,-0.04,0.08
0.025692,-0.04,0.04
0.025696,-0.02,0.02
0.0257,-0.02,0
0.025704,-0.04,0.02
0.025708,-0.04,0.04
0.025712,-0.04,0.02
0.025716,0,0.04
0.02572,0,0.04
0.025724,0,0.02
0.025728,-0.02,0.02
0.025732,-0.04,0.02
0.025736,-0.08,0.06
0.02574,-0.1,0.08
0.025744,-0.1,0.08
0.025748,-0.1,0.12
0.025752,-0.1,0.12
0.025756,-0.08,0.1
0.02576,-0.06,0.06
0.025764,-0.08,0.04
0.025768,-0.1,0.04
0.025772,-0.12,0.02
0.025776,-0.14,0.04
0.02578,-0.12,0.08
0.025784,-0.16,0.08
0.025788,-0.12,0.08
0.025792,-0.08,0.06
0.025796,-0.04,0.04
0.0258,-0.04,0.04
0.025804,-0.06,0
0.025808,-0.06,0.02
0.025812,-0.08,0.04
0.025816,-0.04,0.08
0.02582,-0.04,0.08
0.025824,-0.04,0.08
0.025828,-0.02,0.06
0.025832,-0.02,0.04
0.025836,-0.04,0.04
0.02584,-0.08,0.02
0.025844,-0.12,0.04
0.025848,-0.12,0.04
0.025852,-0.14,0.04
0.025856,-0.12,0.06
0.02586,-0.08,0.06
0.025864,-0.06,0.06
0.025868,-0.06,0.06
0.025872,-0.06,0.02
0.025876,-0.06,0.02
0.02588,-0.02,0.02
0.025884,-0.04,0.04
0.025888,-0.02,0.06
0.025892,-0.02,0.1
0.025896,-0.02,0.1
0.0259,0,0.06
0.025904,0,0.06
0.025908,0,0.06
0.025912,-0.04,0.06
0.025916,-0.04,0.06
0.02592,-0.08,0.1
0.025924,-0.08,0.12
0.025928,-0.06,0.14
0.025932,-0.1,0.08
0.025936,-0.06,0.06
0.02594,-0.02,0.04
0.025944,-0.02,0.06
0.025948,-0.04,0.06
0.025952,-0.04,0.1
0.025956,-0.06,0.08
0.02596,-0.06,0.08
0.025964,-0.06,0.08
0.025968,-0.06,0.08
0.025972,-0.02,0.08
0.025976,-0.04,0.08
0.02598,-0.04,0.08
0.025984,-0.1,0.08
0.025988,-0.06,0.08
0.025992,-0.06,0.04
0.025996,-0.04,0.02
0.026,-0.02,0.04
0.026004,0.02,0.02
0.026008,0,0.04
0.026012,-0.02,0.04
0.026016,-0.04,0.04
0.02602,-0.06,0.04
0.026024,-0.06,0.06
0.026028,-0.04,0.06
0.026032,-0.02,0.08
0.026036,0.02,0.06
0.02604,0,0.08
0.026044,-0.04,0.08
0.026048,-0.02,0.04
0.026052,-0.02,0.04
0.026056,-0.02,-0.02
0.02606,-0.06,0
0.026064,-0.04,0.02
0.026068,0,0.04
0.026072,0,0.04
0.026076,-0.02,0.08
0.02608,0,0.1
0.026084,-0.02,0.08
0.026088,-0.04,0.08
0.026092,-0.04,0.1
0.026096,0,0.04
0.0261,0.04,0.04
0.026104,0,0.06
0.026108,0,0.04
0.026112,0.02,0.02
0.026116,0,0.04
0.02612,-0.02,0.08
0.026124,-0.06,0.06
0.026128,-0.1,0.08
0.026132,-0.08,0.08
0.026136,-0.06,0.08
0.02614,-0.06,0.08
0.026144,-0.06,0.06
0.026148,-0.06,0.04
0.026152,0,0.06
0.026156,0,0.06
0.02616,-0.06,0.06
0.026164,-0.06,0.02
0.026168,-0.04,0
0.026172,-0.02,0.02
0.026176,0.02,0.02
0.02618,0.04,0.04
0.026184,0.02,0.02
0.026188,0,0.02
0.026192,-0.06,0
0.026196,-0.08,0
0.0262,-0.1,0
0.026204,-0.06,0
0.026208,-0.04,0
0.026212,-0.04,0.02
0.026216,-0.08,0.06
0.02622,-0.1,0.02
0.026224,-0.12,0.04
0.026228,-0.14,0
0.026232,-0.08,-0.02
0.026236,-0.08,-0.04
0.02624,-0.02,0.02
0.026244,0.02,0.04
0.026248,0.02,0.1
0.026252,0,0.1
0.026256,0.02,0.08
0.02626,0,0.08
0.026264,-0.06,0.06
0.026268,-0.04,0.04
0.026272,-0.04,0.04
0.026276,0.02,0.04
0.02628,0.04,0.08
0.026284,0,0.1
0.026288,-0.02,0.08
0.026292,-0.02,0.04
0.026296,0,0.02
0.0263,0,0
0.026304,0,0.02
0.026308,0,0.02
0.026312,0.04,0.06
0.026316,0.06,0.06
0.02632,0.06,0.08
0.026324,0.04,0.06
0.026328,0,0.04
0.026332,-0.02,0.04
0.026336,-0.02,0.08
0.02634,-0.04,0.06
0.026344,-0.02,0.04
0.026348,-0.02,0.04
0.026352,0.02,0.02
0.026356,0,0
0.02636,-0.02,-0.02
0.026364,-0.02,-0.06
0.026368,-0.04,-0.04
0.026372,-0.02,-0.02
0.026376,-0.04,0
0.02638,-0.06,-0.02
0.026384,-0.04,-0.02
0.026388,-0.02,0
0.026392,-0.02,0.04
0.026396,-0.02,0.04
0.0264,-0.02,0.06
0.026404,-0.06,0.04
0.026408,-0.06,0.08
0.026412,-0.06,0.08
0.026416,-0.04,0.08
0.02642,-0.08,0.04
0.026424,-0.1,0.02
0.026428,-0.08,-0.02
0.026432,-0.06,0.02
0.026436,-0.04,0.04
0.02644,-0.02,0.06
0.026444,-0.02,0.08
0.026448,-0.04,0.08
0.026452,-0.02,0.12
0.026456,0.02,0.08
0.02646,-0.04,0.08
0.026464,-0.04,0.06
0.026468,-0.06,0.02
0.026472,-0.06,-0.02
0.026476,-0.08,-0.02
0.02648,-0.1,0
0.026484,-0.06,0
0.026488,-0.08,0
0.026492,-0.06,0.02
0.026496,-0.04,0
0.0265,-0.02,0
0.026504,-0.02,0.06
0.026508,-0.04,0.06
0.026512,-0.06,0.08
0.026516,-0.06,0.06
0.02652,-0.02,0.08
0.026524,0,0.08
0.026528,-0.04,0.04
0.026532,-0.02,0.04
0.026536,-0.04,0.04
0.02654,-0.04,0.04
0.026544,-0.06,0.02
0.026548,-0.06,0.02
0.026552,-0.06,0.02
0.026556,-0.06,0.02
0.02656,-0.06,0.04
0.026564,-0.06,0.04
0.026568,-0.04,0.06
0.026572,-0.04,0.04
0.026576,0,0.04
0.02658,0,0.08
0.026584,-0.02,0.06
0.026588,-0.04,0.08
0.026592,-0.04,0.06
0.026596,-0.02,0.08
0.0266,0,0.02
0.026604,0.04,0.04
0.026608,0.02,0
0.026612,0,0
0.026616,-0.04,-0.02
0.02662,-0.02,-0.06
0.026624,0,-0.06
0.026628,0,-0.02
0.026632,-0.04,0.02
0.026636,-0.06,-0.02
0.02664,-0.06,-0.04
0.026644,-0.06,0
0.026648,-0.06,0
0.026652,-0.08,0.02
0.026656,-0.1,0.04
0.02666,-0.08,0.06
0.026664,-0.06,0.08
0.026668,-0.06,0.12
0.026672,-0.06,0.08
0.026676,-0.04,0.04
0.02668,-0.04,0.02
0.026684,-0.04,0
0.026688,-0.04,-0.02
0.026692,-0.02,-0.02
0.026696,0,-0.04
0.0267,0.02,-0.06
0.026704,0.02,-0.04
0.026708,-0.02,0
0.026712,-0.06,0.02
0.026716,-0.06,0.02
0.02672,-0.06,-0.02
0.026724,-0.04,-0.04
0.026728,0,-0.04
0.026732,0.02,-0.02
0.026736,0.02,0.02
0.02674,0.02,0.04
0.026744,-0.02,0.06
0.026748,-0.04,0.08
0.026752,-0.06,0.04
0.026756,-0.08,0.08
0.02676,-0.06,0.08
0.026764,-0.02,0.08
0.026768,-0.04,0.08
0.026772,-0.04,0.1
0.026776,-0.04,0.08
0.02678,-0.04,0.06
0.026784,-0.04,0.04
0.026788,0,0
0.026792,0.02,-0.04
0.026796,0.04,-0.02
0.0268,0.02,0
0.026804,0.02,0
0.026808,-0.04,0.02
0.026812,-0.04,0.02
0.026816,-0.04,0.04
0.02682,-0.04,0.04
0.026824,-0.08,0.04
0.026828,-0.04,0
0.026832,-0.04,0
0.026836,-0.06,0
0.02684,-0.1,-0.02
0.026844,-0.08,-0.04
0.026848,-0.06,-0.04
0.026852,-0.08,0
0.026856,-0.06,0.04
0.02686,-0.1,0.02
0.026864,-0.08,0.04
0.026868,-0.1,0.08
0.026872,-0.08,0.06
0.026876,-0.06,0.02
0.02688,-0.06,0.02
0.026884,-0.08,0.04
0.026888,-0.08,0.04
0.026892,-0.06,0.02
0.026896,-0.04,0.02
0.0269,-0.04,0.02
0.026904,-0.06,0.02
0.026908,-0.06,0.02
0.026912,-0.08,0.04
0.026916,-0.12,0.08
0.02692,-0.1,0.04
0.026924,-0.1,0.02
0.026928,-0.08,0
0.026932,-0.06,0.04
0.026936,-0.04,0.04
0.02694,-0.04,0.02
0.026944,-0.14,0.06
0.026948,-0.14,0.06
0.026952,-0.12,0.06
0.026956,-0.1,0.02
0.02696,-0.08,0.04
0.026964,-0.1,0.06
0.026968,-0.08,0.04
0.026972,-0.06,0.02
0.026976,-0.04,0
0.02698,-0.02,0.02
0.026984,-0.06,-0.02
0.026988,-0.06,-0.04
0.026992,-0.06,-0.04
0.026996,-0.04,-0.02
0.027,-0.02,-0.06
0.027004,0,-0.02
0.027008,-0.04,-0.06
0.027012,-0.04,-0.04
0.027016,0,0
0.02702,0,0
0.027024,-0.04,0.02
0.027028,-0.08,0.02
0.027032,-0.08,0.02
0.027036,-0.06,0.02
0.02704,-0.06,0.04
0.027044,-0.04,-0.02
0.027048,-0.02,-0.04
0.027052,0,-0.02
0.027056,0,0.02
0.02706,-0.04,0.02
0.027064,0,0.02
0.027068,0,0
0.027072,-0.04,0
0.027076,-0.04,0
0.02708,0,-0.02
0.027084,-0.02,-0.02
0.027088,-0.04,0.02
0.027092,-0.04,0.02
0.027096,-0.06,0.02
0.0271,-0.08,0.02
0.027104,-0.08,0.06
0.027108,-0.1,0.06
0.027112,-0.12,0.02
0.027116,-0.08,0.02
0.02712,-0.1,0.02
0.027124,-0.08,0.04
0.027128,-0.08,0.04
0.027132,-0.08,0.08
0.027136,-0.06,0.1
0.02714,-0.04,0.04
0.027144,-0.02,0
0.027148,0,-0.02
0.027152,-0.02,0.02
0.027156,-0.02,0.02
0.02716,-0.04,0.02
0.027164,-0.04,0
0.027168,0,0
0.027172,-0.02,0.02
0.027176,-0.02,0.02
0.02718,-0.06,0.02
0.027184,-0.06,0.02
0.027188,-0.08,0.04
0.027192,-0.06,0.06
0.027196,-0.04,0.06
0.0272,-0.02,0.04
0.027204,0,0.08
0.027208,0,0.08
0.027212,0,0.06
0.027216,0.04,0.06
0.02722,0.02,0.04
0.027224,-0.04,0.04
0.027228,-0.06,0.06
0.027232,-0.06,0.08
0.027236,-0.04,0.04
0.02724,-0.04,0
0.027244,-0.02,0
0.027248,-0.06,0.04
0.027252,-0.1,0.02
0.027256,-0.1,0.04
0.02726,-0.08,0.02
0.027264,-0.1,0.04
0.027268,-0.08,0.02
0.027272,-0.08,0.02
0.027276,-0.1,0.02
0.02728,-0.1,0.02
0.027284,-0.12,0.02
0.027288,-0.12,0.02
0.027292,-0.06,0.04
0.027296,-0.06,0.04
0.0273,-0.04,0.04
0.027304,-0.02,0.04
0.027308,-0.04,0
0.027312,-0.02,-0.02
0.027316,-0.06,-0.04
0.02732,-0.06,-0.02
0.027324,-0.06,-0.02
0.027328,-0.06,-0.02
0.027332,-0.06,-0.02
0.027336,-0.08,-0.04
0.02734,-0.02,0
0.027344,-0.04,0.04
0.027348,-0.06,0
0.027352,-0.04,0.02
0.027356,-0.06,0
0.02736,-0.04,0.02
0.027364,0,0.02
0.027368,-0.04,0
0.027372,0,-0.02
0.027376,0,-0.04
0.02738,0,-0.02
0.027384,-0.04,-0.02
0.027388,-0.04,0.02
0.027392,-0.04,0.02
0.027396,-0.04,0.02
0.0274,-0.06,0
0.027404,-0.02,-0.02
0.027408,-0.04,-0.02
0.027412,-0.06,-0.02
0.027416,-0.1,0
0.02742,-0.14,0
0.027424,-0.14,-0.02
0.027428,-0.12,-0.02
0.027432,-0.08,-0.04
0.027436,-0.1,-0.02
0.02744,-0.08,-0.02
0.027444,-0.02,0.02
0.027448,-0.04,0.02
0.027452,-0.06,0
0.027456,-0.08,0.02
0.02746,-0.08,0
0.027464,-0.1,-0.04
0.027468,-0.1,-0.02
0.027472,-0.06,0
0.027476,-0.06,-0.06
0.02748,-0.06,-0.06
0.027484,-0.1,-0.06
0.027488,-0.06,-0.08
0.027492,-0.06,-0.06
0.027496,-0.08,-0.04
0.0275,-0.08,-0.02
0.027504,-0.08,-0.02
0.027508,-0.06,0
0.027512,-0.06,0
0.027516,-0.08,0.02
0.02752,-0.12,0.04
0.027524,-0.16,0.04
0.027528,-0.14,0.04
0.027532,-0.12,0.06
0.027536,-0.1,0.04
0.02754,-0.08,0.04
0.027544,-0.1,0.02
0.027548,-0.06,0.02
0.027552,-0.04,-0.02
0.027556,-0.06,-0.02
0.02756,-0.1,-0.02
0.027564,-0.06,0
0.027568,-0.08,0.02
0.027572,-0.06,0
0.027576,-0.06,-0.04
0.02758,-0.1,-0.04
0.027584,-0.12,-0.02
0.027588,-0.1,-0.02
0.027592,-0.04,0
0.027596,-0.04,0
0.0276,-0.06,-0.02
0.027604,-0.06,0
0.027608,-0.06,-0.02
0.027612,-0.06,-0.02
0.027616,-0.12,-0.04
0.02762,-0.08,-0.04
0.027624,-0.08,-0.04
0.027628,-0.12,-0.06
0.027632,-0.08,-0.04
0.027636,-0.04,-0.02
0.02764,-0.04,-0.02
0.027644,-0.04,-0.06
0.027648,-0.02,-0.06
0.027652,-0.08,-0.06
0.027656,-0.12,-0.06
0.02766,-0.1,-0.02
0.027664,-0.08,-0.02
0.027668,-0.08,0.02
0.027672,-0.08,0.02
0.027676,-0.1,0
0.02768,-0.16,-0.04
0.027684,-0.14,-0.04
0.027688,-0.14,-0.02
0.027692,-0.12,-0.04
0.027696,-0.12,-0.06
0.0277,-0.1,-0.04
0.027704,-0.1,-0.04
0.027708,-0.08,-0.04
0.027712,-0.08,-0.06
0.027716,-0.12,-0.06
0.02772,-0.1,-0.02
0.027724,-0.1,-0.04
0.027728,-0.12,-0.04
0.027732,-0.14,-0.06
0.027736,-0.12,-0.06
0.02774,-0.12,-0.1
0.027744,-0.06,-0.08
0.027748,-0.06,-0.06
0.027752,-0.06,-0.06
0.027756,-0.1,-0.02
0.02776,-0.08,-0.02
0.027764,-0.12,0
0.027768,-0.18,-0.02
0.027772,-0.2,-0.06
0.027776,-0.16,0
0.02778,-0.18,0.02
0.027784,-0.18,0
0.027788,-0.14,-0.04
0.027792,-0.1,0
0.027796,-0.06,-0.02
0.0278,-0.08,-0.02
0.027804,-0.12,-0.04
0.027808,-0.12,-0.1
0.027812,-0.1,-0.06
0.027816,-0.12,-0.02
0.02782,-0.1,-0.04
0.027824,-0.1,-0.02
0.027828,-0.06,-0.02
0.027832,-0.04,0
0.027836,-0.04,0.02
0.02784,-0.04,-0.02
0.027844,-0.1,-0.02
0.027848,-0.12,-0.06
0.027852,-0.16,-0.04
0.027856,-0.16,-0.04
0.02786,-0.14,-0.06
0.027864,-0.14,-0.06
0.027868,-0.1,-0.02
0.027872,-0.1,0
0.027876,-0.06,0
0.02788,-0.08,0.02
0.027884,-0.1,-0.02
0.027888,-0.12,-0.02
0.027892,-0.12,-0.04
0.027896,-0.12,-0.04
0.0279,-0.12,-0.04
0.027904,-0.12,-0.02
0.027908,-0.12,-0.04
0.027912,-0.06,-0.04
0.027916,-0.04,-0.04
0.02792,0,-0.02
0.027924,0.04,-0.02
0.027928,0,0
0.027932,0,0
0.027936,-0.02,-0.02
0.02794,0,0
0.027944,0,0
0.027948,-0.04,-0.02
0.027952,-0.04,-0.02
0.027956,-0.04,0
0.02796,-0.06,0
0.027964,-0.1,-0.02
0.027968,-0.12,-0.02
0.027972,-0.12,-0.04
0.027976,-0.14,-0.02
0.02798,-0.1,-0.02
0.027984,-0.1,-0.06
0.027988,-0.08,-0.06
0.027992,-0.1,-0.04
0.027996,-0.12,-0.06
0.028,-0.1,-0.06
0.028004,-0.1,-0.06
0.028008,-0.14,-0.06
0.028012,-0.16,-0.08
0.028016,-0.12,-0.1
0.02802,-0.1,-0.08
0.028024,-0.06,-0.04
0.028028,-0.04,-0.02
0.028032,-0.02,0
0.028036,-0.04,0
0.02804,-0.04,-0.04
0.028044,-0.08,-0.06
0.028048,-0.1,-0.04
0.028052,-0.12,-0.06
0.028056,-0.1,-0.08
0.02806,-0.14,-0.08
0.028064,-0.12,-0.08
0.028068,-0.12,-0.06
0.028072,-0.16,-0.04
0.028076,-0.16,-0.02
0.02808,-0.16,-0.02
0.028084,-0.14,0
0.028088,-0.12,-0.02
0.028092,-0.1,-0.04
0.028096,-0.1,-0.04
0.0281,-0.08,-0.04
0.028104,-0.08,-0.02
0.028108,-0.1,0
0.028112,-0.06,-0.02
0.028116,-0.12,-0.04
0.02812,-0.12,-0.06
0.028124,-0.12,-0.06
0.028128,-0.1,-0.06
0.028132,-0.1,-0.04
0.028136,-0.06,-0.02
0.02814,-0.06,-0.02
0.028144,-0.1,-0.04
0.028148,-0.12,-0.04
0.028152,-0.12,0
0.028156,-0.12,-0.02
0.02816,-0.16,0.02
0.028164,-0.22,0
0.028168,-0.18,0
0.028172,-0.16,-0.02
0.028176,-0.14,-0.04
0.02818,-0.14,-0.1
0.028184,-0.14,-0.12
0.028188,-0.12,-0.08
0.028192,-0.14,-0.06
0.028196,-0.14,-0.04
0.0282,-0.16,0
0.028204,-0.16,0
0.028208,-0.16,0.02
0.028212,-0.18,-0.02
0.028216,-0.16,-0.02
0.02822,-0.16,-0.06
0.028224,-0.14,-0.04
0.028228,-0.16,-0.04
0.028232,-0.12,-0.04
0.028236,-0.14,-0.04
0.02824,-0.16,-0.08
0.028244,-0.16,-0.06
0.028248,-0.12,-0.04
0.028252,-0.08,-0.06
0.028256,-0.12,-0.02
0.02826,-0.14,-0.02
0.028264,-0.18,-0.04
0.028268,-0.18,-0.06
0.028272,-0.16,-0.02
0.028276,-0.16,-0.04
0.02828,-0.16,-0.04
0.028284,-0.16,-0.06
0.028288,-0.16,-0.04
0.028292,-0.16,-0.02
0.028296,-0.18,-0.02
0.0283,-0.16,0.02
0.028304,-0.14,-0.02
0.028308,-0.12,0
0.028312,-0.12,0.04
0.028316,-0.18,0.04
0.02832,-0.2,0
0.028324,-0.18,0.02
0.028328,-0.16,0
0.028332,-0.16,-0.04
0.028336,-0.14,-0.04
0.02834,-0.18,-0.04
0.028344,-0.16,-0.08
0.028348,-0.16,-0.08
0.028352,-0.18,-0.06
0.028356,-0.16,-0.02
0.02836,-0.18,-0.02
0.028364,-0.16,0.02
0.028368,-0.2,0.02
0.028372,-0.22,0.02
0.028376,-0.18,-0.02
0.02838,-0.16,-0.06
0.028384,-0.16,-0.06
0.028388,-0.16,-0.02
0.028392,-0.14,-0.02
0.028396,-0.12,-0.04
0.0284,-0.16,-0.04
0.028404,-0.14,-0.04
0.028408,-0.18,-0.04
0.028412,-0.16,-0.02
0.028416,-0.16,0
0.02842,-0.18,-0.02
0.028424,-0.18,-0.02
0.028428,-0.24,-0.02
0.028432,-0.24,-0.04
0.028436,-0.24,-0.02
0.02844,-0.26,-0.02
0.028444,-0.26,-0.08
0.028448,-0.22,-0.02
0.028452,-0.24,-0.02
0.028456,-0.26,-0.02
0.02846,-0.26,-0.02
0.028464,-0.26,-0.02
0.028468,-0.26,-0.04
0.028472,-0.26,-0.04
0.028476,-0.24,-0.04
0.02848,-0.22,-0.02
0.028484,-0.26,-0.02
0.028488,-0.26,-0.02
0.028492,-0.26,-0.06
0.028496,-0.26,-0.04
0.0285,-0.24,-0.06
0.028504,-0.2,-0.06
0.028508,-0.24,-0.08
0.028512,-0.22,-0.04
0.028516,-0.18,-0.04
0.02852,-0.18,-0.04
0.028524,-0.18,-0.02
0.028528,-0.22,0.02
0.028532,-0.2,-0.02
0.028536,-0.22,0
0.02854,-0.24,0
0.028544,-0.22,0
0.028548,-0.22,0.02
0.028552,-0.22,0.02
0.028556,-0.2,0.02
0.02856,-0.22,0.08
0.028564,-0.26,0.06
0.028568,-0.26,0.06
0.028572,-0.3,0.04
0.028576,-0.28,0.02
0.02858,-0.28,0.04
0.028584,-0.26,0.04
0.028588,-0.22,0.06
0.028592,-0.22,0.04
0.028596,-0.2,0.02
0.0286,-0.22,0.04
0.028604,-0.24,0.08
0.028608,-0.28,0.1
0.028612,-0.28,0.1
0.028616,-0.24,0.06
0.02862,-0.26,0.04
0.028624,-0.26,0.04
0.028628,-0.24,0.06
0.028632,-0.22,0.02
0.028636,-0.26,0.04
0.02864,-0.26,0.04
0.028644,-0.24,0.02
0.028648,-0.2,-0.02
0.028652,-0.2,0
0.028656,-0.22,0
0.02866,-0.22,0
0.028664,-0.22,0.04
0.028668,-0.18,0.06
0.028672,-0.22,0.06
0.028676,-0.22,0.06
0.02868,-0.24,0.06
0.028684,-0.24,0.02
0.028688,-0.26,0.04
0.028692,-0.28,0.06
0.028696,-0.3,0.12
0.0287,-0.3,0.1
0.028704,-0.26,0.08
0.028708,-0.28,0.06
0.028712,-0.3,0.08
0.028716,-0.26,0.12
0.02872,-0.3,0.08
0.028724,-0.3,0.08
0.028728,-0.28,0.08
0.028732,-0.24,0.04
0.028736,-0.24,0.04
0.02874,-0.26,0.04
0.028744,-0.28,0.04
0.028748,-0.28,0.04
0.028752,-0.26,0.04
0.028756,-0.26,0.08
0.02876,-0.28,0.08
0.028764,-0.3,0.08
0.028768,-0.24,0.06
0.028772,-0.26,0.04
0.028776,-0.26,0.06
0.02878,-0.26,0.04
0.028784,-0.26,0.06
0.028788,-0.24,0.06
0.028792,-0.2,0.1
0.028796,-0.22,0.08
0.0288,-0.22,0.1
0.028804,-0.22,0.12
0.028808,-0.26,0.12
0.028812,-0.26,0.1
0.028816,-0.24,0.12
0.02882,-0.2,0.12
0.028824,-0.22,0.12
0.028828,-0.2,0.14
0.028832,-0.22,0.16
0.028836,-0.2,0.14
0.02884,-0.2,0.1
0.028844,-0.22,0.12
0.028848,-0.24,0.08
0.028852,-0.24,0.12
0.028856,-0.26,0.08
0.02886,-0.22,0.08
0.028864,-0.26,0.12
0.028868,-0.3,0.12
0.028872,-0.28,0.08
0.028876,-0.24,0.1
0.02888,-0.22,0.12
0.028884,-0.22,0.12
0.028888,-0.22,0.1
0.028892,-0.24,0.1
0.028896,-0.22,0.12
0.0289,-0.22,0.16
0.028904,-0.22,0.16
0.028908,-0.24,0.18
0.028912,-0.28,0.2
0.028916,-0.28,0.2
0.02892,-0.28,0.22
0.028924,-0.28,0.18
0.028928,-0.28,0.16
0.028932,-0.26,0.16
0.028936,-0.3,0.18
0.02894,-0.28,0.16
0.028944,-0.3,0.18
0.028948,-0.3,0.2
0.028952,-0.26,0.16
0.028956,-0.26,0.16
0.02896,-0.22,0.16
0.028964,-0.2,0.16
0.028968,-0.18,0.22
0.028972,-0.2,0.2
0.028976,-0.18,0.2
0.02898,-0.16,0.2
0.028984,-0.16,0.22
0.028988,-0.2,0.2
0.028992,-0.24,0.2
0.028996,-0.24,0.16
0.029,-0.2,0.22
0.029004,-0.2,0.2
0.029008,-0.18,0.18
0.029012,-0.18,0.16
0.029016,-0.18,0.16
0.02902,-0.22,0.16
0.029024,-0.22,0.14
0.029028,-0.2,0.14
0.029032,-0.2,0.2
0.029036,-0.18,0.2
0.02904,-0.16,0.2
0.029044,-0.14,0.2
0.029048,-0.14,0.18
0.029052,-0.14,0.2
0.029056,-0.2,0.2
0.02906,-0.22,0.2
0.029064,-0.24,0.2
0.029068,-0.24,0.18
0.029072,-0.2,0.16
0.029076,-0.2,0.16
0.02908,-0.22,0.16
0.029084,-0.2,0.2
0.029088,-0.18,0.2
0.029092,-0.16,0.18
0.029096,-0.18,0.22
0.0291,-0.12,0.26
0.029104,-0.12,0.24
0.029108,-0.12,0.22
0.029112,-0.14,0.22
0.029116,-0.14,0.24
0.02912,-0.14,0.18
0.029124,-0.16,0.16
0.029128,-0.16,0.16
0.029132,-0.12,0.16
0.029136,-0.1,0.2
0.02914,-0.12,0.24
0.029144,-0.12,0.24
0.029148,-0.14,0.24
0.029152,-0.2,0.22
0.029156,-0.22,0.22
0.02916,-0.22,0.2
0.029164,-0.18,0.22
0.029168,-0.2,0.22
0.029172,-0.16,0.24
0.029176,-0.2,0.3
0.02918,-0.26,0.26
0.029184,-0.24,0.22
0.029188,-0.24,0.2
0.029192,-0.22,0.22
0.029196,-0.18,0.24
0.0292,-0.18,0.24
0.029204,-0.16,0.24
0.029208,-0.12,0.18
0.029212,-0.12,0.2
0.029216,-0.14,0.2
0.02922,-0.14,0.2
0.029224,-0.1,0.16
0.029228,-0.1,0.2
0.029232,-0.1,0.26
0.029236,-0.1,0.26
0.02924,-0.08,0.28
0.029244,-0.08,0.26
0.029248,-0.08,0.28
0.029252,-0.1,0.28
0.029256,-0.14,0.28
0.02926,-0.14,0.3
0.029264,-0.16,0.28
0.029268,-0.14,0.28
0.029272,-0.12,0.26
0.029276,-0.12,0.24
0.02928,-0.12,0.24
0.029284,-0.12,0.26
0.029288,-0.12,0.28
0.029292,-0.1,0.32
0.029296,-0.06,0.28
0.0293,-0.08,0.26
0.029304,-0.08,0.24
0.029308,-0.08,0.24
0.029312,-0.08,0.26
0.029316,-0.1,0.22
0.02932,-0.1,0.24
0.029324,-0.12,0.28
0.029328,-0.12,0.28
0.029332,-0.12,0.28
0.029336,-0.14,0.28
0.02934,-0.16,0.28
0.029344,-0.12,0.26
0.029348,-0.14,0.3
0.029352,-0.14,0.32
0.029356,-0.12,0.32
0.02936,-0.12,0.34
0.029364,-0.12,0.32
0.029368,-0.16,0.32
0.029372,-0.18,0.28
0.029376,-0.14,0.28
0.02938,-0.14,0.3
0.029384,-0.14,0.3
0.029388,-0.18,0.32
0.029392,-0.16,0.28
0.029396,-0.14,0.26
0.0294,-0.14,0.28
0.029404,-0.12,0.3
0.029408,-0.1,0.3
0.029412,-0.1,0.28
0.029416,-0.1,0.3
0.02942,-0.12,0.3
0.029424,-0.14,0.32
0.029428,-0.14,0.32
0.029432,-0.12,0.32
0.029436,-0.12,0.32
0.02944,-0.1,0.26
0.029444,-0.04,0.24
0.029448,-0.04,0.26
0.029452,-0.1,0.24
0.029456,-0.1,0.28
0.02946,-0.08,0.3
0.029464,-0.1,0.28
0.029468,-0.12,0.3
0.029472,-0.12,0.28
0.029476,-0.1,0.32
0.02948,-0.06,0.36
0.029484,-0.02,0.34
0.029488,0.02,0.34
0.029492,0.02,0.34
0.029496,0,0.34
0.0295,0,0.32
0.029504,0,0.32
0.029508,0.02,0.32
0.029512,0.04,0.34
0.029516,0,0.34
0.02952,-0.06,0.36
0.029524,-0.06,0.32
0.029528,0,0.3
0.029532,0,0.28
0.029536,0,0.26
0.02954,0,0.28
0.029544,-0.04,0.3
0.029548,-0.02,0.3
0.029552,-0.02,0.3
0.029556,0,0.28
0.02956,0,0.26
0.029564,0,0.3
0.029568,0.02,0.3
0.029572,0.02,0.3
0.029576,0.02,0.3
0.02958,0.04,0.28
0.029584,0.08,0.3
0.029588,0.08,0.32
0.029592,0.06,0.3
0.029596,0.04,0.28
0.0296,0.08,0.24
0.029604,0.06,0.3
0.029608,0.08,0.28
0.029612,0.04,0.28
0.029616,0,0.3
0.02962,0.04,0.3
0.029624,0.06,0.3
0.029628,0.08,0.34
0.029632,0.06,0.34
0.029636,0.04,0.32
0.02964,0.06,0.32
0.029644,0.04,0.3
0.029648,0.04,0.26
0.029652,0.04,0.26
0.029656,0.1,0.3
0.02966,0.1,0.3
0.029664,0.12,0.28
0.029668,0.06,0.26
0.029672,0.06,0.26
0.029676,0.1,0.24
0.02968,0.14,0.26
0.029684,0.1,0.24
0.029688,0.1,0.26
0.029692,0.1,0.3
0.029696,0.08,0.28
0.0297,0.1,0.28
0.029704,0.1,0.28
0.029708,0.1,0.24
0.029712,0.08,0.24
0.029716,0.06,0.26
0.02972,0.08,0.26
0.029724,0.08,0.22
0.029728,0.1,0.2
0.029732,0.12,0.22
0.029736,0.08,0.26
0.02974,0.06,0.28
0.029744,0.08,0.32
0.029748,0.12,0.32
0.029752,0.12,0.3
0.029756,0.12,0.32
0.02976,0.1,0.3
0.029764,0.16,0.3
0.029768,0.16,0.3
0.029772,0.18,0.3
0.029776,0.14,0.3
0.02978,0.16,0.26
0.029784,0.18,0.24
0.029788,0.2,0.26
0.029792,0.18,0.26
0.029796,0.14,0.26
0.0298,0.16,0.24
0.029804,0.2,0.22
0.029808,0.16,0.2
0.029812,0.14,0.24
0.029816,0.16,0.26
0.02982,0.14,0.2
0.029824,0.14,0.22
0.029828,0.1,0.22
0.029832,0.1,0.24
0.029836,0.12,0.26
0.02984,0.14,0.26
0.029844,0.12,0.28
0.029848,0.14,0.24
0.029852,0.16,0.26
0.029856,0.16,0.24
0.02986,0.16,0.26
0.029864,0.18,0.24
0.029868,0.16,0.24
0.029872,0.12,0.24
0.029876,0.14,0.26
0.02988,0.16,0.24
0.029884,0.18,0.22
0.029888,0.16,0.22
0.029892,0.16,0.2
0.029896,0.16,0.24
0.0299,0.16,0.2
0.029904,0.18,0.2
0.029908,0.22,0.26
0.029912,0.2,0.26
0.029916,0.2,0.26
0.02992,0.18,0.26
0.029924,0.2,0.24
0.029928,0.18,0.22
0.029932,0.14,0.2
0.029936,0.16,0.22
0.02994,0.16,0.22
0.029944,0.16,0.2
0.029948,0.16,0.2
0.029952,0.2,0.18
0.029956,0.2,0.18
0.02996,0.22,0.22
0.029964,0.24,0.26
0.029968,0.26,0.24
0.029972,0.24,0.2
0.029976,0.24,0.18
0.02998,0.26,0.22
0.029984,0.26,0.2
0.029988,0.24,0.16
0.029992,0.22,0.16
0.029996,0.24,0.16
0.03,0.2,0.14
0.030004,0.2,0.16
0.030008,0.22,0.16
0.030012,0.24,0.18
0.030016,0.26,0.16
0.03002,0.24,0.16
0.030024,0.22,0.16
0.030028,0.2,0.16
0.030032,0.24,0.16
0.030036,0.22,0.18
0.03004,0.2,0.16
0.030044,0.2,0.16
0.030048,0.18,0.16
0.030052,0.24,0.18
0.030056,0.28,0.18
0.03006,0.32,0.14
0.030064,0.34,0.14
0.030068,0.32,0.12
0.030072,0.32,0.12
0.030076,0.28,0.1
0.03008,0.26,0.1
0.030084,0.24,0.12
0.030088,0.26,0.12
0.030092,0.28,0.18
0.030096,0.24,0.2
0.0301,0.26,0.2
0.030104,0.3,0.2
0.030108,0.28,0.2
0.030112,0.26,0.16
0.030116,0.3,0.16
0.03012,0.26,0.16
0.030124,0.26,0.12
0.030128,0.26,0.1
0.030132,0.32,0.08
0.030136,0.26,0.06
0.03014,0.26,0.06
0.030144,0.26,0.08
0.030148,0.28,0.08
0.030152,0.24,0.1
0.030156,0.24,0.08
0.03016,0.26,0.08
0.030164,0.26,0.08
0.030168,0.24,0.06
0.030172,0.26,0.06
0.030176,0.3,0.06
0.03018,0.32,0.06
0.030184,0.28,0.06
0.030188,0.3,0.06
0.030192,0.32,0.02
0.030196,0.32,0.02
0.0302,0.28,0.02
0.030204,0.26,0.02
0.030208,0.24,0
0.030212,0.24,0
0.030216,0.26,0.02
0.03022,0.28,0.02
0.030224,0.28,0.02
0.030228,0.28,0.02
0.030232,0.28,0.04
0.030236,0.28,0
0.03024,0.26,0.02
0.030244,0.3,0.04
0.030248,0.28,0.04
0.030252,0.28,0.04
0.030256,0.3,0.04
0.03026,0.28,0.06
0.030264,0.3,0.04
0.030268,0.3,0.02
0.030272,0.26,0.02
0.030276,0.26,0.02
0.03028,0.24,0.02
0.030284,0.28,0
0.030288,0.32,-0.02
0.030292,0.32,0
0.030296,0.34,-0.02
0.0303,0.32,0
0.030304,0.26,0
0.030308,0.28,-0.02
0.030312,0.26,-0.02
0.030316,0.24,-0.02
0.03032,0.24,0
0.030324,0.24,0.02
0.030328,0.24,0.04
0.030332,0.24,0.06
0.030336,0.22,0.08
0.03034,0.26,0.06
0.030344,0.28,0.02
0.030348,0.24,0.06
0.030352,0.24,0.04
0.030356,0.24,0.04
0.03036,0.26,0.04
0.030364,0.28,0.04
0.030368,0.28,0.04
0.030372,0.3,-0.02
0.030376,0.26,-0.04
0.03038,0.24,-0.02
0.030384,0.28,0.02
0.030388,0.26,0.02
0.030392,0.24,0.02
0.030396,0.18,-0.04
0.0304,0.2,-0.04
0.030404,0.24,-0.04
0.030408,0.24,-0.06
0.030412,0.24,-0.04
0.030416,0.24,-0.06
0.03042,0.24,-0.08
0.030424,0.26,-0.1
0.030428,0.3,-0.06
0.030432,0.32,-0.06
0.030436,0.32,-0.06
0.03044,0.3,-0.04
0.030444,0.3,-0.02
0.030448,0.28,-0.02
0.030452,0.26,0.04
0.030456,0.26,0.04
0.03046,0.26,0.02
0.030464,0.26,-0.02
0.030468,0.24,-0.06
0.030472,0.24,-0.06
0.030476,0.24,-0.04
0.03048,0.3,-0.04
0.030484,0.28,0
0.030488,0.3,-0.02
0.030492,0.28,-0.02
0.030496,0.26,-0.04
0.0305,0.26,-0.04
0.030504,0.26,-0.08
0.030508,0.24,-0.02
0.030512,0.2,-0.06
0.030516,0.16,-0.12
0.03052,0.18,-0.14
0.030524,0.16,-0.14
0.030528,0.16,-0.12
0.030532,0.18,-0.16
0.030536,0.22,-0.14
0.03054,0.22,-0.1
0.030544,0.24,-0.06
0.030548,0.22,-0.02
0.030552,0.24,-0.02
0.030556,0.22,-0.06
0.03056,0.18,-0.08
0.030564,0.16,-0.12
0.030568,0.16,-0.14
0.030572,0.2,-0.12
0.030576,0.2,-0.12
0.03058,0.24,-0.12
0.030584,0.24,-0.14
0.030588,0.26,-0.14
0.030592,0.28,-0.14
0.030596,0.28,-0.16
0.0306,0.22,-0.16
0.030604,0.16,-0.18
0.030608,0.14,-0.18
0.030612,0.14,-0.18
0.030616,0.16,-0.2
0.03062,0.16,-0.18
0.030624,0.2,-0.18
0.030628,0.22,-0.16
0.030632,0.2,-0.14
0.030636,0.2,-0.1
0.03064,0.2,-0.14
0.030644,0.2,-0.14
0.030648,0.2,-0.16
0.030652,0.2,-0.18
0.030656,0.18,-0.2
0.03066,0.18,-0.2
0.030664,0.16,-0.18
0.030668,0.18,-0.18
0.030672,0.2,-0.16
0.030676,0.22,-0.14
0.03068,0.2,-0.14
0.030684,0.2,-0.16
0.030688,0.16,-0.16
0.030692,0.16,-0.22
0.030696,0.18,-0.24
0.0307,0.16,-0.24
0.030704,0.12,-0.24
0.030708,0.12,-0.22
0.030712,0.12,-0.2
0.030716,0.14,-0.18
0.03072,0.14,-0.2
0.030724,0.14,-0.2
0.030728,0.16,-0.18
0.030732,0.16,-0.18
0.030736,0.16,-0.22
0.03074,0.2,-0.2
0.030744,0.16,-0.16
0.030748,0.16,-0.14
0.030752,0.16,-0.12
0.030756,0.14,-0.1
0.03076,0.12,-0.14
0.030764,0.14,-0.2
0.030768,0.08,-0.2
0.030772,0.1,-0.22
0.030776,0.1,-0.22
0.03078,0.14,-0.22
0.030784,0.16,-0.22
0.030788,0.2,-0.22
0.030792,0.2,-0.2
0.030796,0.2,-0.18
0.0308,0.14,-0.14
0.030804,0.14,-0.16
0.030808,0.14,-0.2
0.030812,0.14,-0.22
0.030816,0.12,-0.22
0.03082,0.1,-0.2
0.030824,0.1,-0.18
0.030828,0.1,-0.14
0.030832,0.08,-0.18
0.030836,0.06,-0.18
0.03084,0.06,-0.18
0.030844,0.04,-0.18
0.030848,0.04,-0.18
0.030852,0.06,-0.18
0.030856,0.06,-0.22
0.03086,0.08,-0.24
0.030864,0.1,-0.24
0.030868,0.12,-0.18
0.030872,0.1,-0.16
0.030876,0.1,-0.16
0.03088,0.12,-0.18
0.030884,0.12,-0.14
0.030888,0.12,-0.14
0.030892,0.12,-0.14
0.030896,0.1,-0.2
0.0309,0.12,-0.24
0.030904,0.1,-0.24
0.030908,0.1,-0.24
0.030912,0.1,-0.2
0.030916,0.1,-0.22
0.03092,0.08,-0.22
0.030924,0.1,-0.2
0.030928,0.1,-0.2
0.030932,0.06,-0.22
0.030936,0.04,-0.26
0.03094,0.04,-0.26
0.030944,0.04,-0.26
0.030948,0.04,-0.26
0.030952,0.06,-0.26
0.030956,0.08,-0.3
0.03096,0.08,-0.3
0.030964,0.08,-0.3
0.030968,0.1,-0.28
0.030972,0.1,-0.26
0.030976,0.1,-0.26
0.03098,0.06,-0.26
0.030984,0.02,-0.24
0.030988,0,-0.22
0.030992,-0.02,-0.18
0.030996,-0.04,-0.18
0.031,-0.02,-0.18
0.031004,-0.04,-0.16
0.031008,-0.02,-0.18
0.031012,0,-0.2
0.031016,0,-0.2
0.03102,0,-0.24
0.031024,0.02,-0.22
0.031028,0.04,-0.22
0.031032,0,-0.24
0.031036,0.02,-0.26
0.03104,0,-0.24
0.031044,-0.04,-0.22
0.031048,-0.02,-0.26
0.031052,0,-0.22
0.031056,-0.02,-0.22
0.03106,0,-0.2
0.031064,-0.02,-0.2
0.031068,0,-0.22
0.031072,0,-0.22
0.031076,-0.02,-0.22
0.03108,-0.04,-0.22
0.031084,-0.04,-0.24
0.031088,-0.04,-0.24
0.031092,-0.06,-0.28
0.031096,-0.1,-0.28
0.0311,-0.1,-0.26
0.031104,-0.1,-0.24
0.031108,-0.1,-0.2
0.031112,-0.12,-0.2
0.031116,-0.12,-0.2
0.03112,-0.1,-0.22
0.031124,-0.06,-0.22
0.031128,-0.02,-0.22
0.031132,0.02,-0.22
0.031136,-0.02,-0.16
0.03114,-0.02,-0.16
0.031144,-0.04,-0.18
0.031148,-0.04,-0.16
0.031152,-0.06,-0.18
0.031156,-0.06,-0.16
0.03116,-0.06,-0.22
0.031164,-0.06,-0.22
0.031168,-0.04,-0.22
0.031172,-0.04,-0.22
0.031176,-0.04,-0.2
0.03118,-0.04,-0.2
0.031184,-0.02,-0.18
0.031188,-0.04,-0.18
0.031192,-0.08,-0.22
0.031196,-0.06,-0.22
0.0312,-0.02,-0.2
0.031204,0,-0.2
0.031208,0,-0.14
0.031212,-0.04,-0.16
0.031216,-0.1,-0.16
0.03122,-0.1,-0.2
0.031224,-0.08,-0.18
0.031228,-0.06,-0.16
0.031232,-0.06,-0.16
0.031236,-0.06,-0.18
0.03124,-0.06,-0.2
0.031244,-0.04,-0.18
0.031248,-0.06,-0.2
0.031252,-0.1,-0.22
0.031256,-0.12,-0.2
0.03126,-0.12,-0.24
0.031264,-0.12,-0.24
0.031268,-0.14,-0.22
0.031272,-0.16,-0.26
0.031276,-0.2,-0.22
0.03128,-0.2,-0.2
0.031284,-0.18,-0.16
0.031288,-0.14,-0.18
0.031292,-0.06,-0.18
0.031296,-0.06,-0.14
0.0313,-0.06,-0.12
0.031304,-0.08,-0.14
0.031308,-0.08,-0.16
0.031312,-0.06,-0.16
0.031316,-0.08,-0.16
0.03132,-0.1,-0.12
0.031324,-0.12,-0.14
0.031328,-0.14,-0.14
0.031332,-0.16,-0.16
0.031336,-0.16,-0.18
0.03134,-0.14,-0.16
0.031344,-0.18,-0.18
0.031348,-0.18,-0.14
0.031352,-0.12,-0.12
0.031356,-0.12,-0.14
0.03136,-0.14,-0.18
0.031364,-0.18,-0.16
0.031368,-0.16,-0.14
0.031372,-0.12,-0.16
0.031376,-0.1,-0.16
0.03138,-0.14,-0.12
0.031384,-0.12,-0.1
0.031388,-0.16,-0.14
0.031392,-0.16,-0.18
0.031396,-0.16,-0.18
0.0314,-0.16,-0.18
0.031404,-0.16,-0.16
0.031408,-0.16,-0.12
0.031412,-0.2,-0.12
0.031416,-0.18,-0.14
0.03142,-0.16,-0.14
0.031424,-0.1,-0.14
0.031428,-0.06,-0.14
0.031432,-0.04,-0.16
0.031436,-0.04,-0.12
0.03144,-0.06,-0.1
0.031444,-0.12,-0.12
0.031448,-0.12,-0.14
0.031452,-0.1,-0.14
0.031456,-0.12,-0.16
0.03146,-0.12,-0.16
0.031464,-0.16,-0.14
0.031468,-0.14,-0.14
0.031472,-0.16,-0.14
0.031476,-0.14,-0.18
0.03148,-0.16,-0.18
0.031484,-0.16,-0.16
0.031488,-0.12,-0.14
0.031492,-0.12,-0.08
0.031496,-0.14,-0.04
0.0315,-0.16,-0.02
0.031504,-0.16,-0.04
0.031508,-0.12,-0.02
0.031512,-0.16,-0.04
0.031516,-0.18,-0.06
0.03152,-0.2,-0.12
0.031524,-0.18,-0.14
0.031528,-0.2,-0.14
0.031532,-0.2,-0.16
0.031536,-0.22,-0.16
0.03154,-0.18,-0.16
0.031544,-0.18,-0.12
0.031548,-0.22,-0.1
0.031552,-0.22,-0.08
0.031556,-0.26,-0.12
0.03156,-0.28,-0.14
0.031564,-0.24,-0.1
0.031568,-0.22,-0.1
0.031572,-0.18,-0.12
0.031576,-0.18,-0.08
0.03158,-0.22,-0.04
0.031584,-0.2,-0.04
0.031588,-0.16,-0.08
0.031592,-0.16,-0.06
0.031596,-0.16,-0.04
0.0316,-0.18,-0.08
0.031604,-0.18,-0.08
0.031608,-0.12,-0.08
0.031612,-0.08,-0.06
0.031616,-0.08,-0.04
0.03162,-0.08,-0.04
0.031624,-0.1,-0.06
0.031628,-0.14,-0.06
0.031632,-0.16,-0.04
0.031636,-0.12,-0.06
0.03164,-0.1,-0.1
0.031644,-0.08,-0.1
0.031648,-0.12,-0.1
0.031652,-0.14,-0.08
0.031656,-0.14,-0.06
0.03166,-0.1,-0.04
0.031664,-0.06,-0.06
0.031668,-0.06,-0.02
0.031672,-0.1,-0.02
0.031676,-0.12,-0.06
0.03168,-0.16,-0.1
0.031684,-0.14,-0.1
0.031688,-0.12,-0.12
0.031692,-0.12,-0.1
0.031696,-0.14,-0.12
0.0317,-0.16,-0.06
0.031704,-0.16,-0.06
0.031708,-0.16,-0.06
0.031712,-0.18,-0.04
0.031716,-0.18,-0.08
0.03172,-0.16,-0.08
0.031724,-0.18,-0.12
0.031728,-0.14,-0.1
0.031732,-0.14,-0.06
0.031736,-0.16,-0.02
0.03174,-0.14,0.02
0.031744,-0.1,0.02
0.031748,-0.1,0.02
0.031752,-0.12,0.02
0.031756,-0.12,0.02
0.03176,-0.1,-0.04
0.031764,-0.16,-0.04
0.031768,-0.16,-0.02
0.031772,-0.16,-0.04
0.031776,-0.14,-0.02
0.03178,-0.16,0
0.031784,-0.18,0.04
0.031788,-0.24,0.02
0.031792,-0.28,0.02
0.031796,-0.3,0
0.0318,-0.28,-0.04
0.031804,-0.26,-0.04
0.031808,-0.26,-0.04
0.031812,-0.24,-0.04
0.031816,-0.2,-0.02
0.03182,-0.2,-0.02
0.031824,-0.2,0.02
0.031828,-0.22,0.02
0.031832,-0.2,0.02
0.031836,-0.18,0.04
0.03184,-0.16,0.02
0.031844,-0.12,0.02
0.031848,-0.12,0
0.031852,-0.12,0
0.031856,-0.12,0.02
0.03186,-0.16,0.02
0.031864,-0.16,0
0.031868,-0.2,-0.04
0.031872,-0.2,0.02
0.031876,-0.16,0.02
0.03188,-0.16,0.02
0.031884,-0.18,0.02
0.031888,-0.22,0.04
0.031892,-0.22,0
0.031896,-0.16,-0.02
0.0319,-0.16,-0.04
0.031904,-0.14,-0.06
0.031908,-0.16,-0.08
0.031912,-0.12,-0.02
0.031916,-0.12,0
0.03192,-0.12,0
0.031924,-0.14,0
0.031928,-0.14,0.02
0.031932,-0.14,0.02
0.031936,-0.12,0.06
0.03194,-0.12,0.08
0.031944,-0.16,0.08
0.031948,-0.2,0.02
0.031952,-0.2,0.04
0.031956,-0.16,0.06
0.03196,-0.12,0.1
0.031964,-0.16,0.08
0.031968,-0.18,0.06
0.031972,-0.16,0.02
0.031976,-0.14,0
0.03198,-0.14,0.02
0.031984,-0.16,0.04
0.031988,-0.16,0.02
0.031992,-0.16,0.04
0.031996,-0.22,0.04
0.032,-0.2,0.04
0.032004,-0.18,0.04
0.032008,-0.16,0.02
0.032012,-0.12,0.02
0.032016,-0.14,0.02
0.03202,-0.18,0.02
0.032024,-0.2,0.04
0.032028,-0.22,0.04
0.032032,-0.22,0.04
0.032036,-0.2,0.04
0.03204,-0.22,0.08
0.032044,-0.22,0.02
0.032048,-0.2,0.02
0.032052,-0.16,0.04
0.032056,-0.18,0.04
0.03206,-0.14,0.02
0.032064,-0.14,0
0.032068,-0.12,0.04
0.032072,-0.1,0
0.032076,-0.14,0
0.03208,-0.18,0.02
0.032084,-0.18,0.02
0.032088,-0.18,0.02
0.032092,-0.16,0.04
0.032096,-0.2,0.06
0.0321,-0.2,0.08
0.032104,-0.16,0.06
0.032108,-0.14,0.06
0.032112,-0.14,0.08
0.032116,-0.14,0.06
0.03212,-0.12,0.02
0.032124,-0.12,0.04
0.032128,-0.12,0.06
0.032132,-0.12,0.1
0.032136,-0.14,0.1
0.03214,-0.14,0.06
0.032144,-0.12,0.04
0.032148,-0.1,0.04
0.032152,-0.08,0.04
0.032156,-0.08,0.04
0.03216,-0.12,0.04
0.032164,-0.16,0.06
0.032168,-0.18,0.06
0.032172,-0.16,0.08
0.032176,-0.16,0.14
0.03218,-0.16,0.12
0.032184,-0.14,0.14
0.032188,-0.14,0.08
0.032192,-0.14,0.06
0.032196,-0.14,0.04
0.0322,-0.14,0.08
0.032204,-0.12,0.08
0.032208,-0.12,0.08
0.032212,-0.12,0.04
0.032216,-0.1,0.04
0.03222,-0.18,0.08
0.032224,-0.16,0.08
0.032228,-0.12,0.02
0.032232,-0.1,0.04
0.032236,-0.1,0.06
0.03224,-0.1,0.06
0.032244,-0.1,0.06
0.032248,-0.08,0.04
0.032252,-0.1,0.04
0.032256,-0.12,0.04
0.03226,-0.16,0.02
0.032264,-0.14,0.08
0.032268,-0.14,0.08
0.032272,-0.12,0.08
0.032276,-0.12,0.04
0.03228,-0.12,0.02
0.032284,-0.14,0.02
0.032288,-0.16,0.04
0.032292,-0.16,0.02
0.032296,-0.16,0
0.0323,-0.12,0
0.032304,-0.14,0.02
0.032308,-0.14,0.04
0.032312,-0.14,0.08
0.032316,-0.1,0.08
0.03232,-0.08,0.12
0.032324,-0.1,0.1
0.032328,-0.1,0.08
0.032332,-0.12,0.08
0.032336,-0.12,0.04
0.03234,-0.12,0.02
0.032344,-0.14,0
0.032348,-0.16,0
0.032352,-0.12,0.04
0.032356,-0.12,0.08
0.03236,-0.06,0.08
0.032364,-0.04,0.06
0.032368,-0.06,0.06
0.032372,-0.1,0.06
0.032376,-0.12,0.06
0.03238,-0.12,0.04
0.032384,-0.1,0.04
0.032388,-0.08,0.08
0.032392,-0.1,0.1
0.032396,-0.12,0.08
0.0324,-0.1,0.08
0.032404,-0.1,0.06
0.032408,-0.1,0.08
0.032412,-0.1,0.08
0.032416,-0.1,0.08
0.03242,-0.12,0.08
0.032424,-0.12,0.06
0.032428,-0.1,0.08
0.032432,-0.08,0.08
0.032436,-0.08,0.06
0.03244,-0.06,0.04
0.032444,-0.06,0.02
0.032448,-0.04,0
0.032452,-0.04,0
0.032456,-0.06,0.02
0.03246,-0.08,0.02
0.032464,-0.12,0.02
0.032468,-0.1,0.04
0.032472,-0.08,0.04
0.032476,-0.1,0.04
0.03248,-0.16,0.02
0.032484,-0.16,0.06
0.032488,-0.14,0.08
0.032492,-0.16,0.08
0.032496,-0.18,0.1
0.0325,-0.14,0.1
0.032504,-0.14,0.08
0.032508,-0.14,0.08
0.032512,-0.1,0.06
0.032516,-0.08,0.08
0.03252,-0.08,0.1
0.032524,-0.1,0.08
0.032528,-0.1,0.08
0.032532,-0.14,0.1
0.032536,-0.18,0.1
0.03254,-0.16,0.12
0.032544,-0.16,0.08
0.032548,-0.16,0.08
0.032552,-0.14,0.1
0.032556,-0.14,0.1
0.03256,-0.12,0.12
0.032564,-0.12,0.08
0.032568,-0.1,0.06
0.032572,-0.04,0.08
0.032576,-0.04,0.08
0.03258,-0.04,0.08
0.032584,-0.04,0.08
0.032588,-0.06,0.04
0.032592,-0.06,0.02
0.032596,-0.1,0.06
0.0326,-0.12,0.04
0.032604,-0.1,0.02
0.032608,-0.04,0.02
0.032612,-0.06,0.02
0.032616,-0.02,0
0.03262,-0.08,0.04
0.032624,-0.12,0.06
0.032628,-0.12,0.08
0.032632,-0.06,0.06
0.032636,-0.02,0.08
0.03264,-0.02,0.08
0.032644,-0.04,0.08
0.032648,-0.1,0.1
0.032652,-0.06,0.08
0.032656,-0.04,0.1
0.03266,-0.04,0.1
0.032664,-0.06,0.06
0.032668,-0.1,0.08
0.032672,-0.04,0.08
0.032676,-0.02,0.1
0.03268,0,0.08
0.032684,-0.04,0.06
0.032688,-0.04,0.08
0.032692,-0.04,0.08
0.032696,-0.02,0.06
0.0327,-0.02,0.08
0.032704,-0.02,0.08
0.032708,-0.08,0.04
0.032712,-0.08,0.06
0.032716,-0.04,0.04
0.03272,-0.06,0.08
0.032724,-0.06,0.1
0.032728,-0.06,0.12
0.032732,-0.1,0.08
0.032736,-0.1,0.1
0.03274,-0.1,0.08
0.032744,-0.1,0.08
0.032748,-0.06,0.02
0.032752,0.02,0.02
0.032756,0,0.06
0.03276,0,0.06
0.032764,-0.04,0.02
0.032768,-0.04,0.02
0.032772,-0.06,0.04
0.032776,-0.04,0.04
0.03278,-0.06,0.08
0.032784,-0.06,0.08
0.032788,-0.06,0.06
0.032792,-0.04,0.06
0.032796,-0.06,0.08
0.0328,-0.1,0.08
0.032804,-0.06,0.08
0.032808,-0.1,0.04
0.032812,-0.12,0.06
0.032816,-0.12,0.04
0.03282,-0.1,0.06
0.032824,-0.1,0.04
0.032828,-0.06,0.04
0.032832,-0.06,0.04
0.032836,-0.04,0.04
0.03284,-0.04,0.04
0.032844,-0.06,-0.02
0.032848,-0.02,-0.02
0.032852,-0.02,0
0.032856,-0.04,0
0.03286,-0.02,0.04
0.032864,-0.04,0.04
0.032868,-0.06,0.04
0.032872,-0.06,0.04
0.032876,-0.1,0.02
0.03288,-0.06,0.06
0.032884,-0.06,0.08
0.032888,-0.08,0.08
0.032892,-0.14,0.08
0.032896,-0.12,0.02
0.0329,-0.08,0.02
0.032904,-0.1,0.04
0.032908,-0.08,0.04
0.032912,-0.12,0.02
0.032916,-0.1,0.04
0.03292,-0.1,0.02
0.032924,-0.08,0
0.032928,-0.04,0.02
0.032932,-0.02,0.04
0.032936,-0.04,0.04
0.03294,-0.04,0.06
0.032944,-0.08,0.06
0.032948,-0.12,0.04
0.032952,-0.14,0.04
0.032956,-0.12,0
0.03296,-0.12,0.02
0.032964,-0.12,0
0.032968,-0.1,0
0.032972,-0.06,0.02
0.032976,-0.06,0.02
0.03298,-0.1,0.02
0.032984,-0.12,0.04
0.032988,-0.12,0.04
0.032992,-0.12,0.08
0.032996,-0.16,0.08
0.033,-0.14,0.06
0.033004,-0.1,0.04
0.033008,-0.04,0.04
0.033012,-0.06,0.02
0.033016,0,0.04
0.03302,-0.02,0.02
0.033024,-0.06,0.06
0.033028,-0.04,0.08
0.033032,0.02,0.04
0.033036,0.04,0.04
0.03304,0.06,0.02
0.033044,0.02,0.04
0.033048,0,0.04
0.033052,0,0.06
0.033056,-0.04,0.04
0.03306,-0.06,0.06
0.033064,-0.04,0.02
0.033068,-0.02,0
0.033072,-0.04,0.02
0.033076,-0.06,0.02
0.03308,-0.04,0.04
0.033084,-0.04,0.04
0.033088,-0.06,0.04
0.033092,-0.04,0.02
0.033096,-0.02,0.04
0.0331,-0.04,0.04
0.033104,-0.06,0.04
0.033108,-0.1,0.04
0.033112,-0.1,0.02
0.033116,-0.04,0
0.03312,-0.06,0
0.033124,-0.06,0.06
0.033128,-0.08,0.08
0.033132,-0.08,0.08
0.033136,-0.06,0.12
0.03314,-0.08,0.08
0.033144,-0.08,0.06
0.033148,-0.1,0.08
0.033152,-0.12,0.04
0.033156,-0.12,0.02
0.03316,-0.12,0.02
0.033164,-0.1,0.04
0.033168,-0.06,0.08
0.033172,-0.06,0.04
0.033176,-0.1,0.04
0.03318,-0.06,0.04
0.033184,-0.04,0.04
0.033188,-0.04,0.06
0.033192,-0.04,0.06
0.033196,-0.08,0.04
0.0332,-0.1,0.04
0.033204,-0.1,0.02
0.033208,-0.06,0.02
0.033212,-0.06,0.06
0.033216,-0.04,0.1
0.03322,0,0.06
0.033224,-0.02,-0.02
0.033228,0,0.04
0.033232,0,0.04
0.033236,0.04,0.02
0.03324,0.04,0.04
0.033244,0.02,0.04
0.033248,-0.04,0.04
0.033252,-0.06,0.02
0.033256,-0.06,0.02
0.03326,-0.08,-0.02
0.033264,-0.06,0.02
0.033268,-0.04,0.04
0.033272,0,0.04
0.033276,0,0.08
0.03328,-0.02,0.08
0.033284,-0.04,0.04
0.033288,-0.04,0.04
0.033292,-0.02,0.04
0.033296,-0.02,0.04
0.0333,-0.02,0.04
0.033304,-0.04,0
0.033308,-0.04,-0.02
0.033312,-0.06,-0.02
0.033316,-0.04,0.02
0.03332,-0.04,0
0.033324,-0.04,-0.02
0.033328,-0.04,-0.06
0.033332,0.04,-0.04
0.033336,0.04,-0.02
0.03334,0.04,0
0.033344,0,0
0.033348,0.04,0
0.033352,0.02,0
0.033356,-0.02,-0.04
0.03336,-0.02,-0.06
0.033364,-0.04,-0.02
0.033368,0,0
0.033372,-0.02,0.06
0.033376,0,0.06
0.03338,-0.04,0.04
0.033384,-0.08,0.02
0.033388,-0.1,0.02
0.033392,-0.04,0.02
0.033396,0,0.04
0.0334,0.04,0.04
0.033404,0.04,0.04
0.033408,0.04,0.04
0.033412,0.04,0.02
0.033416,0.04,0.02
0.03342,0.04,0.02
0.033424,-0.04,0.06
0.033428,-0.04,0.06
0.033432,-0.02,0.06
0.033436,0.02,0.06
0.03344,0.04,0.02
0.033444,0.02,0.02
0.033448,0.02,0.02
0.033452,0.04,0
0.033456,0.04,-0.02
0.03346,0.02,-0.02
0.033464,0.02,-0.02
0.033468,0.06,-0.02
0.033472,0.02,-0.02
0.033476,-0.02,0
0.03348,-0.04,0.02
0.033484,-0.04,0.04
0.033488,-0.04,0.02
0.033492,0,0
0.033496,-0.04,-0.02
0.0335,-0.06,-0.02
0.033504,-0.06,0
0.033508,-0.08,0.02
0.033512,-0.08,0.02
0.033516,-0.12,-0.02
0.03352,-0.12,-0.02
0.033524,-0.08,-0.02
0.033528,-0.06,0.02
0.033532,-0.06,0.04
0.033536,-0.04,0.04
0.03354,-0.04,0.08
0.033544,-0.04,0.02
0.033548,-0.04,0.02
0.033552,-0.02,0.02
0.033556,0,0.02
0.03356,-0.06,0.02
0.033564,-0.08,0.02
0.033568,-0.06,0.02
0.033572,-0.02,0.02
0.033576,0,0.04
0.03358,0,0.04
0.033584,-0.04,0.04
0.033588,-0.04,0.06
0.033592,-0.02,0.04
0.033596,-0.02,0.02
0.0336,-0.02,0.02
0.033604,-0.04,0.02
0.033608,-0.04,0.04
0.033612,-0.04,0.04
0.033616,-0.08,0.04
0.03362,-0.1,0.02
0.033624,-0.06,-0.02
0.033628,-0.08,0.02
0.033632,-0.06,0.02
0.033636,-0.06,0.04
0.03364,-0.06,0.04
0.033644,-0.06,0.06
0.033648,-0.06,0.04
0.033652,-0.06,0.04
0.033656,-0.06,0.04
0.03366,-0.06,0.02
0.033664,-0.08,0
0.033668,-0.12,0.02
0.033672,-0.08,0.06
0.033676,-0.1,0.04
0.03368,-0.04,0.04
0.033684,0,0.04
0.033688,0,0.08
0.033692,0,0.04
0.033696,-0.04,0
0.0337,-0.06,0.02
0.033704,-0.06,0.02
0.033708,-0.06,0
0.033712,-0.08,0
0.033716,-0.02,0.02
0.03372,-0.04,0.02
0.033724,-0.02,0.02
0.033728,-0.04,0.02
0.033732,-0.04,0
0.033736,-0.04,0.04
0.03374,-0.04,0.08
0.033744,-0.02,0.08
0.033748,-0.04,0.1
0.033752,-0.06,0.08
0.033756,-0.06,0.04
0.03376,-0.04,0.02
0.033764,-0.04,0
0.033768,-0.04,0.02
0.033772,-0.04,0.02
0.033776,-0.06,0
0.03378,-0.08,0.02
0.033784,-0.1,-0.02
0.033788,-0.1,0.02
0.033792,-0.1,0.06
0.033796,-0.1,0.06
0.0338,-0.08,0.04
0.033804,-0.06,0.04
0.033808,-0.06,0.02
0.033812,-0.06,0.02
0.033816,-0.06,0.04
0.03382,-0.12,0.04
0.033824,-0.12,0.02
0.033828,-0.12,0
0.033832,-0.12,0.02
0.033836,-0.14,-0.02
0.03384,-0.12,-0.02
0.033844,-0.1,-0.02
0.033848,-0.04,-0.02
0.033852,-0.04,-0.04
0.033856,-0.06,-0.08
0.03386,-0.04,-0.04
0.033864,-0.02,-0.04
0.033868,0,0
0.033872,0,0
0.033876,0.02,0.02
0.03388,0.02,0
0.033884,0,0
0.033888,-0.04,0
0.033892,-0.08,0.02
0.033896,-0.12,0.06
0.0339,-0.12,0.06
0.033904,-0.14,0.08
0.033908,-0.12,0.04
0.033912,-0.08,0.04
0.033916,-0.06,0.04
0.03392,-0.06,0.04
0.033924,-0.1,0.04
0.033928,-0.1,0.04
0.033932,-0.14,0.02
0.033936,-0.12,0.06
0.03394,-0.12,0.1
0.033944,-0.12,0.06
0.033948,-0.1,0.02
0.033952,-0.1,0.02
0.033956,-0.1,0.02
0.03396,-0.1,0
0.033964,-0.08,-0.04
0.033968,-0.08,-0.04
0.033972,-0.06,-0.02
0.033976,-0.04,-0.06
0.03398,-0.06,-0.06
0.033984,-0.08,-0.06
0.033988,-0.1,-0.08
0.033992,-0.1,-0.06
0.033996,-0.08,-0.08
0.034,-0.06,-0.04
0.034004,-0.06,-0.04
0.034008,-0.06,-0.04
0.034012,-0.04,-0.04
0.034016,-0.02,0
0.03402,-0.02,0
0.034024,-0.04,0.02
0.034028,-0.06,0.02
0.034032,-0.06,0.02
0.034036,-0.06,0.02
0.03404,-0.1,0
0.034044,-0.1,0.02
0.034048,-0.08,0.04
0.034052,-0.1,0.02
0.034056,-0.1,0.02
0.03406,-0.12,0
0.034064,-0.12,-0.02
0.034068,-0.1,-0.04
0.034072,-0.08,-0.04
0.034076,-0.08,0.02
0.03408,-0.06,0.02
0.034084,-0.04,0
0.034088,-0.06,0
0.034092,-0.06,-0.02
0.034096,-0.08,-0.02
0.0341,-0.02,-0.02
0.034104,0,0.02
0.034108,-0.06,0.04
0.034112,-0.06,0.06
0.034116,-0.06,0.04
0.03412,-0.1,-0.02
0.034124,-0.08,0.02
0.034128,-0.04,0.04
0.034132,-0.06,0.04
0.034136,-0.04,0.04
0.03414,-0.02,0.08
0.034144,-0.06,0.04
0.034148,-0.1,0.04
0.034152,-0.16,0.02
0.034156,-0.12,0
0.03416,-0.12,0
0.034164,-0.1,0
0.034168,-0.08,-0.02
0.034172,-0.06,-0.06
0.034176,0,-0.02
0.03418,0.02,-0.02
0.034184,0.02,0
0.034188,-0.04,0
0.034192,-0.08,-0.04
0.034196,-0.06,-0.02
0.0342,-0.06,0
0.034204,-0.06,-0.02
0.034208,-0.08,-0.02
0.034212,-0.06,-0.02
0.034216,-0.06,-0.02
0.03422,-0.1,-0.04
0.034224,-0.1,-0.04
0.034228,-0.12,-0.06
0.034232,-0.14,-0.02
0.034236,-0.12,-0.02
0.03424,-0.08,0
0.034244,-0.1,0.02
0.034248,-0.06,0.02
0.034252,-0.08,0.02
0.034256,-0.08,-0.02
0.03426,-0.08,-0.04
0.034264,-0.08,-0.06
0.034268,-0.06,-0.06
0.034272,-0.1,-0.04
0.034276,-0.1,-0.02
0.03428,-0.06,-0.02
0.034284,-0.06,-0.02
0.034288,-0.06,-0.04
0.034292,-0.04,-0.02
0.034296,-0.06,-0.02
0.0343,0,0
0.034304,-0.02,0
0.034308,-0.04,0.02
0.034312,-0.06,0.02
0.034316,-0.06,-0.02
0.03432,-0.04,0.02
0.034324,-0.02,-0.02
0.034328,0,0.02
0.034332,0,0.04
0.034336,0,0.06
0.03434,-0.04,0.08
0.034344,-0.06,0.1
0.034348,-0.04,0.08
0.034352,-0.08,0.06
0.034356,-0.1,0.04
0.03436,-0.14,0.04
0.034364,-0.1,0.04
0.034368,-0.1,0.04
0.034372,-0.1,0.02
0.034376,-0.1,0
0.03438,-0.1,-0.02
0.034384,-0.14,0.02
0.034388,-0.14,0.02
0.034392,-0.12,0.02
0.034396,-0.1,0.04
0.0344,-0.08,0.06
0.034404,-0.04,0.08
0.034408,-0.04,0.08
0.034412,-0.04,0.04
0.034416,-0.06,0.04
0.03442,-0.06,0.02
0.034424,-0.06,0.04
0.034428,-0.04,0.08
0.034432,-0.04,0.08
0.034436,-0.04,0.04
0.03444,-0.06,0.04
0.034444,-0.1,0.02
0.034448,-0.12,0.04
0.034452,-0.14,0.04
0.034456,-0.1,0.02
0.03446,-0.12,-0.02
0.034464,-0.14,0
0.034468,-0.14,0
0.034472,-0.1,0.02
0.034476,-0.06,0.02
0.03448,-0.1,0.04
0.034484,-0.1,0.02
0.034488,-0.08,0.02
0.034492,-0.04,0.02
0.034496,-0.04,0.04
0.0345,-0.04,0.06
0.034504,-0.06,0.1
0.034508,-0.04,0.06
0.034512,-0.06,0.04
0.034516,-0.08,0
0.03452,-0.08,-0.02
0.034524,-0.1,0
0.034528,-0.1,0
0.034532,-0.08,0
0.034536,-0.08,0.02
0.03454,-0.1,0.02
0.034544,-0.1,0.02
0.034548,-0.1,0
0.034552,-0.08,0
0.034556,-0.1,0.02
0.03456,-0.12,0.02
0.034564,-0.12,0
0.034568,-0.14,0.04
0.034572,-0.18,0.02
0.034576,-0.2,0
0.03458,-0.18,0.02
0.034584,-0.14,0.04
0.034588,-0.16,0.04
0.034592,-0.16,0.06
0.034596,-0.14,0.02
0.0346,-0.1,0
0.034604,-0.06,0
0.034608,-0.04,0
0.034612,-0.02,0
0.034616,-0.04,0.02
0.03462,-0.04,0.02
0.034624,-0.1,0.02
0.034628,-0.1,-0.02
0.034632,-0.1,0.02
0.034636,-0.1,0.04
0.03464,-0.08,0.04
0.034644,-0.06,0.02
0.034648,-0.1,-0.02
0.034652,-0.08,0.02
0.034656,-0.06,0.02
0.03466,-0.04,0.04
0.034664,-0.02,0.02
0.034668,-0.02,0.06
0.034672,-0.06,0.06
0.034676,-0.06,0.06
0.03468,-0.04,0.04
0.034684,-0.06,0.04
0.034688,-0.1,0.06
0.034692,-0.1,0.04
0.034696,-0.1,0.04
0.0347,-0.14,0.08
0.034704,-0.16,0.06
0.034708,-0.1,0.04
0.034712,-0.08,0.02
0.034716,-0.08,0.04
0.03472,-0.1,0.04
0.034724,-0.1,0.02
0.034728,-0.12,0.02
0.034732,-0.12,0.02
0.034736,-0.1,0
0.03474,-0.08,-0.02
0.034744,-0.04,-0.06
0.034748,-0.06,-0.04
0.034752,-0.06,-0.02
0.034756,-0.08,0.02
0.03476,-0.08,0.06
0.034764,-0.08,0.04
0.034768,-0.04,0
0.034772,-0.04,0.02
0.034776,-0.04,0.06
0.03478,-0.06,0.02
0.034784,-0.04,0.02
0.034788,-0.06,0.02
0.034792,-0.06,0
0.034796,-0.04,0.02
0.0348,-0.04,0.02
0.034804,-0.04,0.02
0.034808,-0.06,0
0.034812,-0.04,-0.04
0.034816,0,-0.02
0.03482,-0.02,0
0.034824,-0.02,-0.04
0.034828,-0.02,-0.02
0.034832,-0.04,0
0.034836,-0.02,0
0.03484,0,0
0.034844,-0.04,-0.02
0.034848,-0.06,-0.02
0.034852,-0.04,-0.02
0.034856,-0.04,0
0.03486,-0.04,0
0.034864,-0.04,0.04
0.034868,-0.06,0.04
0.034872,-0.06,0.06
0.034876,-0.04,0.06
0.03488,-0.04,0.06
0.034884,0,0.04
0.034888,-0.04,0.08
0.034892,-0.1,0.06
0.034896,-0.12,0.06
0.0349,-0.1,0.02
0.034904,-0.1,0
0.034908,-0.08,-0.02
0.034912,-0.08,0
0.034916,-0.08,-0.04
