0.02762,-0.06,0.08
0.027622,-0.06,0.08
0.027624,-0.06,0.08
0.027626,-0.06,0.08
0.027628,-0.06,0.08
0.02763,-0.06,0.08
0.027632,-0.06,0.08
0.027634,-0.06,0.06
0.027636,-0.06,0.08
0.027638,-0.06,0.08
0.02764,-0.06,0.08
0.027642,-0.06,0.08
0.027644,-0.06,0.08
0.027646,-0.06,0.08
0.027648,-0.06,0.08
0.02765,-0.06,0.08
0.027652,-0.06,0.08
0.027654,-0.06,0.1
0.027656,-0.06,0.08
0.027658,-0.06,0.1
0.02766,-0.06,0.08
0.027662,-0.06,0.08
0.027664,-0.06,0.1
0.027666,-0.06,0.1
0.027668,-0.08,0.1
0.02767,-0.06,0.08
0.027672,-0.06,0.1
0.027674,-0.06,0.08
0.027676,-0.06,0.1
0.027678,-0.06,0.1
0.02768,-0.06,0.08
0.027682,-0.06,0.08
0.027684,-0.08,0.08
0.027686,-0.08,0.1
0.027688,-0.08,0.08
0.02769,-0.08,0.08
0.027692,-0.08,0.08
0.027694,-0.08,0.08
0.027696,-0.06,0.08
0.027698,-0.08,0.08
0.0277,-0.08,0.08
0.027702,-0.08,0.06
0.027704,-0.08,0.06
0.027706,-0.08,0.06
0.027708,-0.08,0.06
0.02771,-0.08,0.06
0.027712,-0.08,0.06
0.027714,-0.08,0.06
0.027716,-0.08,0.06
0.027718,-0.1,0.06
0.02772,-0.1,0.06
0.027722,-0.1,0.06
0.027724,-0.1,0.06
0.027726,-0.1,0.08
0.027728,-0.1,0.08
0.02773,-0.1,0.08
0.027732,-0.1,0.08
0.027734,-0.1,0.08
0.027736,-0.1,0.08
0.027738,-0.1,0.08
0.02774,-0.1,0.08
0.027742,-0.08,0.08
0.027744,-0.08,0.08
0.027746,-0.08,0.08
0.027748,-0.1,0.08
0.02775,-0.1,0.08
0.027752,-0.08,0.08
0.027754,-0.08,0.08
0.027756,-0.1,0.08
0.027758,-0.1,0.08
0.02776,-0.1,0.06
0.027762,-0.1,0.06
0.027764,-0.1,0.06
0.027766,-0.1,0.06
0.027768,-0.1,0.06
0.02777,-0.1,0.06
0.027772,-0.1,0.06
0.027774,-0.1,0.06
0.027776,-0.1,0.06
0.027778,-0.1,0.06
0.02778,-0.1,0.06
0.027782,-0.1,0.06
0.027784,-0.1,0.06
0.027786,-0.1,0.06
0.027788,-0.1,0.06
0.02779,-0.1,0.06
0.027792,-0.1,0.06
0.027794,-0.1,0.06
0.027796,-0.1,0.04
0.027798,-0.1,0.04
0.0278,-0.1,0.04
0.027802,-0.1,0.04
0.027804,-0.1,0.04
0.027806,-0.1,0.04
0.027808,-0.1,0.04
0.02781,-0.1,0.04
0.027812,-0.1,0.04
0.027814,-0.1,0.04
0.027816,-0.1,0.04
0.027818,-0.12,0.04
0.02782,-0.12,0.04
0.027822,-0.12,0.04
0.027824,-0.12,0.04
0.027826,-0.1,0.04
0.027828,-0.1,0.04
0.02783,-0.1,0.04
0.027832,-0.1,0.04
0.027834,-0.1,0.04
0.027836,-0.1,0.04
0.027838,-0.1,0.04
0.02784,-0.1,0.04
0.027842,-0.1,0.04
0.027844,-0.12,0.04
0.027846,-0.12,0.04
0.027848,-0.12,0.04
0.02785,-0.12,0.04
0.027852,-0.12,0.04
0.027854,-0.12,0.04
0.027856,-0.12,0.04
0.027858,-0.12,0.04
0.02786,-0.12,0.02
0.027862,-0.12,0.04
0.027864,-0.12,0.02
0.027866,-0.12,0.04
0.027868,-0.12,0.04
0.02787,-0.12,0.04
0.027872,-0.12,0.02
0.027874,-0.12,0.02
0.027876,-0.12,0.02
0.027878,-0.12,0.02
0.02788,-0.12,0.02
0.027882,-0.12,0.02
0.027884,-0.12,0.02
0.027886,-0.12,0.02
0.027888,-0.12,0.02
0.02789,-0.12,0.02
0.027892,-0.12,0.02
0.027894,-0.12,0.02
0.027896,-0.12,0.02
0.027898,-0.12,0.02
0.0279,-0.12,0.02
0.027902,-0.12,0.02
0.027904,-0.12,0.02
0.027906,-0.12,0.02
0.027908,-0.12,0.02
0.02791,-0.12,0.02
0.027912,-0.1,0.02
0.027914,-0.12,0.02
0.027916,-0.12,0.02
0.027918,-0.12,0.02
0.02792,-0.12,0.02
0.027922,-0.1,0.02
0.027924,-0.1,0.02
0.027926,-0.1,0.02
0.027928,-0.1,0.02
0.02793,-0.1,0.02
0.027932,-0.1,0.02
0.027934,-0.1,0.02
0.027936,-0.1,0.02
0.027938,-0.1,0.02
0.02794,-0.1,0.02
0.027942,-0.1,0.02
0.027944,-0.1,0.02
0.027946,-0.1,0.02
0.027948,-0.1,0.02
0.02795,-0.1,0
0.027952,-0.1,0
0.027954,-0.08,0
0.027956,-0.08,0
0.027958,-0.08,0
0.02796,-0.08,0
0.027962,-0.08,0
0.027964,-0.08,0
0.027966,-0.08,0
0.027968,-0.08,0
0.02797,-0.08,0
0.027972,-0.08,0
0.027974,-0.08,0
0.027976,-0.08,0
0.027978,-0.08,0
0.02798,-0.08,0
0.027982,-0.08,0
0.027984,-0.1,0
0.027986,-0.1,0
0.027988,-0.1,0
0.02799,-0.1,0
0.027992,-0.1,0
0.027994,-0.1,0
0.027996,-0.1,0
0.027998,-0.08,0
0.028,-0.08,0
0.028002,-0.08,0
0.028004,-0.08,0
0.028006,-0.08,0
0.028008,-0.1,0
0.02801,-0.08,0
0.028012,-0.08,0
0.028014,-0.08,0
0.028016,-0.08,0
0.028018,-0.08,0
0.02802,-0.08,0
0.028022,-0.08,0
0.028024,-0.08,0
0.028026,-0.08,0
0.028028,-0.08,-0.02
0.02803,-0.06,-0.02
0.028032,-0.06,-0.02
0.028034,-0.06,-0.02
0.028036,-0.06,-0.02
0.028038,-0.06,-0.02
0.02804,-0.06,-0.02
0.028042,-0.06,-0.02
0.028044,-0.06,-0.02
0.028046,-0.06,-0.02
0.028048,-0.06,0
0.02805,-0.06,0
0.028052,-0.08,0
0.028054,-0.08,0
0.028056,-0.08,0
0.028058,-0.08,0
0.02806,-0.08,0
0.028062,-0.08,0
0.028064,-0.08,0
0.028066,-0.06,0
0.028068,-0.06,0
0.02807,-0.06,-0.02
0.028072,-0.06,-0.02
0.028074,-0.06,-0.02
0.028076,-0.06,-0.02
0.028078,-0.06,-0.02
0.02808,-0.06,-0.02
0.028082,-0.06,-0.02
0.028084,-0.06,-0.02
0.028086,-0.06,-0.02
0.028088,-0.06,-0.02
0.02809,-0.06,-0.02
0.028092,-0.06,-0.02
0.028094,-0.06,-0.02
0.028096,-0.06,-0.02
0.028098,-0.06,-0.02
0.0281,-0.06,-0.02
0.028102,-0.04,-0.02
0.028104,-0.04,0
0.028106,-0.04,0
0.028108,-0.04,0
0.02811,-0.04,0
0.028112,-0.04,0
0.028114,-0.04,0
0.028116,-0.04,-0.02
0.028118,-0.04,-0.02
0.02812,-0.04,-0.02
0.028122,-0.04,-0.02
0.028124,-0.04,-0.02
0.028126,-0.04,-0.02
0.028128,-0.02,-0.02
0.02813,-0.02,0
0.028132,-0.02,-0.02
0.028134,-0.02,0
0.028136,-0.04,0
0.028138,-0.02,0
0.02814,-0.04,0
0.028142,-0.04,0
0.028144,-0.04,0
0.028146,-0.04,-0.02
0.028148,-0.04,-0.02
0.02815,-0.04,0
0.028152,-0.04,0
0.028154,-0.04,0
0.028156,-0.02,0
0.028158,-0.02,0
0.02816,-0.02,0
0.028162,-0.02,0
0.028164,-0.02,0
0.028166,-0.04,0
0.028168,-0.02,0
0.02817,-0.02,0
0.028172,-0.02,0
0.028174,-0.02,0
0.028176,-0.02,0
0.028178,-0.02,0
0.02818,-0.02,0
0.028182,-0.02,0
0.028184,-0.02,0
0.028186,-0.02,0
0.028188,-0.02,0
0.02819,-0.02,0
0.028192,-0.02,0
0.028194,-0.02,0
0.028196,-0.02,0
0.028198,-0.02,0
0.0282,-0.02,0
0.028202,0,0
0.028204,-0.02,0
0.028206,-0.02,0
0.028208,0,0
0.02821,0,0
0.028212,0,0
0.028214,0,0
0.028216,0,0
0.028218,0,0
0.02822,0,0
0.028222,0,0
0.028224,0,0
0.028226,0,0
0.028228,0,0
0.02823,0,0.02
0.028232,0,0
0.028234,0,0
0.028236,0,0
0.028238,0,0
0.02824,0,0
0.028242,0,0
0.028244,0,0
0.028246,0,0
0.028248,0,0
0.02825,0,0
0.028252,0,0
0.028254,0,0.02
0.028256,-0.02,0.02
0.028258,0,0.02
0.02826,0,0.02
0.028262,-0.02,0.02
0.028264,-0.02,0
0.028266,-0.02,0
0.028268,-0.02,0.02
0.02827,-0.02,0.02
0.028272,-0.02,0.02
0.028274,-0.02,0.02
0.028276,-0.02,0.02
0.028278,-0.02,0.02
0.02828,-0.02,0.02
0.028282,-0.02,0.02
0.028284,-0.02,0.02
0.028286,-0.02,0.02
0.028288,-0.02,0.02
0.02829,0,0.02
0.028292,0,0.02
0.028294,0,0.02
0.028296,0,0.02
0.028298,0,0.02
0.0283,0,0.02
0.028302,0,0.02
0.028304,0,0.02
0.028306,0,0.02
0.028308,0,0.02
0.02831,0,0.04
0.028312,0,0.04
0.028314,-0.02,0.04
0.028316,-0.02,0.04
0.028318,-0.02,0.04
0.02832,0,0.04
0.028322,0,0.04
0.028324,0,0.04
0.028326,0,0.04
0.028328,0,0.04
0.02833,0,0.04
0.028332,0,0.04
0.028334,0,0.04
0.028336,0,0.04
0.028338,0,0.04
0.02834,0.02,0.04
0.028342,0,0.04
0.028344,0.02,0.06
0.028346,0,0.06
0.028348,0,0.06
0.02835,0,0.04
0.028352,0,0.04
0.028354,0,0.04
0.028356,0.02,0.04
0.028358,0.02,0.04
0.02836,0.02,0.04
0.028362,0.02,0.04
0.028364,0,0.04
0.028366,0.02,0.04
0.028368,0.02,0.06
0.02837,0.02,0.06
0.028372,0.02,0.06
0.028374,0.02,0.06
0.028376,0.02,0.06
0.028378,0.02,0.06
0.02838,0.02,0.06
0.028382,0.02,0.06
0.028384,0.02,0.06
0.028386,0.02,0.06
0.028388,0.02,0.06
0.02839,0.02,0.04
0.028392,0,0.04
0.028394,0,0.06
0.028396,0,0.04
0.028398,0,0.06
0.0284,0,0.06
0.028402,0,0.04
0.028404,0,0.04
0.028406,0,0.06
0.028408,0,0.04
0.02841,0,0.04
0.028412,0,0.04
0.028414,0,0.04
0.028416,0,0.04
0.028418,0,0.04
0.02842,0,0.04
0.028422,0,0.04
0.028424,0,0.06
0.028426,0,0.06
0.028428,0,0.06
0.02843,0,0.06
0.028432,0.02,0.06
0.028434,0.02,0.06
0.028436,0,0.06
0.028438,0,0.06
0.02844,0,0.06
0.028442,0,0.06
0.028444,0,0.06
0.028446,0,0.06
0.028448,0,0.06
0.02845,0,0.06
0.028452,0.02,0.06
0.028454,0.02,0.06
0.028456,0.02,0.06
0.028458,0.02,0.06
0.02846,0.02,0.06
0.028462,0.02,0.06
0.028464,0,0.08
0.028466,0.02,0.08
0.028468,0.02,0.08
0.02847,0.02,0.08
0.028472,0.02,0.08
0.028474,0.02,0.08
0.028476,0.02,0.08
0.028478,0.02,0.08
0.02848,0.02,0.08
0.028482,0.02,0.08
0.028484,0.02,0.08
0.028486,0.02,0.08
0.028488,0.02,0.08
0.02849,0.02,0.08
0.028492,0.02,0.08
0.028494,0.02,0.08
0.028496,0.02,0.08
0.028498,0.02,0.08
0.0285,0.02,0.08
0.028502,0,0.1
0.028504,0.02,0.1
0.028506,0,0.1
0.028508,0,0.1
0.02851,0,0.1
0.028512,0,0.1
0.028514,0,0.1
0.028516,0,0.1
0.028518,0,0.1
0.02852,0,0.1
0.028522,0,0.1
0.028524,0,0.1
0.028526,0,0.1
0.028528,0,0.1
0.02853,0,0.12
0.028532,0,0.1
0.028534,0,0.1
0.028536,0,0.1
0.028538,0,0.1
0.02854,0,0.1
0.028542,0,0.1
0.028544,0,0.1
0.028546,0,0.1
0.028548,0,0.1
0.02855,0,0.1
0.028552,0,0.12
0.028554,0,0.1
0.028556,0,0.1
0.028558,0,0.1
0.02856,0,0.1
0.028562,-0.02,0.12
0.028564,0,0.12
0.028566,-0.02,0.12
0.028568,-0.02,0.12
0.02857,-0.02,0.12
0.028572,0,0.14
0.028574,0,0.14
0.028576,0,0.12
0.028578,0,0.12
0.02858,0,0.14
0.028582,0,0.12
0.028584,0,0.12
0.028586,0,0.12
0.028588,0,0.12
0.02859,0,0.12
0.028592,0,0.14
0.028594,0,0.12
0.028596,0,0.12
0.028598,0,0.12
0.0286,0,0.14
0.028602,0,0.14
0.028604,0,0.12
0.028606,0,0.12
0.028608,0,0.14
0.02861,-0.02,0.14
0.028612,-0.02,0.14
0.028614,-0.02,0.14
0.028616,-0.02,0.14
0.028618,-0.02,0.14
0.02862,-0.02,0.14
0.028622,-0.04,0.14
0.028624,-0.02,0.14
0.028626,-0.02,0.14
0.028628,-0.02,0.16
0.02863,-0.02,0.16
0.028632,-0.02,0.16
0.028634,-0.02,0.16
0.028636,-0.02,0.16
0.028638,-0.02,0.14
0.02864,-0.04,0.16
0.028642,-0.04,0.14
0.028644,-0.04,0.14
0.028646,-0.04,0.14
0.028648,-0.04,0.14
0.02865,-0.04,0.14
0.028652,-0.04,0.14
0.028654,-0.04,0.14
0.028656,-0.04,0.14
0.028658,-0.04,0.16
0.02866,-0.04,0.16
0.028662,-0.04,0.16
0.028664,-0.04,0.16
0.028666,-0.06,0.16
0.028668,-0.06,0.16
0.02867,-0.06,0.16
0.028672,-0.06,0.16
0.028674,-0.06,0.16
0.028676,-0.04,0.16
0.028678,-0.04,0.16
0.02868,-0.04,0.16
0.028682,-0.06,0.16
0.028684,-0.06,0.16
0.028686,-0.06,0.16
0.028688,-0.06,0.18
0.02869,-0.06,0.16
0.028692,-0.08,0.16
0.028694,-0.08,0.16
0.028696,-0.08,0.16
0.028698,-0.08,0.18
0.0287,-0.08,0.16
0.028702,-0.08,0.16
0.028704,-0.08,0.16
0.028706,-0.08,0.16
0.028708,-0.08,0.16
0.02871,-0.08,0.16
0.028712,-0.08,0.16
0.028714,-0.08,0.16
0.028716,-0.08,0.16
0.028718,-0.08,0.16
0.02872,-0.08,0.16
0.028722,-0.08,0.16
0.028724,-0.08,0.16
0.028726,-0.1,0.16
0.028728,-0.1,0.16
0.02873,-0.1,0.16
0.028732,-0.1,0.16
0.028734,-0.1,0.16
0.028736,-0.1,0.16
0.028738,-0.12,0.16
0.02874,-0.12,0.16
0.028742,-0.12,0.16
0.028744,-0.12,0.16
0.028746,-0.12,0.16
0.028748,-0.12,0.16
0.02875,-0.14,0.16
0.028752,-0.14,0.14
0.028754,-0.14,0.16
0.028756,-0.14,0.16
0.028758,-0.14,0.16
0.02876,-0.14,0.16
0.028762,-0.14,0.16
0.028764,-0.16,0.16
0.028766,-0.16,0.16
0.028768,-0.16,0.16
0.02877,-0.16,0.16
0.028772,-0.16,0.16
0.028774,-0.16,0.16
0.028776,-0.16,0.16
0.028778,-0.16,0.16
0.02878,-0.16,0.16
0.028782,-0.14,0.16
0.028784,-0.14,0.16
0.028786,-0.16,0.16
0.028788,-0.16,0.14
0.02879,-0.16,0.14
0.028792,-0.16,0.14
0.028794,-0.16,0.14
0.028796,-0.16,0.14
0.028798,-0.16,0.14
0.0288,-0.16,0.14
0.028802,-0.16,0.14
0.028804,-0.18,0.14
0.028806,-0.18,0.14
0.028808,-0.18,0.14
0.02881,-0.16,0.14
0.028812,-0.16,0.14
0.028814,-0.18,0.14
0.028816,-0.18,0.14
0.028818,-0.18,0.14
0.02882,-0.18,0.14
0.028822,-0.18,0.14
0.028824,-0.2,0.14
0.028826,-0.18,0.14
0.028828,-0.18,0.14
0.02883,-0.18,0.14
0.028832,-0.2,0.14
0.028834,-0.2,0.12
0.028836,-0.2,0.12
0.028838,-0.2,0.12
0.02884,-0.22,0.12
0.028842,-0.22,0.12
0.028844,-0.22,0.12
0.028846,-0.22,0.1
0.028848,-0.22,0.1
0.02885,-0.22,0.1
0.028852,-0.22,0.1
0.028854,-0.22,0.1
0.028856,-0.22,0.1
0.028858,-0.22,0.1
0.02886,-0.22,0.08
0.028862,-0.22,0.1
0.028864,-0.22,0.08
0.028866,-0.22,0.08
0.028868,-0.22,0.08
0.02887,-0.24,0.08
0.028872,-0.24,0.08
0.028874,-0.26,0.08
0.028876,-0.26,0.08
0.028878,-0.26,0.08
0.02888,-0.26,0.08
0.028882,-0.26,0.06
0.028884,-0.26,0.06
0.028886,-0.26,0.06
0.028888,-0.26,0.06
0.02889,-0.26,0.06
0.028892,-0.26,0.06
0.028894,-0.26,0.06
0.028896,-0.26,0.04
0.028898,-0.26,0.04
0.0289,-0.26,0.04
0.028902,-0.26,0.04
0.028904,-0.26,0.04
0.028906,-0.26,0.04
0.028908,-0.26,0.04
0.02891,-0.26,0.04
0.028912,-0.26,0.04
0.028914,-0.26,0.04
0.028916,-0.26,0.04
0.028918,-0.26,0.02
0.02892,-0.26,0.02
0.028922,-0.26,0.02
0.028924,-0.26,0.02
0.028926,-0.28,0
0.028928,-0.28,0
0.02893,-0.28,0
0.028932,-0.26,0
0.028934,-0.26,0
0.028936,-0.26,0
0.028938,-0.26,0
0.02894,-0.26,0
0.028942,-0.26,0
0.028944,-0.26,0
0.028946,-0.26,-0.02
0.028948,-0.26,-0.02
0.02895,-0.26,-0.02
0.028952,-0.28,-0.04
0.028954,-0.28,-0.04
0.028956,-0.26,-0.04
0.028958,-0.26,-0.04
0.02896,-0.26,-0.04
0.028962,-0.26,-0.04
0.028964,-0.26,-0.06
0.028966,-0.26,-0.06
0.028968,-0.26,-0.06
0.02897,-0.28,-0.06
0.028972,-0.28,-0.08
0.028974,-0.26,-0.08
0.028976,-0.26,-0.08
0.028978,-0.26,-0.08
0.02898,-0.26,-0.08
0.028982,-0.26,-0.08
0.028984,-0.26,-0.08
0.028986,-0.26,-0.08
0.028988,-0.26,-0.08
0.02899,-0.26,-0.08
0.028992,-0.26,-0.08
0.028994,-0.26,-0.1
0.028996,-0.26,-0.1
0.028998,-0.26,-0.12
0.029,-0.26,-0.12
0.029002,-0.26,-0.12
0.029004,-0.24,-0.12
0.029006,-0.24,-0.12
0.029008,-0.24,-0.12
0.02901,-0.24,-0.12
0.029012,-0.24,-0.12
0.029014,-0.24,-0.12
0.029016,-0.24,-0.14
0.029018,-0.24,-0.14
0.02902,-0.24,-0.14
0.029022,-0.24,-0.14
0.029024,-0.24,-0.14
0.029026,-0.24,-0.14
0.029028,-0.24,-0.14
0.02903,-0.24,-0.14
0.029032,-0.24,-0.14
0.029034,-0.24,-0.14
0.029036,-0.22,-0.14
0.029038,-0.22,-0.16
0.02904,-0.2,-0.16
0.029042,-0.2,-0.16
0.029044,-0.2,-0.16
0.029046,-0.2,-0.16
0.029048,-0.2,-0.16
0.02905,-0.18,-0.16
0.029052,-0.2,-0.18
0.029054,-0.18,-0.18
0.029056,-0.18,-0.18
0.029058,-0.18,-0.2
0.02906,-0.18,-0.2
0.029062,-0.18,-0.2
0.029064,-0.18,-0.2
0.029066,-0.18,-0.2
0.029068,-0.18,-0.2
0.02907,-0.18,-0.2
0.029072,-0.18,-0.2
0.029074,-0.16,-0.2
0.029076,-0.16,-0.2
0.029078,-0.16,-0.22
0.02908,-0.16,-0.22
0.029082,-0.14,-0.22
0.029084,-0.14,-0.22
0.029086,-0.14,-0.22
0.029088,-0.14,-0.22
0.02909,-0.14,-0.22
0.029092,-0.14,-0.22
0.029094,-0.12,-0.22
0.029096,-0.12,-0.22
0.029098,-0.12,-0.22
0.0291,-0.12,-0.24
0.029102,-0.12,-0.24
0.029104,-0.12,-0.24
0.029106,-0.12,-0.24
0.029108,-0.1,-0.24
0.02911,-0.1,-0.24
0.029112,-0.08,-0.24
0.029114,-0.08,-0.24
0.029116,-0.08,-0.24
0.029118,-0.08,-0.24
0.02912,-0.06,-0.24
0.029122,-0.06,-0.24
0.029124,-0.06,-0.24
0.029126,-0.06,-0.24
0.029128,-0.06,-0.24
0.02913,-0.04,-0.24
0.029132,-0.04,-0.24
0.029134,-0.04,-0.24
0.029136,-0.04,-0.24
0.029138,-0.04,-0.24
0.02914,-0.02,-0.26
0.029142,-0.02,-0.26
0.029144,-0.02,-0.26
0.029146,-0.02,-0.26
0.029148,-0.02,-0.26
0.02915,-0.02,-0.26
0.029152,0,-0.26
0.029154,0,-0.26
0.029156,0.02,-0.26
0.029158,0.02,-0.26
0.02916,0.02,-0.26
0.029162,0.02,-0.24
0.029164,0.02,-0.24
0.029166,0.04,-0.24
0.029168,0.04,-0.24
0.02917,0.04,-0.24
0.029172,0.04,-0.24
0.029174,0.06,-0.24
0.029176,0.06,-0.24
0.029178,0.08,-0.26
0.02918,0.08,-0.26
0.029182,0.08,-0.24
0.029184,0.1,-0.24
0.029186,0.1,-0.24
0.029188,0.1,-0.24
0.02919,0.12,-0.24
0.029192,0.12,-0.24
0.029194,0.12,-0.24
0.029196,0.12,-0.24
0.029198,0.12,-0.24
0.0292,0.14,-0.24
0.029202,0.14,-0.24
0.029204,0.14,-0.24
0.029206,0.14,-0.22
0.029208,0.14,-0.22
0.02921,0.16,-0.22
0.029212,0.16,-0.22
0.029214,0.16,-0.2
0.029216,0.16,-0.2
0.029218,0.16,-0.2
0.02922,0.18,-0.2
0.029222,0.18,-0.2
0.029224,0.18,-0.2
0.029226,0.18,-0.18
0.029228,0.18,-0.18
0.02923,0.18,-0.18
0.029232,0.2,-0.18
0.029234,0.2,-0.18
0.029236,0.2,-0.18
0.029238,0.2,-0.18
0.02924,0.22,-0.18
0.029242,0.22,-0.18
0.029244,0.22,-0.18
0.029246,0.22,-0.16
0.029248,0.22,-0.16
0.02925,0.24,-0.16
0.029252,0.24,-0.16
0.029254,0.24,-0.16
0.029256,0.24,-0.16
0.029258,0.24,-0.14
0.02926,0.26,-0.14
0.029262,0.26,-0.14
0.029264,0.26,-0.14
0.029266,0.26,-0.14
0.029268,0.26,-0.12
0.02927,0.28,-0.12
0.029272,0.28,-0.12
0.029274,0.28,-0.12
0.029276,0.28,-0.12
0.029278,0.28,-0.1
0.02928,0.28,-0.1
0.029282,0.28,-0.1
0.029284,0.28,-0.1
0.029286,0.3,-0.08
0.029288,0.3,-0.08
0.02929,0.3,-0.08
0.029292,0.3,-0.06
0.029294,0.3,-0.06
0.029296,0.3,-0.06
0.029298,0.3,-0.06
0.0293,0.32,-0.04
0.029302,0.32,-0.04
0.029304,0.32,-0.04
0.029306,0.32,-0.04
0.029308,0.32,-0.02
0.02931,0.32,-0.02
0.029312,0.34,-0.02
0.029314,0.34,-0.02
0.029316,0.34,0
0.029318,0.34,0
0.02932,0.34,0
0.029322,0.34,0.02
0.029324,0.34,0.02
0.029326,0.34,0.02
0.029328,0.34,0.02
0.02933,0.34,0.04
0.029332,0.34,0.04
0.029334,0.34,0.04
0.029336,0.34,0.06
0.029338,0.36,0.06
0.02934,0.34,0.06
0.029342,0.36,0.06
0.029344,0.36,0.08
0.029346,0.36,0.08
0.029348,0.36,0.08
0.02935,0.36,0.08
0.029352,0.36,0.08
0.029354,0.36,0.1
0.029356,0.36,0.12
0.029358,0.36,0.12
0.02936,0.36,0.12
0.029362,0.36,0.14
0.029364,0.36,0.14
0.029366,0.36,0.14
0.029368,0.36,0.16
0.02937,0.36,0.16
0.029372,0.36,0.16
0.029374,0.36,0.16
0.029376,0.36,0.18
0.029378,0.36,0.18
0.02938,0.36,0.18
0.029382,0.36,0.2
0.029384,0.36,0.2
0.029386,0.36,0.2
0.029388,0.36,0.2
0.02939,0.36,0.22
0.029392,0.34,0.22
0.029394,0.34,0.22
0.029396,0.34,0.24
0.029398,0.34,0.24
0.0294,0.34,0.24
0.029402,0.34,0.24
0.029404,0.32,0.26
0.029406,0.32,0.26
0.029408,0.32,0.26
0.02941,0.32,0.26
0.029412,0.32,0.28
0.029414,0.32,0.28
0.029416,0.32,0.28
0.029418,0.32,0.3
0.02942,0.32,0.3
0.029422,0.3,0.3
0.029424,0.3,0.3
0.029426,0.3,0.32
0.029428,0.3,0.32
0.02943,0.3,0.34
0.029432,0.3,0.34
0.029434,0.28,0.34
0.029436,0.28,0.34
0.029438,0.28,0.34
0.02944,0.28,0.36
0.029442,0.28,0.36
0.029444,0.26,0.36
0.029446,0.26,0.36
0.029448,0.26,0.36
0.02945,0.26,0.38
0.029452,0.24,0.38
0.029454,0.24,0.38
0.029456,0.24,0.38
0.029458,0.22,0.4
0.02946,0.22,0.4
0.029462,0.22,0.4
0.029464,0.22,0.4
0.029466,0.22,0.42
0.029468,0.22,0.42
0.02947,0.2,0.42
0.029472,0.2,0.42
0.029474,0.2,0.42
0.029476,0.2,0.42
0.029478,0.2,0.44
0.02948,0.18,0.44
0.029482,0.18,0.44
0.029484,0.18,0.44
0.029486,0.16,0.44
0.029488,0.16,0.46
0.02949,0.14,0.46
0.029492,0.14,0.46
0.029494,0.14,0.46
0.029496,0.12,0.46
0.029498,0.12,0.46
0.0295,0.1,0.46
0.029502,0.1,0.48
0.029504,0.1,0.48
0.029506,0.1,0.48
0.029508,0.1,0.5
0.02951,0.08,0.5
0.029512,0.08,0.5
0.029514,0.08,0.5
0.029516,0.06,0.5
0.029518,0.06,0.5
0.02952,0.06,0.5
0.029522,0.06,0.5
0.029524,0.04,0.5
0.029526,0.04,0.5
0.029528,0.02,0.5
0.02953,0.02,0.5
0.029532,0.02,0.52
0.029534,0.02,0.52
0.029536,0,0.52
0.029538,0,0.52
0.02954,-0.02,0.52
0.029542,-0.02,0.52
0.029544,-0.04,0.52
0.029546,-0.04,0.52
0.029548,-0.06,0.5
0.02955,-0.06,0.5
0.029552,-0.08,0.5
0.029554,-0.08,0.5
0.029556,-0.08,0.5
0.029558,-0.1,0.5
0.02956,-0.1,0.5
0.029562,-0.12,0.5
0.029564,-0.12,0.5
0.029566,-0.12,0.5
0.029568,-0.14,0.52
0.02957,-0.14,0.52
0.029572,-0.14,0.52
0.029574,-0.16,0.52
0.029576,-0.16,0.52
0.029578,-0.18,0.52
0.02958,-0.18,0.52
0.029582,-0.18,0.52
0.029584,-0.2,0.52
0.029586,-0.2,0.52
0.029588,-0.2,0.52
0.02959,-0.2,0.5
0.029592,-0.22,0.5
0.029594,-0.22,0.5
0.029596,-0.24,0.5
0.029598,-0.24,0.5
0.0296,-0.24,0.5
0.029602,-0.26,0.5
0.029604,-0.28,0.5
0.029606,-0.28,0.5
0.029608,-0.28,0.48
0.02961,-0.3,0.48
0.029612,-0.3,0.48
0.029614,-0.3,0.48
0.029616,-0.32,0.48
0.029618,-0.32,0.46
0.02962,-0.34,0.46
0.029622,-0.34,0.46
0.029624,-0.36,0.46
0.029626,-0.36,0.44
0.029628,-0.36,0.44
0.02963,-0.36,0.44
0.029632,-0.38,0.44
0.029634,-0.38,0.42
0.029636,-0.38,0.42
0.029638,-0.38,0.42
0.02964,-0.4,0.42
0.029642,-0.4,0.4
0.029644,-0.4,0.4
0.029646,-0.42,0.4
0.029648,-0.42,0.4
0.02965,-0.44,0.38
0.029652,-0.44,0.38
0.029654,-0.46,0.38
0.029656,-0.46,0.38
0.029658,-0.46,0.38
0.02966,-0.48,0.36
0.029662,-0.48,0.36
0.029664,-0.48,0.36
0.029666,-0.5,0.34
0.029668,-0.5,0.34
0.02967,-0.5,0.34
0.029672,-0.5,0.34
0.029674,-0.5,0.34
0.029676,-0.5,0.34
0.029678,-0.5,0.34
0.02968,-0.52,0.32
0.029682,-0.52,0.32
0.029684,-0.52,0.3
0.029686,-0.52,0.3
0.029688,-0.54,0.28
0.02969,-0.54,0.28
0.029692,-0.56,0.28
0.029694,-0.56,0.26
0.029696,-0.56,0.26
0.029698,-0.56,0.26
0.0297,-0.56,0.24
0.029702,-0.58,0.24
0.029704,-0.58,0.22
0.029706,-0.58,0.22
0.029708,-0.6,0.22
0.02971,-0.6,0.2
0.029712,-0.6,0.2
0.029714,-0.6,0.2
0.029716,-0.6,0.2
0.029718,-0.6,0.18
0.02972,-0.6,0.18
0.029722,-0.62,0.16
0.029724,-0.62,0.16
0.029726,-0.62,0.14
0.029728,-0.62,0.14
0.02973,-0.62,0.12
0.029732,-0.62,0.12
0.029734,-0.62,0.12
0.029736,-0.62,0.1
0.029738,-0.62,0.1
0.02974,-0.62,0.08
0.029742,-0.62,0.08
0.029744,-0.62,0.08
0.029746,-0.64,0.06
0.029748,-0.64,0.06
0.02975,-0.62,0.04
0.029752,-0.62,0.04
0.029754,-0.62,0.04
0.029756,-0.64,0.02
0.029758,-0.64,0.02
0.02976,-0.64,0
0.029762,-0.64,0
0.029764,-0.62,-0.02
0.029766,-0.62,-0.04
0.029768,-0.62,-0.04
0.02977,-0.62,-0.04
0.029772,-0.62,-0.06
0.029774,-0.62,-0.08
0.029776,-0.62,-0.08
0.029778,-0.62,-0.08
0.02978,-0.62,-0.1
0.029782,-0.62,-0.1
0.029784,-0.62,-0.1
0.029786,-0.62,-0.1
0.029788,-0.62,-0.12
0.02979,-0.62,-0.12
0.029792,-0.62,-0.14
0.029794,-0.62,-0.14
0.029796,-0.6,-0.14
0.029798,-0.6,-0.16
0.0298,-0.6,-0.16
0.029802,-0.6,-0.18
0.029804,-0.6,-0.18
0.029806,-0.6,-0.2
0.029808,-0.6,-0.2
0.02981,-0.6,-0.22
0.029812,-0.6,-0.22
0.029814,-0.58,-0.24
0.029816,-0.58,-0.24
0.029818,-0.58,-0.26
0.02982,-0.58,-0.26
0.029822,-0.58,-0.26
0.029824,-0.56,-0.28
0.029826,-0.56,-0.28
0.029828,-0.56,-0.28
0.02983,-0.56,-0.28
0.029832,-0.56,-0.3
0.029834,-0.56,-0.3
0.029836,-0.56,-0.3
0.029838,-0.56,-0.3
0.02984,-0.56,-0.32
0.029842,-0.54,-0.34
0.029844,-0.52,-0.34
0.029846,-0.52,-0.34
0.029848,-0.5,-0.36
0.02985,-0.5,-0.36
0.029852,-0.5,-0.36
0.029854,-0.48,-0.38
0.029856,-0.48,-0.38
0.029858,-0.48,-0.4
0.02986,-0.48,-0.4
0.029862,-0.48,-0.4
0.029864,-0.46,-0.4
0.029866,-0.46,-0.4
0.029868,-0.44,-0.42
0.02987,-0.44,-0.4
0.029872,-0.44,-0.42
0.029874,-0.42,-0.42
0.029876,-0.42,-0.44
0.029878,-0.4,-0.44
0.02988,-0.4,-0.44
0.029882,-0.38,-0.44
0.029884,-0.38,-0.44
0.029886,-0.36,-0.46
0.029888,-0.36,-0.44
0.02989,-0.36,-0.46
0.029892,-0.34,-0.46
0.029894,-0.34,-0.48
0.029896,-0.34,-0.48
0.029898,-0.32,-0.48
0.0299,-0.32,-0.48
0.029902,-0.32,-0.48
0.029904,-0.3,-0.5
0.029906,-0.3,-0.5
0.029908,-0.28,-0.52
0.02991,-0.28,-0.5
0.029912,-0.28,-0.52
0.029914,-0.26,-0.52
0.029916,-0.26,-0.52
0.029918,-0.26,-0.52
0.02992,-0.24,-0.52
0.029922,-0.24,-0.52
0.029924,-0.22,-0.54
0.029926,-0.22,-0.54
0.029928,-0.2,-0.54
0.02993,-0.2,-0.54
0.029932,-0.2,-0.56
0.029934,-0.18,-0.54
0.029936,-0.18,-0.54
0.029938,-0.16,-0.54
0.02994,-0.14,-0.54
0.029942,-0.14,-0.54
0.029944,-0.12,-0.54
0.029946,-0.12,-0.56
0.029948,-0.1,-0.56
0.02995,-0.1,-0.56
0.029952,-0.08,-0.56
0.029954,-0.08,-0.56
0.029956,-0.06,-0.56
0.029958,-0.06,-0.56
0.02996,-0.04,-0.56
0.029962,-0.04,-0.56
0.029964,-0.02,-0.56
0.029966,-0.02,-0.56
0.029968,-0.02,-0.56
0.02997,0,-0.56
0.029972,0,-0.56
0.029974,0.02,-0.54
0.029976,0.02,-0.54
0.029978,0.04,-0.54
0.02998,0.04,-0.54
0.029982,0.06,-0.54
0.029984,0.08,-0.54
0.029986,0.08,-0.54
0.029988,0.08,-0.54
0.02999,0.08,-0.54
0.029992,0.1,-0.54
0.029994,0.12,-0.54
0.029996,0.12,-0.52
0.029998,0.14,-0.52
0.03,0.14,-0.52
0.030002,0.16,-0.52
0.030004,0.16,-0.52
0.030006,0.16,-0.52
0.030008,0.18,-0.52
0.03001,0.2,-0.5
0.030012,0.2,-0.5
0.030014,0.2,-0.5
0.030016,0.22,-0.5
0.030018,0.22,-0.5
0.03002,0.24,-0.48
0.030022,0.26,-0.48
0.030024,0.26,-0.48
0.030026,0.26,-0.48
0.030028,0.28,-0.46
0.03003,0.28,-0.46
0.030032,0.28,-0.46
0.030034,0.3,-0.46
0.030036,0.3,-0.44
0.030038,0.32,-0.44
0.03004,0.32,-0.42
0.030042,0.32,-0.42
0.030044,0.34,-0.42
0.030046,0.34,-0.42
0.030048,0.34,-0.4
0.03005,0.34,-0.4
0.030052,0.36,-0.4
0.030054,0.38,-0.4
0.030056,0.38,-0.38
0.030058,0.4,-0.38
0.03006,0.4,-0.38
0.030062,0.4,-0.36
0.030064,0.42,-0.36
0.030066,0.42,-0.34
0.030068,0.42,-0.34
0.03007,0.42,-0.34
0.030072,0.42,-0.34
0.030074,0.44,-0.32
0.030076,0.44,-0.32
0.030078,0.46,-0.32
0.03008,0.46,-0.3
0.030082,0.46,-0.3
0.030084,0.46,-0.28
0.030086,0.48,-0.28
0.030088,0.48,-0.28
0.03009,0.48,-0.26
0.030092,0.5,-0.26
0.030094,0.5,-0.24
0.030096,0.5,-0.24
0.030098,0.5,-0.24
0.0301,0.52,-0.22
0.030102,0.52,-0.22
0.030104,0.52,-0.2
0.030106,0.52,-0.2
0.030108,0.52,-0.18
0.03011,0.54,-0.18
0.030112,0.54,-0.16
0.030114,0.56,-0.16
0.030116,0.56,-0.16
0.030118,0.56,-0.14
0.03012,0.56,-0.14
0.030122,0.56,-0.14
0.030124,0.56,-0.12
0.030126,0.56,-0.1
0.030128,0.56,-0.1
0.03013,0.56,-0.08
0.030132,0.58,-0.08
0.030134,0.58,-0.06
0.030136,0.58,-0.06
0.030138,0.58,-0.04
0.03014,0.58,-0.04
0.030142,0.58,-0.02
0.030144,0.6,-0.02
0.030146,0.6,-0.02
0.030148,0.6,0
0.03015,0.58,0
0.030152,0.58,0
0.030154,0.6,0.02
0.030156,0.6,0.02
0.030158,0.6,0.04
0.03016,0.6,0.06
0.030162,0.58,0.06
0.030164,0.6,0.08
0.030166,0.58,0.08
0.030168,0.58,0.08
0.03017,0.6,0.1
0.030172,0.6,0.1
0.030174,0.6,0.12
0.030176,0.6,0.12
0.030178,0.6,0.14
0.03018,0.58,0.14
0.030182,0.58,0.16
0.030184,0.58,0.18
0.030186,0.58,0.18
0.030188,0.58,0.2
0.03019,0.58,0.2
0.030192,0.58,0.2
0.030194,0.58,0.22
0.030196,0.58,0.22
0.030198,0.56,0.24
0.0302,0.56,0.24
0.030202,0.56,0.26
0.030204,0.56,0.26
0.030206,0.56,0.26
0.030208,0.54,0.28
0.03021,0.54,0.28
0.030212,0.52,0.28
0.030214,0.52,0.3
0.030216,0.52,0.3
0.030218,0.52,0.3
0.03022,0.52,0.32
0.030222,0.52,0.32
0.030224,0.52,0.34
0.030226,0.52,0.34
0.030228,0.5,0.36
0.03023,0.5,0.36
0.030232,0.5,0.36
0.030234,0.5,0.38
0.030236,0.48,0.38
0.030238,0.48,0.4
0.03024,0.48,0.4
0.030242,0.46,0.4
0.030244,0.46,0.4
0.030246,0.46,0.42
0.030248,0.46,0.42
0.03025,0.44,0.44
0.030252,0.44,0.44
0.030254,0.44,0.46
0.030256,0.44,0.46
0.030258,0.44,0.48
0.03026,0.42,0.48
0.030262,0.42,0.48
0.030264,0.42,0.48
0.030266,0.4,0.5
0.030268,0.4,0.5
0.03027,0.38,0.5
0.030272,0.38,0.5
0.030274,0.36,0.5
0.030276,0.36,0.52
0.030278,0.34,0.52
0.03028,0.34,0.52
0.030282,0.34,0.54
0.030284,0.32,0.54
0.030286,0.32,0.54
0.030288,0.32,0.54
0.03029,0.3,0.54
0.030292,0.3,0.56
0.030294,0.3,0.56
0.030296,0.28,0.56
0.030298,0.28,0.56
0.0303,0.26,0.56
0.030302,0.26,0.58
0.030304,0.24,0.58
0.030306,0.24,0.58
0.030308,0.24,0.6
0.03031,0.24,0.6
0.030312,0.24,0.6
0.030314,0.22,0.6
0.030316,0.22,0.62
0.030318,0.2,0.62
0.03032,0.18,0.62
0.030322,0.18,0.62
0.030324,0.16,0.62
0.030326,0.16,0.62
0.030328,0.14,0.62
0.03033,0.14,0.62
0.030332,0.12,0.62
0.030334,0.12,0.62
0.030336,0.1,0.64
0.030338,0.1,0.64
0.03034,0.08,0.64
0.030342,0.08,0.64
0.030344,0.06,0.64
0.030346,0.04,0.66
0.030348,0.04,0.66
0.03035,0.04,0.64
0.030352,0.02,0.66
0.030354,0,0.66
0.030356,0,0.64
0.030358,-0.02,0.64
0.03036,-0.02,0.64
0.030362,-0.04,0.64
0.030364,-0.04,0.64
0.030366,-0.04,0.64
0.030368,-0.06,0.64
0.03037,-0.06,0.64
0.030372,-0.08,0.64
0.030374,-0.08,0.64
0.030376,-0.1,0.64
0.030378,-0.1,0.64
0.03038,-0.1,0.64
0.030382,-0.12,0.62
0.030384,-0.12,0.64
0.030386,-0.14,0.64
0.030388,-0.14,0.64
0.03039,-0.16,0.62
0.030392,-0.16,0.62
0.030394,-0.18,0.62
0.030396,-0.18,0.62
0.030398,-0.2,0.62
0.0304,-0.2,0.62
0.030402,-0.22,0.6
0.030404,-0.22,0.6
0.030406,-0.24,0.6
0.030408,-0.24,0.6
0.03041,-0.26,0.6
0.030412,-0.26,0.6
0.030414,-0.26,0.6
0.030416,-0.28,0.58
0.030418,-0.28,0.58
0.03042,-0.28,0.58
0.030422,-0.3,0.56
0.030424,-0.3,0.56
0.030426,-0.32,0.56
0.030428,-0.32,0.56
0.03043,-0.34,0.56
0.030432,-0.34,0.54
0.030434,-0.36,0.54
0.030436,-0.36,0.52
0.030438,-0.36,0.52
0.03044,-0.38,0.52
0.030442,-0.38,0.52
0.030444,-0.4,0.52
0.030446,-0.4,0.52
0.030448,-0.4,0.5
0.03045,-0.42,0.5
0.030452,-0.42,0.5
0.030454,-0.42,0.5
0.030456,-0.44,0.5
0.030458,-0.44,0.48
0.03046,-0.46,0.48
0.030462,-0.46,0.46
0.030464,-0.46,0.46
0.030466,-0.46,0.44
0.030468,-0.48,0.44
0.03047,-0.46,0.44
0.030472,-0.48,0.42
0.030474,-0.48,0.42
0.030476,-0.48,0.42
0.030478,-0.48,0.42
0.03048,-0.5,0.4
0.030482,-0.5,0.4
0.030484,-0.52,0.4
0.030486,-0.54,0.38
0.030488,-0.54,0.38
0.03049,-0.54,0.38
0.030492,-0.56,0.36
0.030494,-0.56,0.36
0.030496,-0.56,0.34
0.030498,-0.58,0.34
0.0305,-0.58,0.32
0.030502,-0.58,0.3
0.030504,-0.58,0.3
0.030506,-0.58,0.3
0.030508,-0.58,0.28
0.03051,-0.58,0.28
0.030512,-0.6,0.26
0.030514,-0.6,0.26
0.030516,-0.6,0.26
0.030518,-0.6,0.24
0.03052,-0.6,0.24
0.030522,-0.6,0.24
0.030524,-0.6,0.24
0.030526,-0.62,0.24
0.030528,-0.62,0.22
0.03053,-0.62,0.22
0.030532,-0.62,0.2
0.030534,-0.62,0.2
0.030536,-0.62,0.18
0.030538,-0.62,0.18
0.03054,-0.62,0.16
0.030542,-0.62,0.16
0.030544,-0.64,0.14
0.030546,-0.64,0.12
0.030548,-0.64,0.12
0.03055,-0.64,0.1
0.030552,-0.64,0.1
0.030554,-0.64,0.1
0.030556,-0.62,0.1
0.030558,-0.62,0.08
0.03056,-0.64,0.08
0.030562,-0.64,0.06
0.030564,-0.64,0.06
0.030566,-0.64,0.04
0.030568,-0.64,0.04
0.03057,-0.66,0.04
0.030572,-0.64,0.04
0.030574,-0.66,0.02
0.030576,-0.64,0.02
0.030578,-0.64,0
0.03058,-0.64,0
0.030582,-0.64,-0.02
0.030584,-0.64,-0.02
0.030586,-0.62,-0.04
0.030588,-0.64,-0.04
0.03059,-0.64,-0.04
0.030592,-0.62,-0.06
0.030594,-0.62,-0.06
0.030596,-0.64,-0.06
0.030598,-0.64,-0.08
0.0306,-0.64,-0.08
0.030602,-0.64,-0.1
0.030604,-0.62,-0.12
0.030606,-0.62,-0.12
0.030608,-0.62,-0.14
0.03061,-0.6,-0.14
0.030612,-0.6,-0.14
0.030614,-0.6,-0.14
0.030616,-0.6,-0.16
0.030618,-0.6,-0.16
0.03062,-0.6,-0.18
0.030622,-0.58,-0.18
0.030624,-0.58,-0.18
0.030626,-0.58,-0.18
0.030628,-0.58,-0.2
0.03063,-0.56,-0.2
0.030632,-0.56,-0.2
0.030634,-0.56,-0.22
0.030636,-0.54,-0.22
0.030638,-0.54,-0.24
0.03064,-0.54,-0.24
0.030642,-0.54,-0.24
0.030644,-0.54,-0.26
0.030646,-0.54,-0.26
0.030648,-0.52,-0.26
0.03065,-0.52,-0.26
0.030652,-0.5,-0.26
0.030654,-0.5,-0.28
0.030656,-0.5,-0.28
0.030658,-0.5,-0.28
0.03066,-0.48,-0.3
0.030662,-0.48,-0.32
0.030664,-0.48,-0.32
0.030666,-0.48,-0.32
0.030668,-0.46,-0.32
0.03067,-0.46,-0.32
0.030672,-0.46,-0.34
0.030674,-0.46,-0.34
0.030676,-0.44,-0.34
0.030678,-0.42,-0.36
0.03068,-0.42,-0.34
0.030682,-0.42,-0.36
0.030684,-0.42,-0.36
0.030686,-0.42,-0.36
0.030688,-0.4,-0.38
0.03069,-0.4,-0.38
0.030692,-0.38,-0.38
0.030694,-0.38,-0.4
0.030696,-0.38,-0.4
0.030698,-0.36,-0.4
0.0307,-0.36,-0.42
0.030702,-0.36,-0.42
0.030704,-0.36,-0.42
0.030706,-0.34,-0.42
0.030708,-0.34,-0.42
0.03071,-0.34,-0.42
0.030712,-0.32,-0.42
0.030714,-0.32,-0.42
0.030716,-0.3,-0.42
0.030718,-0.3,-0.42
0.03072,-0.3,-0.44
0.030722,-0.28,-0.44
0.030724,-0.28,-0.44
0.030726,-0.26,-0.44
0.030728,-0.26,-0.46
0.03073,-0.24,-0.44
0.030732,-0.24,-0.44
0.030734,-0.24,-0.44
0.030736,-0.22,-0.44
0.030738,-0.22,-0.46
0.03074,-0.22,-0.46
0.030742,-0.22,-0.46
0.030744,-0.2,-0.46
0.030746,-0.2,-0.46
0.030748,-0.18,-0.46
0.03075,-0.18,-0.46
0.030752,-0.18,-0.46
0.030754,-0.16,-0.46
0.030756,-0.16,-0.46
0.030758,-0.16,-0.46
0.03076,-0.14,-0.44
0.030762,-0.12,-0.44
0.030764,-0.12,-0.44
0.030766,-0.1,-0.44
0.030768,-0.1,-0.44
0.03077,-0.08,-0.44
0.030772,-0.08,-0.44
0.030774,-0.08,-0.44
0.030776,-0.06,-0.44
0.030778,-0.06,-0.44
0.03078,-0.04,-0.44
0.030782,-0.04,-0.44
0.030784,-0.04,-0.44
0.030786,-0.02,-0.44
0.030788,-0.02,-0.44
0.03079,-0.02,-0.44
0.030792,0,-0.44
0.030794,0,-0.44
0.030796,0.02,-0.44
0.030798,0.02,-0.42
0.0308,0.02,-0.42
0.030802,0.02,-0.42
0.030804,0.04,-0.42
0.030806,0.04,-0.42
0.030808,0.06,-0.42
0.03081,0.06,-0.42
0.030812,0.06,-0.4
0.030814,0.08,-0.4
0.030816,0.08,-0.4
0.030818,0.1,-0.4
0.03082,0.1,-0.4
0.030822,0.1,-0.4
0.030824,0.1,-0.38
0.030826,0.1,-0.38
0.030828,0.12,-0.38
0.03083,0.12,-0.38
0.030832,0.14,-0.38
0.030834,0.14,-0.38
0.030836,0.14,-0.38
0.030838,0.14,-0.36
0.03084,0.14,-0.36
0.030842,0.16,-0.36
0.030844,0.16,-0.36
0.030846,0.18,-0.36
0.030848,0.18,-0.36
0.03085,0.2,-0.36
0.030852,0.2,-0.34
0.030854,0.22,-0.34
0.030856,0.22,-0.34
0.030858,0.22,-0.34
0.03086,0.22,-0.32
0.030862,0.22,-0.32
0.030864,0.24,-0.32
0.030866,0.24,-0.32
0.030868,0.24,-0.3
0.03087,0.26,-0.3
0.030872,0.26,-0.3
0.030874,0.26,-0.28
0.030876,0.26,-0.28
0.030878,0.26,-0.28
0.03088,0.28,-0.26
0.030882,0.28,-0.26
0.030884,0.28,-0.26
0.030886,0.28,-0.26
0.030888,0.3,-0.24
0.03089,0.3,-0.24
0.030892,0.3,-0.24
0.030894,0.3,-0.24
0.030896,0.32,-0.24
0.030898,0.32,-0.22
0.0309,0.32,-0.22
0.030902,0.32,-0.22
0.030904,0.32,-0.2
0.030906,0.32,-0.2
0.030908,0.34,-0.2
0.03091,0.34,-0.2
0.030912,0.34,-0.18
0.030914,0.34,-0.18
0.030916,0.36,-0.18
0.030918,0.36,-0.16
0.03092,0.36,-0.16
0.030922,0.36,-0.14
0.030924,0.36,-0.14
0.030926,0.34,-0.12
0.030928,0.36,-0.12
0.03093,0.34,-0.12
0.030932,0.34,-0.1
0.030934,0.36,-0.1
0.030936,0.36,-0.1
0.030938,0.36,-0.08
0.03094,0.36,-0.08
0.030942,0.36,-0.08
0.030944,0.36,-0.08
0.030946,0.36,-0.08
0.030948,0.36,-0.08
0.03095,0.38,-0.08
0.030952,0.36,-0.06
0.030954,0.36,-0.06
0.030956,0.38,-0.06
0.030958,0.38,-0.04
0.03096,0.38,-0.04
0.030962,0.38,-0.02
0.030964,0.38,-0.02
0.030966,0.38,0
0.030968,0.38,0
0.03097,0.38,0
0.030972,0.38,0.02
0.030974,0.38,0.02
0.030976,0.38,0.02
0.030978,0.38,0.02
0.03098,0.38,0.04
0.030982,0.38,0.04
0.030984,0.38,0.04
0.030986,0.38,0.06
0.030988,0.38,0.06
0.03099,0.38,0.08
0.030992,0.36,0.08
0.030994,0.36,0.08
0.030996,0.36,0.1
0.030998,0.36,0.1
0.031,0.36,0.1
0.031002,0.36,0.1
0.031004,0.36,0.1
0.031006,0.36,0.12
0.031008,0.36,0.12
0.03101,0.36,0.14
0.031012,0.36,0.14
0.031014,0.34,0.14
0.031016,0.34,0.14
0.031018,0.34,0.16
0.03102,0.34,0.16
0.031022,0.34,0.16
0.031024,0.34,0.16
0.031026,0.32,0.18
0.031028,0.32,0.18
0.03103,0.32,0.18
0.031032,0.32,0.18
0.031034,0.32,0.18
0.031036,0.32,0.18
0.031038,0.32,0.18
0.03104,0.32,0.2
0.031042,0.32,0.2
0.031044,0.3,0.2
0.031046,0.32,0.22
0.031048,0.3,0.22
0.03105,0.3,0.22
0.031052,0.3,0.22
0.031054,0.28,0.22
0.031056,0.28,0.24
0.031058,0.28,0.24
0.03106,0.28,0.24
0.031062,0.26,0.24
0.031064,0.26,0.26
0.031066,0.26,0.26
0.031068,0.26,0.26
0.03107,0.24,0.28
0.031072,0.24,0.28
0.031074,0.24,0.28
0.031076,0.24,0.28
0.031078,0.24,0.28
0.03108,0.22,0.28
0.031082,0.22,0.28
0.031084,0.22,0.28
0.031086,0.22,0.3
0.031088,0.22,0.3
0.03109,0.22,0.3
0.031092,0.22,0.3
0.031094,0.22,0.3
0.031096,0.2,0.3
0.031098,0.2,0.32
0.0311,0.18,0.32
0.031102,0.18,0.32
0.031104,0.18,0.32
0.031106,0.18,0.32
0.031108,0.18,0.32
0.03111,0.18,0.32
0.031112,0.18,0.32
0.031114,0.16,0.34
0.031116,0.16,0.32
0.031118,0.16,0.34
0.03112,0.14,0.34
0.031122,0.14,0.34
0.031124,0.14,0.34
0.031126,0.14,0.34
0.031128,0.14,0.34
0.03113,0.12,0.34
0.031132,0.12,0.34
0.031134,0.12,0.34
0.031136,0.12,0.34
0.031138,0.1,0.34
0.03114,0.1,0.34
0.031142,0.1,0.34
0.031144,0.08,0.34
0.031146,0.08,0.34
0.031148,0.06,0.34
0.03115,0.06,0.34
0.031152,0.06,0.34
0.031154,0.04,0.36
0.031156,0.04,0.36
0.031158,0.04,0.36
0.03116,0.04,0.36
0.031162,0.02,0.36
0.031164,0.02,0.34
0.031166,0.02,0.36
0.031168,0.02,0.34
0.03117,0.02,0.34
0.031172,0.02,0.34
0.031174,0,0.34
0.031176,0,0.34
0.031178,-0.02,0.36
0.03118,-0.02,0.34
0.031182,-0.02,0.34
0.031184,-0.02,0.34
0.031186,-0.02,0.34
0.031188,-0.04,0.34
0.03119,-0.04,0.34
0.031192,-0.06,0.34
0.031194,-0.06,0.34
0.031196,-0.06,0.34
0.031198,-0.06,0.34
0.0312,-0.06,0.34
0.031202,-0.08,0.34
0.031204,-0.08,0.34
0.031206,-0.08,0.36
0.031208,-0.1,0.34
0.03121,-0.1,0.34
0.031212,-0.1,0.34
0.031214,-0.1,0.34
0.031216,-0.1,0.34
0.031218,-0.1,0.34
0.03122,-0.12,0.34
0.031222,-0.12,0.34
0.031224,-0.12,0.32
0.031226,-0.12,0.32
0.031228,-0.12,0.32
0.03123,-0.14,0.32
0.031232,-0.12,0.32
0.031234,-0.14,0.32
0.031236,-0.14,0.32
0.031238,-0.14,0.32
0.03124,-0.16,0.32
0.031242,-0.16,0.32
0.031244,-0.16,0.32
0.031246,-0.18,0.32
0.031248,-0.18,0.3
0.03125,-0.18,0.3
0.031252,-0.2,0.3
0.031254,-0.2,0.3
0.031256,-0.2,0.3
0.031258,-0.2,0.3
0.03126,-0.2,0.28
0.031262,-0.2,0.28
0.031264,-0.22,0.28
0.031266,-0.2,0.26
0.031268,-0.22,0.26
0.03127,-0.22,0.26
0.031272,-0.22,0.26
0.031274,-0.22,0.26
0.031276,-0.22,0.26
0.031278,-0.22,0.26
0.03128,-0.22,0.26
0.031282,-0.22,0.26
0.031284,-0.22,0.24
0.031286,-0.22,0.24
0.031288,-0.22,0.24
0.03129,-0.24,0.24
0.031292,-0.24,0.24
0.031294,-0.24,0.24
0.031296,-0.26,0.22
0.031298,-0.26,0.22
0.0313,-0.24,0.22
0.031302,-0.24,0.22
0.031304,-0.26,0.22
0.031306,-0.26,0.22
0.031308,-0.26,0.2
0.03131,-0.26,0.2
0.031312,-0.26,0.2
0.031314,-0.26,0.2
0.031316,-0.26,0.18
0.031318,-0.26,0.18
0.03132,-0.26,0.2
0.031322,-0.28,0.18
0.031324,-0.28,0.18
0.031326,-0.28,0.18
0.031328,-0.28,0.18
0.03133,-0.28,0.18
0.031332,-0.28,0.18
0.031334,-0.28,0.18
0.031336,-0.28,0.18
0.031338,-0.28,0.16
0.03134,-0.28,0.16
0.031342,-0.3,0.16
0.031344,-0.28,0.16
0.031346,-0.3,0.14
0.031348,-0.3,0.14
0.03135,-0.3,0.14
0.031352,-0.3,0.14
0.031354,-0.3,0.14
0.031356,-0.3,0.14
0.031358,-0.3,0.12
0.03136,-0.3,0.12
0.031362,-0.3,0.12
0.031364,-0.3,0.12
0.031366,-0.3,0.12
0.031368,-0.3,0.12
0.03137,-0.3,0.1
0.031372,-0.3,0.1
0.031374,-0.28,0.08
0.031376,-0.28,0.08
0.031378,-0.28,0.08
0.03138,-0.28,0.08
0.031382,-0.28,0.08
0.031384,-0.28,0.06
0.031386,-0.28,0.06
0.031388,-0.3,0.06
0.03139,-0.28,0.06
0.031392,-0.3,0.06
0.031394,-0.28,0.06
0.031396,-0.3,0.06
0.031398,-0.3,0.04
0.0314,-0.3,0.04
0.031402,-0.3,0.04
0.031404,-0.28,0.04
0.031406,-0.28,0.04
0.031408,-0.28,0.02
0.03141,-0.28,0.02
0.031412,-0.28,0.02
0.031414,-0.28,0.02
0.031416,-0.28,0.02
0.031418,-0.28,0
0.03142,-0.28,0
0.031422,-0.26,0
0.031424,-0.26,0
0.031426,-0.26,0
0.031428,-0.26,0
0.03143,-0.26,0
0.031432,-0.28,0
0.031434,-0.28,0
0.031436,-0.26,0
0.031438,-0.26,-0.02
0.03144,-0.26,-0.02
0.031442,-0.26,-0.02
0.031444,-0.26,-0.02
0.031446,-0.26,-0.02
0.031448,-0.26,-0.02
0.03145,-0.28,-0.02
0.031452,-0.26,-0.04
0.031454,-0.26,-0.02
0.031456,-0.26,-0.04
0.031458,-0.26,-0.04
0.03146,-0.24,-0.04
0.031462,-0.24,-0.04
0.031464,-0.24,-0.04
0.031466,-0.24,-0.04
0.031468,-0.24,-0.04
0.03147,-0.24,-0.04
0.031472,-0.24,-0.04
0.031474,-0.24,-0.06
0.031476,-0.24,-0.06
0.031478,-0.24,-0.06
0.03148,-0.22,-0.06
0.031482,-0.22,-0.06
0.031484,-0.24,-0.06
0.031486,-0.24,-0.06
0.031488,-0.24,-0.06
0.03149,-0.22,-0.06
0.031492,-0.22,-0.06
0.031494,-0.22,-0.06
0.031496,-0.22,-0.06
0.031498,-0.22,-0.06
0.0315,-0.22,-0.08
0.031502,-0.22,-0.06
0.031504,-0.22,-0.08
0.031506,-0.22,-0.08
0.031508,-0.2,-0.08
0.03151,-0.2,-0.08
0.031512,-0.2,-0.08
0.031514,-0.2,-0.08
0.031516,-0.2,-0.08
0.031518,-0.2,-0.08
0.03152,-0.2,-0.1
0.031522,-0.2,-0.1
0.031524,-0.18,-0.1
0.031526,-0.18,-0.1
0.031528,-0.18,-0.1
0.03153,-0.18,-0.1
0.031532,-0.18,-0.1
0.031534,-0.18,-0.1
0.031536,-0.16,-0.1
0.031538,-0.18,-0.12
0.03154,-0.16,-0.12
0.031542,-0.18,-0.1
0.031544,-0.16,-0.1
0.031546,-0.16,-0.1
0.031548,-0.16,-0.12
0.03155,-0.16,-0.1
0.031552,-0.16,-0.1
0.031554,-0.16,-0.1
0.031556,-0.16,-0.1
0.031558,-0.14,-0.12
0.03156,-0.14,-0.12
0.031562,-0.14,-0.12
0.031564,-0.12,-0.12
0.031566,-0.14,-0.12
0.031568,-0.12,-0.12
0.03157,-0.12,-0.12
0.031572,-0.12,-0.12
0.031574,-0.12,-0.12
0.031576,-0.1,-0.1
0.031578,-0.1,-0.12
0.03158,-0.1,-0.12
0.031582,-0.1,-0.1
0.031584,-0.1,-0.1
0.031586,-0.1,-0.1
0.031588,-0.1,-0.1
0.03159,-0.1,-0.1
0.031592,-0.1,-0.1
0.031594,-0.1,-0.1
0.031596,-0.1,-0.1
0.031598,-0.1,-0.1
0.0316,-0.1,-0.1
0.031602,-0.08,-0.1
0.031604,-0.1,-0.12
0.031606,-0.1,-0.12
0.031608,-0.08,-0.12
0.03161,-0.08,-0.12
0.031612,-0.08,-0.12
0.031614,-0.08,-0.1
0.031616,-0.08,-0.1
0.031618,-0.08,-0.1
0.03162,-0.08,-0.1
0.031622,-0.08,-0.1
0.031624,-0.06,-0.1
0.031626,-0.06,-0.1
0.031628,-0.06,-0.1
0.03163,-0.06,-0.1
0.031632,-0.06,-0.1
0.031634,-0.06,-0.1
0.031636,-0.06,-0.1
0.031638,-0.06,-0.1
0.03164,-0.06,-0.1
0.031642,-0.06,-0.1
0.031644,-0.06,-0.1
0.031646,-0.04,-0.1
0.031648,-0.04,-0.1
0.03165,-0.04,-0.1
0.031652,-0.04,-0.1
0.031654,-0.04,-0.1
0.031656,-0.04,-0.1
0.031658,-0.04,-0.08
0.03166,-0.04,-0.08
0.031662,-0.04,-0.08
0.031664,-0.04,-0.08
0.031666,-0.04,-0.08
0.031668,-0.04,-0.08
0.03167,-0.04,-0.08
0.031672,-0.04,-0.08
0.031674,-0.02,-0.08
0.031676,-0.02,-0.08
0.031678,-0.02,-0.08
0.03168,-0.02,-0.06
0.031682,-0.02,-0.06
0.031684,-0.02,-0.06
0.031686,0,-0.06
0.031688,0,-0.08
0.03169,0,-0.08
0.031692,0,-0.06
0.031694,0,-0.06
0.031696,0,-0.06
0.031698,0,-0.06
0.0317,0,-0.06
0.031702,0,-0.06
0.031704,0,-0.08
0.031706,0,-0.08
0.031708,0,-0.08
0.03171,0.02,-0.08
0.031712,0.02,-0.06
0.031714,0.02,-0.06
0.031716,0,-0.06
0.031718,0,-0.06
0.03172,0,-0.06
0.031722,0,-0.04
0.031724,0,-0.06
0.031726,0.02,-0.04
0.031728,0.02,-0.06
0.03173,0.02,-0.04
0.031732,0.02,-0.04
0.031734,0.04,-0.06
0.031736,0.04,-0.04
0.031738,0.04,-0.04
0.03174,0.04,-0.04
0.031742,0.04,-0.04
0.031744,0.04,-0.04
0.031746,0.02,-0.04
0.031748,0.02,-0.04
0.03175,0.02,-0.04
0.031752,0.02,-0.04
0.031754,0.02,-0.04
0.031756,0.02,-0.02
0.031758,0.02,-0.02
0.03176,0.02,-0.02
0.031762,0.02,-0.02
0.031764,0.04,-0.02
0.031766,0.04,-0.02
0.031768,0.04,-0.02
0.03177,0.04,-0.02
0.031772,0.04,-0.02
0.031774,0.04,-0.02
0.031776,0.04,-0.02
0.031778,0.04,-0.02
0.03178,0.04,-0.02
0.031782,0.04,-0.02
0.031784,0.04,-0.02
0.031786,0.04,-0.02
0.031788,0.02,0
0.03179,0.02,0
0.031792,0.04,0
0.031794,0.04,0
0.031796,0.04,0
0.031798,0.04,0
0.0318,0.04,0
0.031802,0.04,0
0.031804,0.04,0
0.031806,0.04,0
0.031808,0.04,0
0.03181,0.04,0
0.031812,0.04,0
0.031814,0.04,0
0.031816,0.04,0
0.031818,0.04,0
0.03182,0.02,0
0.031822,0.04,0
0.031824,0.02,0
0.031826,0.02,0
0.031828,0.02,0
0.03183,0.04,0
0.031832,0.04,0
0.031834,0.02,0
0.031836,0.04,0
0.031838,0.02,0
0.03184,0.02,0.02
0.031842,0.04,0.02
0.031844,0.04,0.02
0.031846,0.04,0.02
0.031848,0.04,0.02
0.03185,0.04,0.02
0.031852,0.02,0.02
0.031854,0.04,0.02
0.031856,0.04,0.02
0.031858,0.04,0.02
0.03186,0.04,0.02
0.031862,0.04,0.04
0.031864,0.04,0.04
0.031866,0.04,0.04
0.031868,0.04,0.04
0.03187,0.04,0.04
0.031872,0.04,0.04
0.031874,0.04,0.04
0.031876,0.02,0.04
0.031878,0.02,0.04
0.03188,0.02,0.04
0.031882,0.02,0.04
0.031884,0.02,0.04
0.031886,0.02,0.04
0.031888,0.02,0.04
0.03189,0.02,0.04
0.031892,0.02,0.04
0.031894,0.02,0.04
0.031896,0.02,0.04
0.031898,0.02,0.04
0.0319,0.02,0.04
0.031902,0.02,0.04
0.031904,0.02,0.06
0.031906,0.02,0.06
0.031908,0.02,0.06
0.03191,0.02,0.06
0.031912,0.02,0.06
0.031914,0.02,0.06
0.031916,0.02,0.06
0.031918,0.02,0.06
0.03192,0.02,0.04
0.031922,0.02,0.06
0.031924,0.02,0.06
0.031926,0.02,0.06
0.031928,0.02,0.06
0.03193,0.02,0.04
0.031932,0.02,0.06
0.031934,0.02,0.04
0.031936,0,0.04
0.031938,0.02,0.04
0.03194,0.02,0.06
0.031942,0.02,0.06
0.031944,0.02,0.06
0.031946,0,0.06
0.031948,0,0.06
0.03195,0,0.06
0.031952,0,0.06
0.031954,0,0.06
0.031956,0,0.06
0.031958,0,0.06
0.03196,0.02,0.06
0.031962,0.02,0.08
0.031964,0.02,0.08
0.031966,0,0.08
0.031968,0,0.08
0.03197,0.02,0.08
0.031972,0.02,0.08
0.031974,0.02,0.1
0.031976,0,0.1
0.031978,0,0.08
0.03198,0,0.08
0.031982,0,0.08
0.031984,0,0.08
0.031986,0,0.08
0.031988,0,0.08
0.03199,0,0.08
0.031992,0,0.08
0.031994,0,0.06
0.031996,0,0.08
0.031998,0,0.08
0.032,0,0.08
0.032002,0,0.08
0.032004,0,0.08
0.032006,0,0.08
0.032008,0,0.08
0.03201,0,0.08
0.032012,0,0.08
0.032014,0,0.08
0.032016,0,0.08
0.032018,0,0.08
0.03202,0,0.08
0.032022,0,0.08
0.032024,0,0.08
0.032026,0,0.08
0.032028,0,0.08
0.03203,0,0.08
0.032032,0,0.08
0.032034,0,0.06
0.032036,0,0.06
0.032038,0,0.06
0.03204,0,0.08
0.032042,0,0.08
0.032044,0,0.08
0.032046,0,0.08
0.032048,0,0.08
0.03205,0,0.08
0.032052,-0.02,0.08
0.032054,-0.02,0.08
0.032056,-0.02,0.08
0.032058,-0.04,0.1
0.03206,-0.02,0.1
0.032062,-0.04,0.1
0.032064,-0.02,0.1
0.032066,-0.02,0.1
0.032068,-0.02,0.08
0.03207,-0.02,0.08
0.032072,-0.02,0.08
0.032074,-0.02,0.08
0.032076,-0.02,0.08
0.032078,-0.04,0.08
0.03208,-0.04,0.08
0.032082,-0.04,0.08
0.032084,-0.04,0.08
0.032086,-0.04,0.08
0.032088,-0.04,0.08
0.03209,-0.04,0.08
0.032092,-0.04,0.08
0.032094,-0.04,0.08
0.032096,-0.04,0.08
0.032098,-0.04,0.08
0.0321,-0.02,0.08
0.032102,-0.02,0.08
0.032104,-0.02,0.08
0.032106,-0.02,0.08
0.032108,-0.02,0.1
0.03211,-0.02,0.1
0.032112,-0.04,0.1
0.032114,-0.04,0.1
0.032116,-0.04,0.1
0.032118,-0.04,0.1
0.03212,-0.04,0.1
0.032122,-0.04,0.1
0.032124,-0.04,0.1
0.032126,-0.04,0.1
0.032128,-0.04,0.1
0.03213,-0.04,0.1
0.032132,-0.04,0.1
0.032134,-0.04,0.1
0.032136,-0.04,0.1
0.032138,-0.04,0.1
0.03214,-0.04,0.1
0.032142,-0.04,0.1
0.032144,-0.04,0.08
0.032146,-0.04,0.1
0.032148,-0.04,0.08
0.03215,-0.04,0.08
0.032152,-0.04,0.08
0.032154,-0.04,0.08
0.032156,-0.04,0.1
0.032158,-0.04,0.1
0.03216,-0.04,0.1
0.032162,-0.04,0.1
0.032164,-0.04,0.08
0.032166,-0.04,0.08
0.032168,-0.04,0.08
0.03217,-0.04,0.1
0.032172,-0.04,0.08
0.032174,-0.04,0.1
0.032176,-0.04,0.1
0.032178,-0.06,0.1
0.03218,-0.06,0.1
0.032182,-0.06,0.1
0.032184,-0.06,0.1
0.032186,-0.06,0.1
0.032188,-0.06,0.1
0.03219,-0.06,0.1
0.032192,-0.06,0.1
0.032194,-0.06,0.08
0.032196,-0.06,0.08
0.032198,-0.06,0.08
0.0322,-0.06,0.08
0.032202,-0.06,0.1
0.032204,-0.06,0.1
0.032206,-0.06,0.08
0.032208,-0.06,0.08
0.03221,-0.06,0.08
0.032212,-0.06,0.08
0.032214,-0.06,0.08
0.032216,-0.06,0.08
0.032218,-0.06,0.08
0.03222,-0.06,0.08
0.032222,-0.06,0.08
0.032224,-0.08,0.08
0.032226,-0.06,0.08
0.032228,-0.06,0.08
0.03223,-0.06,0.08
0.032232,-0.06,0.08
0.032234,-0.08,0.08
0.032236,-0.06,0.08
0.032238,-0.06,0.08
0.03224,-0.06,0.08
0.032242,-0.06,0.06
0.032244,-0.06,0.06
0.032246,-0.06,0.08
0.032248,-0.06,0.08
0.03225,-0.06,0.08
0.032252,-0.06,0.08
0.032254,-0.06,0.08
0.032256,-0.06,0.1
0.032258,-0.06,0.1
0.03226,-0.08,0.08
0.032262,-0.08,0.08
0.032264,-0.08,0.08
0.032266,-0.08,0.08
0.032268,-0.08,0.08
0.03227,-0.08,0.08
0.032272,-0.08,0.08
0.032274,-0.08,0.08
0.032276,-0.08,0.08
0.032278,-0.08,0.08
0.03228,-0.08,0.08
0.032282,-0.08,0.08
0.032284,-0.08,0.08
0.032286,-0.08,0.08
0.032288,-0.08,0.08
0.03229,-0.08,0.08
0.032292,-0.08,0.08
0.032294,-0.08,0.08
0.032296,-0.08,0.08
0.032298,-0.08,0.08
0.0323,-0.08,0.08
0.032302,-0.08,0.08
0.032304,-0.08,0.08
0.032306,-0.08,0.08
0.032308,-0.08,0.08
0.03231,-0.08,0.08
0.032312,-0.08,0.08
0.032314,-0.08,0.08
0.032316,-0.08,0.08
0.032318,-0.1,0.08
0.03232,-0.08,0.08
0.032322,-0.08,0.08
0.032324,-0.08,0.08
0.032326,-0.08,0.08
0.032328,-0.08,0.08
0.03233,-0.08,0.08
0.032332,-0.08,0.06
0.032334,-0.08,0.06
0.032336,-0.08,0.06
0.032338,-0.08,0.06
0.03234,-0.08,0.06
0.032342,-0.08,0.06
0.032344,-0.08,0.06
0.032346,-0.08,0.06
0.032348,-0.08,0.06
0.03235,-0.08,0.06
0.032352,-0.08,0.06
0.032354,-0.08,0.06
0.032356,-0.08,0.06
0.032358,-0.08,0.06
0.03236,-0.08,0.06
0.032362,-0.08,0.06
0.032364,-0.08,0.06
0.032366,-0.08,0.06
0.032368,-0.08,0.06
0.03237,-0.08,0.06
0.032372,-0.08,0.06
0.032374,-0.08,0.06
0.032376,-0.08,0.06
0.032378,-0.08,0.06
0.03238,-0.08,0.08
0.032382,-0.08,0.06
0.032384,-0.08,0.08
0.032386,-0.08,0.08
0.032388,-0.08,0.06
0.03239,-0.08,0.06
0.032392,-0.08,0.06
0.032394,-0.1,0.06
0.032396,-0.1,0.06
0.032398,-0.08,0.06
0.0324,-0.1,0.06
0.032402,-0.1,0.06
0.032404,-0.08,0.06
0.032406,-0.1,0.06
0.032408,-0.08,0.06
0.03241,-0.08,0.06
0.032412,-0.08,0.04
0.032414,-0.08,0.04
0.032416,-0.1,0.06
0.032418,-0.1,0.04
0.03242,-0.12,0.04
0.032422,-0.12,0.04
0.032424,-0.1,0.04
0.032426,-0.1,0.04
0.032428,-0.1,0.04
0.03243,-0.1,0.04
0.032432,-0.1,0.04
0.032434,-0.1,0.04
0.032436,-0.1,0.04
0.032438,-0.08,0.04
0.03244,-0.1,0.04
0.032442,-0.1,0.04
0.032444,-0.1,0.04
0.032446,-0.1,0.04
0.032448,-0.1,0.04
0.03245,-0.1,0.04
0.032452,-0.1,0.04
0.032454,-0.12,0.04
0.032456,-0.12,0.04
0.032458,-0.1,0.04
0.03246,-0.1,0.04
0.032462,-0.1,0.04
0.032464,-0.1,0.02
0.032466,-0.1,0.02
0.032468,-0.08,0.02
0.03247,-0.08,0.02
0.032472,-0.08,0.02
0.032474,-0.08,0.04
0.032476,-0.08,0.04
0.032478,-0.08,0.04
0.03248,-0.08,0.02
0.032482,-0.08,0.02
0.032484,-0.08,0.02
0.032486,-0.08,0.02
0.032488,-0.08,0.02
0.03249,-0.08,0.02
0.032492,-0.08,0.02
0.032494,-0.08,0.04
0.032496,-0.08,0.04
0.032498,-0.08,0.04
0.0325,-0.08,0.02
0.032502,-0.08,0.02
0.032504,-0.08,0.02
0.032506,-0.08,0.02
0.032508,-0.08,0.04
0.03251,-0.08,0.04
0.032512,-0.08,0.04
0.032514,-0.1,0.04
0.032516,-0.1,0.02
0.032518,-0.08,0.02
0.03252,-0.08,0.02
0.032522,-0.08,0.02
0.032524,-0.08,0.02
0.032526,-0.1,0.02
0.032528,-0.1,0.02
0.03253,-0.1,0.02
0.032532,-0.1,0.02
0.032534,-0.08,0.02
0.032536,-0.08,0.02
0.032538,-0.08,0.02
0.03254,-0.08,0.02
0.032542,-0.08,0.02
0.032544,-0.08,0.02
0.032546,-0.08,0.02
0.032548,-0.08,0.02
0.03255,-0.08,0.02
0.032552,-0.08,0.02
0.032554,-0.06,0.02
0.032556,-0.06,0.02
0.032558,-0.06,0.02
0.03256,-0.08,0.02
0.032562,-0.08,0.02
0.032564,-0.06,0.02
0.032566,-0.08,0.02
0.032568,-0.08,0.02
0.03257,-0.08,0.02
0.032572,-0.08,0.02
0.032574,-0.08,0.02
0.032576,-0.08,0.02
0.032578,-0.08,0.02
0.03258,-0.08,0.02
0.032582,-0.08,0
0.032584,-0.06,0
0.032586,-0.06,0
0.032588,-0.06,0
0.03259,-0.06,0
0.032592,-0.06,0.02
0.032594,-0.06,0
0.032596,-0.06,0.02
0.032598,-0.06,0.02
0.0326,-0.06,0.02
0.032602,-0.06,0
0.032604,-0.06,0.02
0.032606,-0.06,0.02
0.032608,-0.06,0
0.03261,-0.06,0
0.032612,-0.08,0
0.032614,-0.06,0
0.032616,-0.06,0
0.032618,-0.06,0
