0.13012,-0.04,0.06
0.13012,-0.06,0.06
0.13013,-0.06,0.06
0.13013,-0.06,0.06
0.13014,-0.06,0.06
0.13014,-0.06,0.06
0.13014,-0.06,0.06
0.13015,-0.06,0.04
0.13015,-0.06,0.06
0.13016,-0.04,0.06
0.13016,-0.06,0.06
0.13016,-0.06,0.06
0.13017,-0.04,0.06
0.13017,-0.04,0.04
0.13018,-0.04,0.04
0.13018,-0.04,0.04
0.13018,-0.06,0.04
0.13019,-0.04,0.04
0.13019,-0.04,0.06
0.1302,-0.04,0.06
0.1302,-0.04,0.04
0.1302,-0.04,0.04
0.13021,-0.04,0.04
0.13021,-0.04,0.04
0.13022,-0.04,0.04
0.13022,-0.04,0.04
0.13022,-0.04,0.06
0.13023,-0.04,0.06
0.13023,-0.04,0.06
0.13024,-0.06,0.06
0.13024,-0.06,0.06
0.13024,-0.06,0.06
0.13025,-0.04,0.06
0.13025,-0.04,0.04
0.13026,-0.04,0.04
0.13026,-0.04,0.04
0.13026,-0.04,0.06
0.13027,-0.04,0.06
0.13027,-0.04,0.06
0.13028,-0.04,0.04
0.13028,-0.04,0.06
0.13028,-0.02,0.04
0.13029,0,0.04
0.13029,-0.02,0.04
0.1303,-0.02,0.04
0.1303,-0.04,0.04
0.1303,-0.04,0.06
0.13031,-0.04,0.06
0.13031,-0.04,0.08
0.13032,-0.04,0.06
0.13032,-0.04,0.06
0.13032,-0.04,0.06
0.13033,-0.04,0.08
0.13033,-0.04,0.08
0.13034,-0.04,0.08
0.13034,-0.06,0.06
0.13034,-0.04,0.06
0.13035,-0.06,0.06
0.13035,-0.06,0.06
0.13036,-0.06,0.06
0.13036,-0.06,0.06
0.13036,-0.04,0.06
0.13037,-0.04,0.06
0.13037,-0.06,0.06
0.13038,-0.04,0.06
0.13038,-0.06,0.06
0.13038,-0.06,0.06
0.13039,-0.04,0.06
0.13039,-0.04,0.06
0.1304,-0.04,0.06
0.1304,-0.04,0.06
0.1304,-0.04,0.06
0.13041,-0.06,0.06
0.13041,-0.06,0.06
0.13042,-0.06,0.06
0.13042,-0.06,0.06
0.13042,-0.08,0.06
0.13043,-0.06,0.06
0.13043,-0.06,0.08
0.13044,-0.06,0.08
0.13044,-0.06,0.08
0.13044,-0.06,0.06
0.13045,-0.06,0.06
0.13045,-0.08,0.06
0.13046,-0.08,0.06
0.13046,-0.08,0.06
0.13046,-0.06,0.06
0.13047,-0.06,0.06
0.13047,-0.06,0.08
0.13048,-0.06,0.06
0.13048,-0.06,0.06
0.13048,-0.04,0.06
0.13049,-0.06,0.06
0.13049,-0.06,0.08
0.1305,-0.06,0.06
0.1305,-0.06,0.06
0.1305,-0.06,0.08
0.13051,-0.06,0.08
0.13051,-0.08,0.08
0.13052,-0.08,0.08
0.13052,-0.08,0.08
0.13052,-0.06,0.08
0.13053,-0.06,0.08
0.13053,-0.06,0.08
0.13054,-0.06,0.08
0.13054,-0.06,0.08
0.13054,-0.06,0.08
0.13055,-0.06,0.06
0.13055,-0.04,0.06
0.13056,-0.04,0.08
0.13056,-0.04,0.08
0.13056,-0.06,0.06
0.13057,-0.06,0.06
0.13057,-0.06,0.06
0.13058,-0.06,0.08
0.13058,-0.06,0.08
0.13058,-0.06,0.08
0.13059,-0.06,0.06
0.13059,-0.06,0.06
0.1306,-0.06,0.06
0.1306,-0.06,0.06
0.1306,-0.06,0.06
0.13061,-0.06,0.06
0.13061,-0.06,0.06
0.13062,-0.06,0.06
0.13062,-0.06,0.06
0.13062,-0.06,0.06
0.13063,-0.06,0.06
0.13063,-0.06,0.06
0.13064,-0.04,0.06
0.13064,-0.06,0.08
0.13064,-0.06,0.08
0.13065,-0.04,0.08
0.13065,-0.04,0.08
0.13066,-0.06,0.08
0.13066,-0.06,0.08
0.13066,-0.06,0.08
0.13067,-0.06,0.06
0.13067,-0.06,0.08
0.13068,-0.04,0.08
0.13068,-0.04,0.08
0.13068,-0.06,0.08
0.13069,-0.06,0.08
0.13069,-0.06,0.08
0.1307,-0.06,0.08
0.1307,-0.06,0.06
0.1307,-0.08,0.06
0.13071,-0.08,0.06
0.13071,-0.08,0.06
0.13072,-0.06,0.06
0.13072,-0.06,0.06
0.13072,-0.06,0.06
0.13073,-0.06,0.06
0.13073,-0.06,0.08
0.13074,-0.06,0.08
0.13074,-0.06,0.08
0.13074,-0.06,0.08
0.13075,-0.06,0.06
0.13075,-0.08,0.08
0.13076,-0.08,0.06
0.13076,-0.08,0.06
0.13076,-0.06,0.06
0.13077,-0.08,0.06
0.13077,-0.08,0.06
0.13078,-0.08,0.06
0.13078,-0.08,0.06
0.13078,-0.08,0.06
0.13079,-0.08,0.06
0.13079,-0.06,0.06
0.1308,-0.06,0.08
0.1308,-0.06,0.08
0.1308,-0.08,0.08
0.13081,-0.06,0.08
0.13081,-0.06,0.08
0.13082,-0.06,0.08
0.13082,-0.06,0.08
0.13082,-0.06,0.08
0.13083,-0.06,0.08
0.13083,-0.06,0.08
0.13084,-0.06,0.08
0.13084,-0.06,0.06
0.13084,-0.06,0.06
0.13085,-0.06,0.06
0.13085,-0.08,0.06
0.13086,-0.06,0.06
0.13086,-0.06,0.06
0.13086,-0.06,0.06
0.13087,-0.06,0.06
0.13087,-0.06,0.06
0.13088,-0.06,0.06
0.13088,-0.06,0.06
0.13088,-0.06,0.06
0.13089,-0.06,0.06
0.13089,-0.08,0.06
0.1309,-0.06,0.06
0.1309,-0.06,0.06
0.1309,-0.06,0.06
0.13091,-0.08,0.06
0.13091,-0.08,0.08
0.13092,-0.08,0.06
0.13092,-0.08,0.06
0.13092,-0.08,0.06
0.13093,-0.08,0.06
0.13093,-0.08,0.06
0.13094,-0.08,0.06
0.13094,-0.08,0.08
0.13094,-0.08,0.08
0.13095,-0.08,0.08
0.13095,-0.08,0.08
0.13096,-0.08,0.08
0.13096,-0.08,0.06
0.13096,-0.08,0.06
0.13097,-0.06,0.06
0.13097,-0.08,0.08
0.13098,-0.08,0.08
0.13098,-0.1,0.06
0.13098,-0.08,0.06
0.13099,-0.08,0.04
0.13099,-0.08,0.04
0.131,-0.08,0.04
0.131,-0.08,0.04
0.131,-0.08,0.04
0.13101,-0.1,0.04
0.13101,-0.1,0.04
0.13102,-0.1,0.04
0.13102,-0.1,0.04
0.13102,-0.1,0.06
0.13103,-0.08,0.06
0.13103,-0.08,0.06
0.13104,-0.1,0.06
0.13104,-0.1,0.06
0.13104,-0.08,0.06
0.13105,-0.08,0.06
0.13105,-0.08,0.06
0.13106,-0.08,0.06
0.13106,-0.08,0.04
0.13106,-0.08,0.04
0.13107,-0.08,0.06
0.13107,-0.08,0.06
0.13108,-0.06,0.06
0.13108,-0.08,0.06
0.13108,-0.08,0.06
0.13109,-0.08,0.06
0.13109,-0.08,0.06
0.1311,-0.08,0.04
0.1311,-0.08,0.04
0.1311,-0.08,0.04
0.13111,-0.08,0.04
0.13111,-0.08,0.04
0.13112,-0.08,0.06
0.13112,-0.08,0.06
0.13112,-0.08,0.04
0.13113,-0.08,0.04
0.13113,-0.08,0.04
0.13114,-0.08,0.04
0.13114,-0.08,0.04
0.13114,-0.08,0.04
0.13115,-0.06,0.04
0.13115,-0.06,0.04
0.13116,-0.06,0.06
0.13116,-0.06,0.04
0.13116,-0.08,0.04
0.13117,-0.08,0.04
0.13117,-0.08,0.04
0.13118,-0.08,0.04
0.13118,-0.06,0.04
0.13118,-0.06,0.04
0.13119,-0.08,0.04
0.13119,-0.06,0.04
0.1312,-0.06,0.04
0.1312,-0.08,0.04
0.1312,-0.06,0.04
0.13121,-0.06,0.04
0.13121,-0.06,0.04
0.13122,-0.06,0.04
0.13122,-0.06,0.04
0.13122,-0.06,0.04
0.13123,-0.06,0.04
0.13123,-0.08,0.06
0.13124,-0.08,0.04
0.13124,-0.08,0.04
0.13124,-0.06,0.06
0.13125,-0.06,0.06
0.13125,-0.08,0.06
0.13126,-0.06,0.06
0.13126,-0.06,0.06
0.13126,-0.06,0.04
0.13127,-0.08,0.04
0.13127,-0.08,0.06
0.13128,-0.08,0.06
0.13128,-0.08,0.06
0.13128,-0.08,0.04
0.13129,-0.06,0.04
0.13129,-0.06,0.04
0.1313,-0.06,0.04
0.1313,-0.06,0.04
0.1313,-0.08,0.04
0.13131,-0.08,0.04
0.13131,-0.08,0.04
0.13132,-0.08,0.04
0.13132,-0.08,0.04
0.13132,-0.08,0.04
0.13133,-0.06,0.06
0.13133,-0.06,0.04
0.13134,-0.06,0.04
0.13134,-0.06,0.06
0.13134,-0.06,0.06
0.13135,-0.08,0.04
0.13135,-0.08,0.04
0.13136,-0.06,0.04
0.13136,-0.06,0.04
0.13136,-0.06,0.04
0.13137,-0.06,0.04
0.13137,-0.06,0.04
0.13138,-0.06,0.04
0.13138,-0.06,0.04
0.13138,-0.06,0.04
0.13139,-0.06,0.04
0.13139,-0.04,0.04
0.1314,-0.06,0.04
0.1314,-0.06,0.04
0.1314,-0.06,0.04
0.13141,-0.06,0.04
0.13141,-0.06,0.04
0.13142,-0.06,0.04
0.13142,-0.04,0.04
0.13142,-0.04,0.04
0.13143,-0.06,0.04
0.13143,-0.06,0.04
0.13144,-0.04,0.04
0.13144,-0.06,0.04
0.13144,-0.06,0.04
0.13145,-0.06,0.04
0.13145,-0.06,0.04
0.13146,-0.06,0.04
0.13146,-0.06,0.04
0.13146,-0.06,0.04
0.13147,-0.06,0.04
0.13147,-0.06,0.04
0.13148,-0.06,0.04
0.13148,-0.04,0.06
0.13148,-0.06,0.04
0.13149,-0.06,0.04
0.13149,-0.04,0.06
0.1315,-0.04,0.04
0.1315,-0.04,0.04
0.1315,-0.04,0.04
0.13151,-0.04,0.04
0.13151,-0.04,0.04
0.13152,-0.04,0.04
0.13152,-0.04,0.04
0.13152,-0.04,0.04
0.13153,-0.04,0.04
0.13153,-0.06,0.04
0.13154,-0.06,0.06
0.13154,-0.06,0.04
0.13154,-0.04,0.04
0.13155,-0.04,0.04
0.13155,-0.04,0.06
0.13156,-0.02,0.06
0.13156,-0.04,0.06
0.13156,-0.04,0.06
0.13157,-0.04,0.06
0.13157,-0.06,0.06
0.13158,-0.06,0.06
0.13158,-0.06,0.06
0.13158,-0.06,0.06
0.13159,-0.06,0.06
0.13159,-0.04,0.06
0.1316,-0.04,0.06
0.1316,-0.04,0.06
0.1316,-0.04,0.06
0.13161,-0.04,0.06
0.13161,-0.04,0.06
0.13162,-0.04,0.06
0.13162,-0.06,0.06
0.13162,-0.04,0.06
0.13163,-0.04,0.04
0.13163,-0.04,0.04
0.13164,-0.04,0.04
0.13164,-0.04,0.06
0.13164,-0.04,0.04
0.13165,-0.06,0.06
0.13165,-0.06,0.04
0.13166,-0.06,0.06
0.13166,-0.06,0.06
0.13166,-0.06,0.08
0.13167,-0.04,0.06
0.13167,-0.06,0.06
0.13168,-0.08,0.06
0.13168,-0.08,0.06
0.13168,-0.08,0.06
0.13169,-0.08,0.06
0.13169,-0.04,0.06
0.1317,-0.04,0.06
0.1317,-0.06,0.08
0.1317,-0.06,0.06
0.13171,-0.06,0.06
0.13171,-0.06,0.08
0.13172,-0.06,0.06
0.13172,-0.06,0.08
0.13172,-0.06,0.06
0.13173,-0.04,0.06
0.13173,-0.04,0.06
0.13174,-0.04,0.06
0.13174,-0.04,0.06
0.13174,-0.06,0.08
0.13175,-0.06,0.06
0.13175,-0.04,0.08
0.13176,-0.04,0.06
0.13176,-0.04,0.06
0.13176,-0.04,0.08
0.13177,-0.06,0.08
0.13177,-0.06,0.08
0.13178,-0.04,0.06
0.13178,-0.04,0.06
0.13178,-0.04,0.06
0.13179,-0.06,0.06
0.13179,-0.08,0.06
0.1318,-0.08,0.06
0.1318,-0.08,0.06
0.1318,-0.06,0.06
0.13181,-0.06,0.06
0.13181,-0.06,0.06
0.13182,-0.06,0.06
0.13182,-0.06,0.06
0.13182,-0.06,0.06
0.13183,-0.06,0.06
0.13183,-0.06,0.06
0.13184,-0.06,0.08
0.13184,-0.06,0.08
0.13184,-0.06,0.08
0.13185,-0.06,0.06
0.13185,-0.06,0.06
0.13186,-0.06,0.06
0.13186,-0.06,0.06
0.13186,-0.06,0.06
0.13187,-0.06,0.06
0.13187,-0.06,0.06
0.13188,-0.06,0.08
0.13188,-0.06,0.06
0.13188,-0.06,0.08
0.13189,-0.06,0.06
0.13189,-0.06,0.08
0.1319,-0.06,0.08
0.1319,-0.06,0.08
0.1319,-0.06,0.08
0.13191,-0.06,0.08
0.13191,-0.08,0.08
0.13192,-0.08,0.08
0.13192,-0.08,0.08
0.13192,-0.06,0.08
0.13193,-0.06,0.08
0.13193,-0.06,0.08
0.13194,-0.04,0.08
0.13194,-0.06,0.08
0.13194,-0.06,0.08
0.13195,-0.06,0.06
0.13195,-0.06,0.06
0.13196,-0.06,0.08
0.13196,-0.06,0.06
0.13196,-0.06,0.08
0.13197,-0.06,0.08
0.13197,-0.06,0.06
0.13198,-0.06,0.06
0.13198,-0.08,0.08
0.13198,-0.06,0.08
0.13199,-0.08,0.08
0.13199,-0.08,0.08
0.132,-0.08,0.08
0.132,-0.08,0.06
0.132,-0.06,0.06
0.13201,-0.08,0.06
0.13201,-0.08,0.08
0.13202,-0.06,0.06
0.13202,-0.06,0.06
0.13202,-0.06,0.06
0.13203,-0.06,0.06
0.13203,-0.06,0.06
0.13204,-0.06,0.06
0.13204,-0.06,0.08
0.13204,-0.06,0.06
0.13205,-0.06,0.08
0.13205,-0.06,0.06
0.13206,-0.06,0.06
0.13206,-0.06,0.06
0.13206,-0.06,0.08
0.13207,-0.06,0.06
0.13207,-0.06,0.06
0.13208,-0.06,0.06
0.13208,-0.06,0.06
0.13208,-0.06,0.06
0.13209,-0.06,0.06
0.13209,-0.06,0.06
0.1321,-0.06,0.06
0.1321,-0.06,0.06
0.1321,-0.06,0.06
0.13211,-0.08,0.06
0.13211,-0.06,0.06
0.13212,-0.06,0.06
0.13212,-0.06,0.06
0.13212,-0.06,0.06
0.13213,-0.06,0.06
0.13213,-0.06,0.06
0.13214,-0.06,0.04
0.13214,-0.06,0.04
0.13214,-0.06,0.06
0.13215,-0.06,0.06
0.13215,-0.04,0.06
0.13216,-0.06,0.06
0.13216,-0.06,0.06
0.13216,-0.06,0.06
0.13217,-0.06,0.06
0.13217,-0.06,0.06
0.13218,-0.08,0.08
0.13218,-0.08,0.08
0.13218,-0.08,0.08
0.13219,-0.06,0.08
0.13219,-0.04,0.08
0.1322,-0.04,0.08
0.1322,-0.04,0.06
0.1322,-0.06,0.06
0.13221,-0.04,0.04
0.13221,-0.04,0.06
0.13222,-0.04,0.06
0.13222,-0.04,0.06
0.13222,-0.06,0.04
0.13223,-0.06,0.04
0.13223,-0.06,0.04
0.13224,-0.06,0.06
0.13224,-0.06,0.06
0.13224,-0.08,0.06
0.13225,-0.06,0.04
0.13225,-0.06,0.04
0.13226,-0.06,0.04
0.13226,-0.06,0.06
0.13226,-0.06,0.06
0.13227,-0.08,0.06
0.13227,-0.06,0.04
0.13228,-0.06,0.04
0.13228,-0.06,0.04
0.13228,-0.06,0.06
0.13229,-0.06,0.06
0.13229,-0.04,0.06
0.1323,-0.04,0.06
0.1323,-0.06,0.06
0.1323,-0.06,0.06
0.13231,-0.06,0.04
0.13231,-0.06,0.04
0.13232,-0.06,0.04
0.13232,-0.06,0.04
0.13232,-0.06,0.06
0.13233,-0.06,0.06
0.13233,-0.06,0.06
0.13234,-0.08,0.06
0.13234,-0.06,0.06
0.13234,-0.06,0.06
0.13235,-0.06,0.06
0.13235,-0.06,0.08
0.13236,-0.06,0.08
0.13236,-0.06,0.06
0.13236,-0.06,0.08
0.13237,-0.06,0.08
0.13237,-0.06,0.08
0.13238,-0.06,0.08
0.13238,-0.06,0.08
0.13238,-0.06,0.08
0.13239,-0.06,0.08
0.13239,-0.04,0.06
0.1324,-0.04,0.06
0.1324,-0.06,0.06
0.1324,-0.04,0.06
0.13241,-0.06,0.06
0.13241,-0.06,0.06
0.13242,-0.06,0.06
0.13242,-0.04,0.06
0.13242,-0.06,0.06
0.13243,-0.06,0.08
0.13243,-0.06,0.08
0.13244,-0.06,0.06
0.13244,-0.08,0.06
0.13244,-0.08,0.06
0.13245,-0.06,0.06
0.13245,-0.06,0.08
0.13246,-0.04,0.08
0.13246,-0.04,0.08
0.13246,-0.04,0.08
0.13247,-0.04,0.06
0.13247,-0.06,0.06
0.13248,-0.06,0.06
0.13248,-0.06,0.06
0.13248,-0.06,0.06
0.13249,-0.06,0.06
0.13249,-0.06,0.08
0.1325,-0.04,0.08
0.1325,-0.04,0.08
0.1325,-0.06,0.08
0.13251,-0.06,0.08
0.13251,-0.06,0.08
0.13252,-0.06,0.08
0.13252,-0.08,0.08
0.13252,-0.08,0.06
0.13253,-0.08,0.06
0.13253,-0.08,0.06
0.13254,-0.08,0.06
0.13254,-0.06,0.06
0.13254,-0.06,0.06
0.13255,-0.06,0.08
0.13255,-0.06,0.08
0.13256,-0.06,0.08
0.13256,-0.06,0.08
0.13256,-0.06,0.08
0.13257,-0.06,0.06
0.13257,-0.06,0.06
0.13258,-0.06,0.06
0.13258,-0.08,0.06
0.13258,-0.08,0.06
0.13259,-0.08,0.06
0.13259,-0.08,0.06
0.1326,-0.08,0.08
0.1326,-0.06,0.08
0.1326,-0.06,0.08
0.13261,-0.06,0.08
0.13261,-0.06,0.08
0.13262,-0.06,0.08
0.13262,-0.06,0.08
0.13262,-0.08,0.1
0.13263,-0.08,0.08
0.13263,-0.06,0.08
0.13264,-0.06,0.1
0.13264,-0.06,0.1
0.13264,-0.06,0.1
0.13265,-0.08,0.1
0.13265,-0.08,0.1
0.13266,-0.08,0.08
0.13266,-0.06,0.08
0.13266,-0.08,0.08
0.13267,-0.06,0.1
0.13267,-0.06,0.1
0.13268,-0.06,0.08
0.13268,-0.06,0.08
0.13268,-0.08,0.08
0.13269,-0.08,0.06
0.13269,-0.08,0.08
0.1327,-0.06,0.08
0.1327,-0.06,0.08
0.1327,-0.06,0.08
0.13271,-0.06,0.08
0.13271,-0.06,0.08
0.13272,-0.08,0.08
0.13272,-0.08,0.08
0.13272,-0.06,0.08
0.13273,-0.06,0.08
0.13273,-0.08,0.06
0.13274,-0.08,0.08
0.13274,-0.08,0.08
0.13274,-0.08,0.08
0.13275,-0.08,0.08
0.13275,-0.08,0.08
0.13276,-0.08,0.08
0.13276,-0.08,0.08
0.13276,-0.08,0.08
0.13277,-0.1,0.08
0.13277,-0.1,0.08
0.13278,-0.1,0.08
0.13278,-0.1,0.08
0.13278,-0.1,0.08
0.13279,-0.08,0.08
0.13279,-0.08,0.08
0.1328,-0.08,0.1
0.1328,-0.08,0.08
0.1328,-0.08,0.08
0.13281,-0.08,0.08
0.13281,-0.08,0.08
0.13282,-0.1,0.08
0.13282,-0.1,0.1
0.13282,-0.1,0.08
0.13283,-0.1,0.08
0.13283,-0.1,0.08
0.13284,-0.1,0.08
0.13284,-0.1,0.1
0.13284,-0.1,0.08
0.13285,-0.08,0.08
0.13285,-0.1,0.08
0.13286,-0.1,0.08
0.13286,-0.1,0.08
0.13286,-0.1,0.08
0.13287,-0.08,0.08
0.13287,-0.1,0.08
0.13288,-0.1,0.08
0.13288,-0.1,0.08
0.13288,-0.1,0.06
0.13289,-0.1,0.06
0.13289,-0.08,0.06
0.1329,-0.1,0.06
0.1329,-0.1,0.08
0.1329,-0.1,0.08
0.13291,-0.1,0.08
0.13291,-0.1,0.1
0.13292,-0.1,0.1
0.13292,-0.1,0.1
0.13292,-0.1,0.08
0.13293,-0.1,0.08
0.13293,-0.1,0.08
0.13294,-0.1,0.08
0.13294,-0.08,0.08
0.13294,-0.1,0.06
0.13295,-0.08,0.06
0.13295,-0.08,0.06
0.13296,-0.08,0.06
0.13296,-0.1,0.08
0.13296,-0.1,0.08
0.13297,-0.1,0.08
0.13297,-0.1,0.1
0.13298,-0.1,0.08
0.13298,-0.1,0.06
0.13298,-0.08,0.06
0.13299,-0.08,0.06
0.13299,-0.08,0.08
0.133,-0.08,0.08
0.133,-0.1,0.08
0.133,-0.1,0.06
0.13301,-0.1,0.06
0.13301,-0.12,0.06
0.13302,-0.1,0.06
0.13302,-0.1,0.06
0.13302,-0.1,0.06
0.13303,-0.1,0.06
0.13303,-0.1,0.06
0.13304,-0.12,0.06
0.13304,-0.12,0.06
0.13304,-0.1,0.06
0.13305,-0.1,0.06
0.13305,-0.1,0.06
0.13306,-0.1,0.04
0.13306,-0.08,0.04
0.13306,-0.08,0.04
0.13307,-0.1,0.04
0.13307,-0.1,0.04
0.13308,-0.1,0.04
0.13308,-0.1,0.06
0.13308,-0.1,0.06
0.13309,-0.1,0.06
0.13309,-0.1,0.06
0.1331,-0.1,0.08
0.1331,-0.1,0.08
0.1331,-0.12,0.08
0.13311,-0.12,0.08
0.13311,-0.12,0.06
0.13312,-0.12,0.06
0.13312,-0.12,0.06
0.13312,-0.1,0.06
0.13313,-0.1,0.06
0.13313,-0.1,0.06
0.13314,-0.1,0.08
0.13314,-0.1,0.08
0.13314,-0.1,0.06
0.13315,-0.1,0.08
0.13315,-0.1,0.06
0.13316,-0.1,0.08
0.13316,-0.1,0.06
0.13316,-0.1,0.06
0.13317,-0.1,0.08
0.13317,-0.1,0.08
0.13318,-0.1,0.06
0.13318,-0.1,0.06
0.13318,-0.1,0.06
0.13319,-0.1,0.06
0.13319,-0.1,0.06
0.1332,-0.1,0.06
0.1332,-0.1,0.08
0.1332,-0.12,0.08
0.13321,-0.12,0.06
0.13321,-0.1,0.06
0.13322,-0.12,0.06
0.13322,-0.1,0.06
0.13322,-0.1,0.06
0.13323,-0.12,0.06
0.13323,-0.12,0.08
0.13324,-0.12,0.08
0.13324,-0.12,0.06
0.13324,-0.12,0.06
0.13325,-0.12,0.06
0.13325,-0.12,0.04
0.13326,-0.12,0.04
0.13326,-0.14,0.04
0.13326,-0.14,0.04
0.13327,-0.14,0.04
0.13327,-0.14,0.04
0.13328,-0.14,0.06
0.13328,-0.14,0.06
0.13328,-0.12,0.04
0.13329,-0.12,0.06
0.13329,-0.12,0.06
0.1333,-0.14,0.06
0.1333,-0.14,0.06
0.1333,-0.14,0.04
0.13331,-0.14,0.04
0.13331,-0.14,0.06
0.13332,-0.14,0.04
0.13332,-0.14,0.04
0.13332,-0.14,0.04
0.13333,-0.12,0.04
0.13333,-0.12,0.04
0.13334,-0.12,0.04
0.13334,-0.14,0.04
0.13334,-0.14,0.04
0.13335,-0.12,0.04
0.13335,-0.12,0.04
0.13336,-0.14,0.04
0.13336,-0.12,0.04
0.13336,-0.12,0.04
0.13337,-0.14,0.04
0.13337,-0.16,0.02
0.13338,-0.14,0.02
0.13338,-0.14,0.02
0.13338,-0.14,0.02
0.13339,-0.16,0.02
0.13339,-0.16,0.02
0.1334,-0.16,0.02
0.1334,-0.14,0.02
0.1334,-0.14,0.02
0.13341,-0.16,0
0.13341,-0.14,0
0.13342,-0.14,0.02
0.13342,-0.14,0
0.13342,-0.14,0
0.13343,-0.14,0
0.13343,-0.16,-0.02
0.13344,-0.16,-0.02
0.13344,-0.16,-0.02
0.13344,-0.14,0
0.13345,-0.14,0
0.13345,-0.16,0
0.13346,-0.14,-0.02
0.13346,-0.16,-0.02
0.13346,-0.14,-0.02
0.13347,-0.14,-0.02
0.13347,-0.14,-0.02
0.13348,-0.14,-0.02
0.13348,-0.14,-0.02
0.13348,-0.14,-0.02
0.13349,-0.14,-0.02
0.13349,-0.14,-0.04
0.1335,-0.14,-0.04
0.1335,-0.14,-0.04
0.1335,-0.14,-0.04
0.13351,-0.14,-0.06
0.13351,-0.16,-0.06
0.13352,-0.16,-0.06
0.13352,-0.16,-0.04
0.13352,-0.14,-0.06
0.13353,-0.14,-0.06
0.13353,-0.14,-0.06
0.13354,-0.14,-0.06
0.13354,-0.14,-0.06
0.13354,-0.14,-0.06
0.13355,-0.14,-0.08
0.13355,-0.14,-0.08
0.13356,-0.14,-0.08
0.13356,-0.12,-0.08
0.13356,-0.12,-0.08
0.13357,-0.12,-0.08
0.13357,-0.12,-0.1
0.13358,-0.12,-0.08
0.13358,-0.12,-0.08
0.13358,-0.12,-0.08
0.13359,-0.12,-0.1
0.13359,-0.12,-0.1
0.1336,-0.12,-0.1
0.1336,-0.12,-0.1
0.1336,-0.12,-0.1
0.13361,-0.12,-0.08
0.13361,-0.12,-0.08
0.13362,-0.12,-0.08
0.13362,-0.12,-0.1
0.13362,-0.1,-0.1
0.13363,-0.1,-0.1
0.13363,-0.1,-0.1
0.13364,-0.1,-0.1
0.13364,-0.1,-0.1
0.13364,-0.08,-0.12
0.13365,-0.08,-0.12
0.13365,-0.06,-0.12
0.13366,-0.06,-0.12
0.13366,-0.06,-0.12
0.13366,-0.08,-0.12
0.13367,-0.08,-0.14
0.13367,-0.08,-0.14
0.13368,-0.06,-0.14
0.13368,-0.04,-0.12
0.13368,-0.06,-0.12
0.13369,-0.04,-0.14
0.13369,-0.04,-0.14
0.1337,-0.04,-0.14
0.1337,-0.02,-0.14
0.1337,-0.02,-0.14
0.13371,-0.02,-0.16
0.13371,-0.02,-0.14
0.13372,-0.02,-0.14
0.13372,0,-0.14
0.13372,0,-0.14
0.13373,0,-0.14
0.13373,0,-0.14
0.13374,0.02,-0.14
0.13374,0,-0.14
0.13374,0.02,-0.14
0.13375,0.02,-0.14
0.13375,0.02,-0.14
0.13376,0.04,-0.14
0.13376,0.04,-0.14
0.13376,0.04,-0.14
0.13377,0.04,-0.14
0.13377,0.04,-0.12
0.13378,0.06,-0.14
0.13378,0.06,-0.14
0.13378,0.06,-0.14
0.13379,0.06,-0.14
0.13379,0.06,-0.12
0.1338,0.08,-0.14
0.1338,0.06,-0.12
0.1338,0.06,-0.12
0.13381,0.08,-0.12
0.13381,0.1,-0.12
0.13382,0.1,-0.12
0.13382,0.1,-0.12
0.13382,0.1,-0.12
0.13383,0.1,-0.12
0.13383,0.12,-0.12
0.13384,0.12,-0.12
0.13384,0.14,-0.12
0.13384,0.14,-0.12
0.13385,0.14,-0.12
0.13385,0.14,-0.1
0.13386,0.14,-0.1
0.13386,0.16,-0.08
0.13386,0.16,-0.1
0.13387,0.16,-0.08
0.13387,0.16,-0.08
0.13388,0.16,-0.08
0.13388,0.16,-0.08
0.13388,0.18,-0.08
0.13389,0.18,-0.08
0.13389,0.2,-0.08
0.1339,0.2,-0.06
0.1339,0.2,-0.04
0.1339,0.2,-0.04
0.13391,0.2,-0.04
0.13391,0.22,-0.04
0.13392,0.22,-0.04
0.13392,0.22,-0.04
0.13392,0.22,-0.04
0.13393,0.22,-0.04
0.13393,0.24,-0.02
0.13394,0.24,0
0.13394,0.24,0
0.13394,0.24,0
0.13395,0.24,0
0.13395,0.24,0
0.13396,0.24,0
0.13396,0.24,0.02
0.13396,0.26,0.02
0.13397,0.28,0.02
0.13397,0.28,0.02
0.13398,0.28,0.04
0.13398,0.26,0.04
0.13398,0.26,0.04
0.13399,0.28,0.04
0.13399,0.28,0.04
0.134,0.28,0.06
0.134,0.28,0.06
0.134,0.28,0.08
0.13401,0.28,0.08
0.13401,0.28,0.08
0.13402,0.28,0.1
0.13402,0.28,0.1
0.13402,0.3,0.12
0.13403,0.28,0.12
0.13403,0.28,0.14
0.13404,0.28,0.14
0.13404,0.3,0.14
0.13404,0.3,0.16
0.13405,0.28,0.14
0.13405,0.3,0.16
0.13406,0.3,0.16
0.13406,0.3,0.18
0.13406,0.3,0.18
0.13407,0.3,0.18
0.13407,0.28,0.2
0.13408,0.28,0.22
0.13408,0.26,0.22
0.13408,0.26,0.24
0.13409,0.28,0.24
0.13409,0.28,0.24
0.1341,0.28,0.26
0.1341,0.28,0.26
0.1341,0.3,0.28
0.13411,0.3,0.28
0.13411,0.28,0.3
0.13412,0.28,0.3
0.13412,0.26,0.3
0.13412,0.26,0.3
0.13413,0.26,0.3
0.13413,0.26,0.3
0.13414,0.26,0.32
0.13414,0.26,0.32
0.13414,0.26,0.34
0.13415,0.26,0.34
0.13415,0.26,0.36
0.13416,0.24,0.36
0.13416,0.24,0.38
0.13416,0.24,0.4
0.13417,0.24,0.4
0.13417,0.22,0.4
0.13418,0.22,0.4
0.13418,0.22,0.4
0.13418,0.22,0.4
0.13419,0.2,0.4
0.13419,0.18,0.42
0.1342,0.18,0.42
0.1342,0.18,0.42
0.1342,0.18,0.44
0.13421,0.18,0.44
0.13421,0.16,0.46
0.13422,0.16,0.48
0.13422,0.16,0.48
0.13422,0.16,0.48
0.13423,0.14,0.48
0.13423,0.14,0.48
0.13424,0.12,0.48
0.13424,0.12,0.5
0.13424,0.1,0.52
0.13425,0.1,0.5
0.13425,0.1,0.52
0.13426,0.08,0.52
0.13426,0.06,0.52
0.13426,0.06,0.52
0.13427,0.06,0.52
0.13427,0.04,0.52
0.13428,0.04,0.52
0.13428,0.02,0.52
0.13428,0,0.52
0.13429,0,0.54
0.13429,-0.02,0.54
0.1343,-0.02,0.52
0.1343,-0.04,0.54
0.1343,-0.04,0.54
0.13431,-0.04,0.56
0.13431,-0.06,0.56
0.13432,-0.06,0.56
0.13432,-0.08,0.56
0.13432,-0.1,0.56
0.13433,-0.1,0.56
0.13433,-0.12,0.58
0.13434,-0.12,0.56
0.13434,-0.14,0.58
0.13434,-0.16,0.58
0.13435,-0.16,0.58
0.13435,-0.16,0.58
0.13436,-0.16,0.58
0.13436,-0.18,0.58
0.13436,-0.2,0.58
0.13437,-0.2,0.56
0.13437,-0.22,0.56
0.13438,-0.24,0.56
0.13438,-0.24,0.54
0.13438,-0.26,0.54
0.13439,-0.28,0.54
0.13439,-0.3,0.54
0.1344,-0.3,0.54
0.1344,-0.32,0.56
0.1344,-0.32,0.54
0.13441,-0.34,0.54
0.13441,-0.36,0.54
0.13442,-0.36,0.52
0.13442,-0.36,0.52
0.13442,-0.36,0.52
0.13443,-0.38,0.52
0.13443,-0.38,0.54
0.13444,-0.4,0.52
0.13444,-0.42,0.52
0.13444,-0.42,0.5
0.13445,-0.44,0.48
0.13445,-0.46,0.48
0.13446,-0.46,0.48
0.13446,-0.46,0.46
0.13446,-0.48,0.46
0.13447,-0.48,0.46
0.13447,-0.5,0.46
0.13448,-0.5,0.46
0.13448,-0.52,0.44
0.13448,-0.54,0.44
0.13449,-0.54,0.44
0.13449,-0.56,0.42
0.1345,-0.56,0.42
0.1345,-0.58,0.42
0.1345,-0.58,0.4
0.13451,-0.6,0.4
0.13451,-0.6,0.36
0.13452,-0.6,0.34
0.13452,-0.6,0.34
0.13452,-0.62,0.34
0.13453,-0.64,0.32
0.13453,-0.64,0.32
0.13454,-0.64,0.32
0.13454,-0.66,0.32
0.13454,-0.68,0.3
0.13455,-0.68,0.28
0.13455,-0.7,0.28
0.13456,-0.7,0.26
0.13456,-0.72,0.24
0.13456,-0.72,0.24
0.13457,-0.7,0.22
0.13457,-0.72,0.22
0.13458,-0.72,0.22
0.13458,-0.72,0.2
0.13458,-0.72,0.2
0.13459,-0.74,0.16
0.13459,-0.72,0.14
0.1346,-0.74,0.12
0.1346,-0.74,0.12
0.1346,-0.74,0.1
0.13461,-0.76,0.1
0.13461,-0.76,0.1
0.13462,-0.78,0.08
0.13462,-0.78,0.06
0.13462,-0.76,0.06
0.13463,-0.78,0.04
0.13463,-0.78,0.02
0.13464,-0.78,0.02
0.13464,-0.78,0
0.13464,-0.78,-0.02
0.13465,-0.78,-0.04
0.13465,-0.78,-0.06
0.13466,-0.78,-0.08
0.13466,-0.78,-0.1
0.13466,-0.78,-0.1
0.13467,-0.78,-0.1
0.13467,-0.76,-0.12
0.13468,-0.76,-0.14
0.13468,-0.76,-0.14
0.13468,-0.76,-0.16
0.13469,-0.76,-0.18
0.13469,-0.76,-0.2
0.1347,-0.76,-0.2
0.1347,-0.76,-0.22
0.1347,-0.76,-0.24
0.13471,-0.74,-0.26
0.13471,-0.74,-0.28
0.13472,-0.74,-0.28
0.13472,-0.74,-0.3
0.13472,-0.72,-0.32
0.13473,-0.7,-0.32
0.13473,-0.7,-0.32
0.13474,-0.7,-0.34
0.13474,-0.7,-0.36
0.13474,-0.68,-0.36
0.13475,-0.68,-0.38
0.13475,-0.66,-0.38
0.13476,-0.64,-0.4
0.13476,-0.64,-0.4
0.13476,-0.64,-0.42
0.13477,-0.62,-0.42
0.13477,-0.62,-0.44
0.13478,-0.62,-0.46
0.13478,-0.62,-0.48
0.13478,-0.62,-0.48
0.13479,-0.58,-0.5
0.13479,-0.56,-0.5
0.1348,-0.56,-0.52
0.1348,-0.54,-0.52
0.1348,-0.54,-0.54
0.13481,-0.54,-0.56
0.13481,-0.52,-0.56
0.13482,-0.52,-0.56
0.13482,-0.5,-0.58
0.13482,-0.5,-0.58
0.13483,-0.48,-0.58
0.13483,-0.46,-0.6
0.13484,-0.44,-0.6
0.13484,-0.42,-0.62
0.13484,-0.42,-0.62
0.13485,-0.4,-0.64
0.13485,-0.38,-0.64
0.13486,-0.38,-0.64
0.13486,-0.36,-0.64
0.13486,-0.34,-0.66
0.13487,-0.34,-0.66
0.13487,-0.34,-0.66
0.13488,-0.32,-0.66
0.13488,-0.3,-0.66
0.13488,-0.28,-0.68
0.13489,-0.28,-0.68
0.13489,-0.26,-0.68
0.1349,-0.24,-0.68
0.1349,-0.22,-0.68
0.1349,-0.2,-0.68
0.13491,-0.18,-0.7
0.13491,-0.16,-0.7
0.13492,-0.16,-0.7
0.13492,-0.14,-0.7
0.13492,-0.12,-0.7
0.13493,-0.1,-0.72
0.13493,-0.08,-0.72
0.13494,-0.08,-0.72
0.13494,-0.06,-0.72
0.13494,-0.04,-0.72
0.13495,-0.04,-0.7
0.13495,0,-0.7
0.13496,0,-0.72
0.13496,0.02,-0.72
0.13496,0.06,-0.72
0.13497,0.08,-0.72
0.13497,0.1,-0.7
0.13498,0.12,-0.7
0.13498,0.14,-0.7
0.13498,0.14,-0.68
0.13499,0.16,-0.68
0.13499,0.16,-0.68
0.135,0.18,-0.68
0.135,0.18,-0.66
0.135,0.2,-0.68
0.13501,0.22,-0.66
0.13501,0.24,-0.66
0.13502,0.26,-0.66
0.13502,0.26,-0.66
0.13502,0.28,-0.64
0.13503,0.3,-0.62
0.13503,0.32,-0.62
0.13504,0.34,-0.62
0.13504,0.34,-0.62
0.13504,0.36,-0.6
0.13505,0.38,-0.6
0.13505,0.4,-0.6
0.13506,0.42,-0.58
0.13506,0.42,-0.58
0.13506,0.44,-0.56
0.13507,0.44,-0.56
0.13507,0.46,-0.56
0.13508,0.46,-0.56
0.13508,0.48,-0.54
0.13508,0.48,-0.54
0.13509,0.5,-0.52
0.13509,0.52,-0.5
0.1351,0.54,-0.5
0.1351,0.54,-0.48
0.1351,0.56,-0.46
0.13511,0.58,-0.46
0.13511,0.6,-0.44
0.13512,0.6,-0.42
0.13512,0.62,-0.42
0.13512,0.62,-0.4
0.13513,0.62,-0.4
0.13513,0.64,-0.38
0.13514,0.64,-0.38
0.13514,0.66,-0.36
0.13514,0.66,-0.36
0.13515,0.66,-0.32
0.13515,0.68,-0.32
0.13516,0.68,-0.28
0.13516,0.7,-0.28
0.13516,0.72,-0.26
0.13517,0.72,-0.24
0.13517,0.74,-0.24
0.13518,0.72,-0.22
0.13518,0.72,-0.2
0.13518,0.74,-0.18
0.13519,0.76,-0.18
0.13519,0.76,-0.16
0.1352,0.76,-0.14
0.1352,0.76,-0.12
0.1352,0.76,-0.12
0.13521,0.76,-0.1
0.13521,0.76,-0.08
0.13522,0.76,-0.06
0.13522,0.78,-0.04
0.13522,0.78,-0.04
0.13523,0.78,-0.02
0.13523,0.78,0
0.13524,0.8,0.02
0.13524,0.8,0.04
0.13524,0.8,0.06
0.13525,0.8,0.08
0.13525,0.8,0.1
0.13526,0.78,0.1
0.13526,0.78,0.14
0.13526,0.78,0.16
0.13527,0.78,0.16
0.13527,0.78,0.18
0.13528,0.78,0.2
0.13528,0.78,0.22
0.13528,0.78,0.24
0.13529,0.78,0.26
0.13529,0.78,0.26
0.1353,0.78,0.28
0.1353,0.78,0.3
0.1353,0.76,0.32
0.13531,0.76,0.32
0.13531,0.76,0.36
0.13532,0.74,0.36
0.13532,0.74,0.38
0.13532,0.74,0.4
0.13533,0.72,0.4
0.13533,0.72,0.4
0.13534,0.7,0.42
0.13534,0.7,0.44
0.13534,0.68,0.44
0.13535,0.68,0.46
0.13535,0.68,0.48
0.13536,0.66,0.5
0.13536,0.66,0.52
0.13536,0.64,0.54
0.13537,0.64,0.56
0.13537,0.64,0.58
0.13538,0.62,0.58
0.13538,0.6,0.6
0.13538,0.6,0.6
0.13539,0.58,0.6
0.13539,0.58,0.62
0.1354,0.56,0.62
0.1354,0.56,0.64
0.1354,0.56,0.64
0.13541,0.54,0.64
0.13541,0.52,0.66
0.13542,0.5,0.66
0.13542,0.48,0.68
0.13542,0.46,0.68
0.13543,0.44,0.7
0.13543,0.44,0.7
0.13544,0.42,0.7
0.13544,0.4,0.72
0.13544,0.4,0.72
0.13545,0.38,0.74
0.13545,0.36,0.74
0.13546,0.36,0.76
0.13546,0.34,0.76
0.13546,0.32,0.78
0.13547,0.3,0.78
0.13547,0.28,0.78
0.13548,0.28,0.8
0.13548,0.26,0.8
0.13548,0.24,0.8
0.13549,0.22,0.8
0.13549,0.2,0.82
0.1355,0.2,0.82
0.1355,0.18,0.82
0.1355,0.16,0.82
0.13551,0.14,0.82
0.13551,0.12,0.82
0.13552,0.12,0.82
0.13552,0.1,0.84
0.13552,0.08,0.84
0.13553,0.08,0.84
0.13553,0.06,0.84
0.13554,0.06,0.84
0.13554,0.04,0.84
0.13554,0.02,0.84
0.13555,0,0.84
0.13555,-0.04,0.84
0.13556,-0.06,0.84
0.13556,-0.08,0.82
0.13556,-0.1,0.84
0.13557,-0.1,0.84
0.13557,-0.12,0.84
0.13558,-0.14,0.82
0.13558,-0.16,0.8
0.13558,-0.18,0.8
0.13559,-0.18,0.8
0.13559,-0.2,0.8
0.1356,-0.2,0.8
0.1356,-0.22,0.8
0.1356,-0.24,0.8
0.13561,-0.26,0.8
0.13561,-0.28,0.8
0.13562,-0.3,0.78
0.13562,-0.32,0.78
0.13562,-0.32,0.76
0.13563,-0.34,0.76
0.13563,-0.36,0.76
0.13564,-0.36,0.76
0.13564,-0.38,0.76
0.13564,-0.4,0.74
0.13565,-0.42,0.74
0.13565,-0.44,0.72
0.13566,-0.44,0.7
0.13566,-0.46,0.7
0.13566,-0.46,0.68
0.13567,-0.48,0.7
0.13567,-0.5,0.68
0.13568,-0.5,0.68
0.13568,-0.52,0.66
0.13568,-0.52,0.64
0.13569,-0.54,0.64
0.13569,-0.54,0.62
0.1357,-0.56,0.6
0.1357,-0.58,0.6
0.1357,-0.58,0.58
0.13571,-0.6,0.58
0.13571,-0.62,0.58
0.13572,-0.62,0.56
0.13572,-0.62,0.54
0.13572,-0.64,0.54
0.13573,-0.64,0.52
0.13573,-0.66,0.5
0.13574,-0.66,0.5
0.13574,-0.66,0.48
0.13574,-0.68,0.48
0.13575,-0.68,0.46
0.13575,-0.7,0.44
0.13576,-0.7,0.44
0.13576,-0.72,0.42
0.13576,-0.72,0.42
0.13577,-0.72,0.4
0.13577,-0.72,0.38
0.13578,-0.72,0.36
0.13578,-0.72,0.36
0.13578,-0.74,0.34
0.13579,-0.74,0.32
0.13579,-0.76,0.3
0.1358,-0.74,0.3
0.1358,-0.76,0.28
0.1358,-0.76,0.24
0.13581,-0.76,0.24
0.13581,-0.76,0.22
0.13582,-0.76,0.22
0.13582,-0.76,0.2
0.13582,-0.78,0.2
0.13583,-0.78,0.2
0.13583,-0.78,0.18
0.13584,-0.76,0.16
0.13584,-0.76,0.16
0.13584,-0.76,0.12
0.13585,-0.76,0.1
0.13585,-0.76,0.08
0.13586,-0.76,0.06
0.13586,-0.76,0.06
0.13586,-0.76,0.06
0.13587,-0.76,0.04
0.13587,-0.74,0.02
0.13588,-0.74,0.02
0.13588,-0.74,0
0.13588,-0.72,0
0.13589,-0.72,-0.02
0.13589,-0.74,-0.04
0.1359,-0.74,-0.04
0.1359,-0.74,-0.06
0.1359,-0.74,-0.08
0.13591,-0.74,-0.1
0.13591,-0.72,-0.1
0.13592,-0.72,-0.12
0.13592,-0.72,-0.14
0.13592,-0.72,-0.14
0.13593,-0.72,-0.16
0.13593,-0.72,-0.18
0.13594,-0.7,-0.18
0.13594,-0.7,-0.2
0.13594,-0.68,-0.22
0.13595,-0.68,-0.22
0.13595,-0.68,-0.22
0.13596,-0.66,-0.24
0.13596,-0.64,-0.24
0.13596,-0.64,-0.26
0.13597,-0.62,-0.28
0.13597,-0.62,-0.28
0.13598,-0.62,-0.28
0.13598,-0.62,-0.28
0.13598,-0.62,-0.3
0.13599,-0.6,-0.32
0.13599,-0.6,-0.32
0.136,-0.58,-0.34
0.136,-0.56,-0.34
0.136,-0.54,-0.36
0.13601,-0.54,-0.36
0.13601,-0.52,-0.36
0.13602,-0.5,-0.36
0.13602,-0.5,-0.38
0.13602,-0.5,-0.38
0.13603,-0.48,-0.38
0.13603,-0.48,-0.38
0.13604,-0.46,-0.38
0.13604,-0.46,-0.4
0.13604,-0.44,-0.4
0.13605,-0.44,-0.42
0.13605,-0.44,-0.42
0.13606,-0.44,-0.42
0.13606,-0.42,-0.42
0.13606,-0.4,-0.42
0.13607,-0.38,-0.44
0.13607,-0.38,-0.44
0.13608,-0.36,-0.46
0.13608,-0.34,-0.46
0.13608,-0.32,-0.46
0.13609,-0.32,-0.46
0.13609,-0.32,-0.46
0.1361,-0.32,-0.46
0.1361,-0.3,-0.46
0.1361,-0.28,-0.46
0.13611,-0.28,-0.46
0.13611,-0.26,-0.46
0.13612,-0.26,-0.46
0.13612,-0.24,-0.46
0.13612,-0.24,-0.46
0.13613,-0.24,-0.48
0.13613,-0.2,-0.48
0.13614,-0.2,-0.48
0.13614,-0.18,-0.48
0.13614,-0.16,-0.48
0.13615,-0.16,-0.48
0.13615,-0.14,-0.46
0.13616,-0.14,-0.48
0.13616,-0.12,-0.48
0.13616,-0.1,-0.46
0.13617,-0.08,-0.46
0.13617,-0.08,-0.46
0.13618,-0.06,-0.46
0.13618,-0.06,-0.46
0.13618,-0.04,-0.46
0.13619,-0.04,-0.46
0.13619,-0.02,-0.46
0.1362,0,-0.46
0.1362,0,-0.46
0.1362,0,-0.46
0.13621,0.02,-0.46
0.13621,0.02,-0.44
0.13622,0.04,-0.44
0.13622,0.04,-0.44
0.13622,0.06,-0.42
0.13623,0.06,-0.42
0.13623,0.08,-0.42
0.13624,0.08,-0.42
0.13624,0.1,-0.42
0.13624,0.1,-0.42
0.13625,0.12,-0.4
0.13625,0.12,-0.4
0.13626,0.12,-0.4
0.13626,0.12,-0.4
0.13626,0.14,-0.38
0.13627,0.14,-0.38
0.13627,0.16,-0.36
0.13628,0.16,-0.36
0.13628,0.16,-0.34
0.13628,0.18,-0.34
0.13629,0.2,-0.32
0.13629,0.2,-0.32
0.1363,0.2,-0.3
0.1363,0.2,-0.3
0.1363,0.22,-0.3
0.13631,0.22,-0.3
0.13631,0.24,-0.3
0.13632,0.24,-0.28
0.13632,0.24,-0.28
0.13632,0.24,-0.28
0.13633,0.24,-0.26
0.13633,0.24,-0.26
0.13634,0.22,-0.26
0.13634,0.24,-0.24
0.13634,0.24,-0.22
0.13635,0.26,-0.22
0.13635,0.26,-0.22
0.13636,0.26,-0.22
0.13636,0.28,-0.2
0.13636,0.28,-0.18
0.13637,0.28,-0.18
0.13637,0.3,-0.18
0.13638,0.3,-0.18
0.13638,0.3,-0.16
0.13638,0.3,-0.16
0.13639,0.3,-0.16
0.13639,0.3,-0.16
0.1364,0.32,-0.14
0.1364,0.32,-0.12
0.1364,0.32,-0.12
0.13641,0.34,-0.1
0.13641,0.32,-0.1
0.13642,0.32,-0.1
0.13642,0.32,-0.08
0.13642,0.32,-0.08
0.13643,0.32,-0.06
0.13643,0.32,-0.04
0.13644,0.32,-0.04
0.13644,0.34,-0.04
0.13644,0.34,-0.02
0.13645,0.34,-0.02
0.13645,0.34,-0.02
0.13646,0.34,0
0.13646,0.34,0
0.13646,0.32,0.02
0.13647,0.32,0.02
0.13647,0.32,0.02
0.13648,0.32,0.04
0.13648,0.3,0.04
0.13648,0.3,0.04
0.13649,0.32,0.04
0.13649,0.32,0.06
0.1365,0.32,0.06
0.1365,0.3,0.06
0.1365,0.3,0.06
0.13651,0.3,0.08
0.13651,0.3,0.08
0.13652,0.3,0.1
0.13652,0.3,0.1
0.13652,0.3,0.12
0.13653,0.28,0.12
0.13653,0.28,0.12
0.13654,0.28,0.12
0.13654,0.28,0.12
0.13654,0.26,0.14
0.13655,0.26,0.14
0.13655,0.26,0.14
0.13656,0.26,0.16
0.13656,0.26,0.16
0.13656,0.26,0.16
0.13657,0.24,0.18
0.13657,0.24,0.18
0.13658,0.24,0.18
0.13658,0.24,0.18
0.13658,0.24,0.18
0.13659,0.22,0.2
0.13659,0.22,0.2
0.1366,0.22,0.2
0.1366,0.2,0.22
0.1366,0.2,0.22
0.13661,0.2,0.22
0.13661,0.2,0.22
0.13662,0.2,0.22
0.13662,0.18,0.22
0.13662,0.18,0.22
0.13663,0.16,0.24
0.13663,0.16,0.24
0.13664,0.16,0.22
0.13664,0.16,0.24
0.13664,0.16,0.24
0.13665,0.16,0.26
0.13665,0.14,0.24
0.13666,0.14,0.26
0.13666,0.14,0.26
0.13666,0.14,0.28
0.13667,0.12,0.26
0.13667,0.12,0.26
0.13668,0.12,0.26
0.13668,0.1,0.26
0.13668,0.1,0.26
0.13669,0.1,0.26
0.13669,0.1,0.26
0.1367,0.1,0.26
0.1367,0.1,0.26
0.1367,0.08,0.26
0.13671,0.08,0.28
0.13671,0.06,0.28
0.13672,0.06,0.28
0.13672,0.06,0.28
0.13672,0.06,0.28
0.13673,0.04,0.26
0.13673,0.04,0.26
0.13674,0.02,0.26
0.13674,0.02,0.26
0.13674,0.02,0.26
0.13675,0.02,0.26
0.13675,0.02,0.26
0.13676,0.02,0.28
0.13676,0.02,0.28
0.13676,0,0.28
0.13677,0,0.28
0.13677,0,0.26
0.13678,0,0.26
0.13678,-0.02,0.26
0.13678,-0.02,0.26
0.13679,-0.02,0.26
0.13679,-0.02,0.26
0.1368,-0.02,0.24
0.1368,-0.04,0.24
0.1368,-0.04,0.24
0.13681,-0.04,0.26
0.13681,-0.04,0.26
0.13682,-0.04,0.26
0.13682,-0.04,0.26
0.13682,-0.04,0.26
0.13683,-0.04,0.24
0.13683,-0.04,0.24
0.13684,-0.04,0.24
0.13684,-0.04,0.24
0.13684,-0.06,0.24
0.13685,-0.06,0.22
0.13685,-0.06,0.22
0.13686,-0.08,0.22
0.13686,-0.08,0.24
0.13686,-0.08,0.24
0.13687,-0.08,0.24
0.13687,-0.1,0.22
0.13688,-0.1,0.24
0.13688,-0.12,0.22
0.13688,-0.12,0.24
0.13689,-0.12,0.22
0.13689,-0.12,0.22
0.1369,-0.12,0.22
0.1369,-0.12,0.22
0.1369,-0.12,0.2
0.13691,-0.12,0.2
0.13691,-0.12,0.2
0.13692,-0.12,0.18
0.13692,-0.12,0.18
0.13692,-0.14,0.18
0.13693,-0.14,0.18
0.13693,-0.12,0.18
0.13694,-0.14,0.18
0.13694,-0.14,0.18
0.13694,-0.14,0.18
0.13695,-0.14,0.18
0.13695,-0.14,0.18
0.13696,-0.16,0.16
0.13696,-0.16,0.16
0.13696,-0.16,0.18
0.13697,-0.16,0.16
0.13697,-0.16,0.16
0.13698,-0.18,0.16
0.13698,-0.16,0.16
0.13698,-0.18,0.16
0.13699,-0.16,0.16
0.13699,-0.18,0.14
0.137,-0.16,0.14
0.137,-0.18,0.14
0.137,-0.16,0.14
0.13701,-0.16,0.14
0.13701,-0.16,0.14
0.13702,-0.18,0.14
0.13702,-0.16,0.14
0.13702,-0.16,0.14
0.13703,-0.18,0.14
0.13703,-0.18,0.14
0.13704,-0.18,0.14
0.13704,-0.18,0.12
0.13704,-0.18,0.12
0.13705,-0.18,0.1
0.13705,-0.16,0.1
0.13706,-0.16,0.1
0.13706,-0.16,0.12
0.13706,-0.16,0.1
0.13707,-0.16,0.1
0.13707,-0.16,0.1
0.13708,-0.16,0.1
0.13708,-0.16,0.08
0.13708,-0.16,0.08
0.13709,-0.14,0.08
0.13709,-0.14,0.1
0.1371,-0.16,0.1
0.1371,-0.16,0.08
0.1371,-0.16,0.08
0.13711,-0.18,0.08
0.13711,-0.18,0.1
0.13712,-0.18,0.08
0.13712,-0.18,0.08
0.13712,-0.18,0.08
0.13713,-0.18,0.08
0.13713,-0.18,0.06
0.13714,-0.18,0.08
0.13714,-0.18,0.08
0.13714,-0.16,0.06
0.13715,-0.16,0.06
0.13715,-0.16,0.06
0.13716,-0.16,0.06
0.13716,-0.16,0.06
0.13716,-0.16,0.06
0.13717,-0.16,0.06
0.13717,-0.14,0.06
0.13718,-0.14,0.06
0.13718,-0.14,0.08
0.13718,-0.14,0.06
0.13719,-0.14,0.06
0.13719,-0.14,0.06
0.1372,-0.14,0.04
0.1372,-0.14,0.06
0.1372,-0.14,0.06
0.13721,-0.14,0.06
0.13721,-0.16,0.04
0.13722,-0.16,0.04
0.13722,-0.16,0.04
0.13722,-0.16,0.04
0.13723,-0.14,0.04
0.13723,-0.14,0.04
0.13724,-0.12,0.04
0.13724,-0.12,0.02
0.13724,-0.12,0.04
0.13725,-0.12,0.04
0.13725,-0.12,0.04
0.13726,-0.12,0.04
0.13726,-0.12,0.04
0.13726,-0.14,0.06
0.13727,-0.12,0.06
0.13727,-0.12,0.04
0.13728,-0.12,0.02
0.13728,-0.12,0.04
0.13728,-0.12,0.04
0.13729,-0.12,0.04
0.13729,-0.12,0.04
0.1373,-0.12,0.04
0.1373,-0.1,0.02
0.1373,-0.1,0.02
0.13731,-0.12,0.02
0.13731,-0.1,0.02
0.13732,-0.12,0.02
0.13732,-0.12,0.04
0.13732,-0.12,0.04
0.13733,-0.12,0.04
0.13733,-0.12,0.04
0.13734,-0.1,0.04
0.13734,-0.1,0.04
0.13734,-0.1,0.02
0.13735,-0.1,0.04
0.13735,-0.12,0.04
0.13736,-0.12,0.04
0.13736,-0.12,0.04
0.13736,-0.1,0.02
0.13737,-0.1,0.02
0.13737,-0.1,0.02
0.13738,-0.1,0.02
0.13738,-0.1,0.02
0.13738,-0.1,0.02
0.13739,-0.08,0.02
0.13739,-0.08,0.02
0.1374,-0.06,0.02
0.1374,-0.08,0.04
0.1374,-0.08,0.04
0.13741,-0.08,0.02
0.13741,-0.08,0.02
0.13742,-0.08,0.02
0.13742,-0.08,0.02
0.13742,-0.08,0.02
0.13743,-0.08,0.04
0.13743,-0.08,0.04
0.13744,-0.1,0.02
0.13744,-0.1,0.02
0.13744,-0.1,0.02
0.13745,-0.1,0.02
0.13745,-0.08,0.02
0.13746,-0.08,0.02
0.13746,-0.08,0.02
0.13746,-0.08,0.02
0.13747,-0.08,0.02
0.13747,-0.08,0.02
0.13748,-0.08,0.02
0.13748,-0.08,0.02
0.13748,-0.08,0.04
0.13749,-0.08,0.04
0.13749,-0.08,0.04
0.1375,-0.08,0.02
0.1375,-0.08,0.02
0.1375,-0.1,0.02
0.13751,-0.08,0.02
0.13751,-0.08,0.04
0.13752,-0.08,0.04
0.13752,-0.08,0.04
0.13752,-0.06,0.04
0.13753,-0.06,0.04
0.13753,-0.08,0.02
0.13754,-0.08,0.04
0.13754,-0.08,0.02
0.13754,-0.08,0.02
0.13755,-0.08,0.02
0.13755,-0.08,0.04
0.13756,-0.08,0.02
0.13756,-0.08,0.02
0.13756,-0.08,0.04
0.13757,-0.06,0.02
0.13757,-0.06,0.02
0.13758,-0.06,0.02
0.13758,-0.06,0.04
0.13758,-0.06,0.02
0.13759,-0.06,0.02
0.13759,-0.06,0.02
0.1376,-0.06,0.02
0.1376,-0.08,0.02
0.1376,-0.06,0.02
0.13761,-0.06,0.02
0.13761,-0.06,0.02
0.13762,-0.06,0.02
0.13762,-0.08,0.04
0.13762,-0.08,0.04
0.13763,-0.08,0.02
0.13763,-0.08,0.02
0.13764,-0.06,0.02
0.13764,-0.06,0.02
0.13764,-0.08,0.04
0.13765,-0.06,0.04
0.13765,-0.06,0.04
0.13766,-0.08,0.04
0.13766,-0.06,0.04
0.13766,-0.08,0.04
0.13767,-0.08,0.04
0.13767,-0.06,0.04
0.13768,-0.06,0.02
0.13768,-0.06,0.02
0.13768,-0.06,0.02
0.13769,-0.04,0.02
0.13769,-0.04,0.02
0.1377,-0.04,0.02
0.1377,-0.04,0.02
0.1377,-0.04,0.04
0.13771,-0.06,0.02
0.13771,-0.04,0.02
0.13772,-0.02,0.02
0.13772,-0.02,0.02
0.13772,-0.04,0.02
0.13773,-0.04,0.02
0.13773,-0.04,0.02
0.13774,-0.04,0.02
0.13774,-0.04,0.02
0.13774,-0.04,0.02
0.13775,-0.06,0.04
0.13775,-0.06,0.04
0.13776,-0.06,0.04
0.13776,-0.04,0.04
0.13776,-0.04,0.04
0.13777,-0.04,0.02
0.13777,-0.04,0.04
0.13778,-0.06,0.04
0.13778,-0.04,0.04
0.13778,-0.02,0.02
0.13779,-0.04,0.02
0.13779,-0.04,0.02
0.1378,-0.04,0.02
0.1378,-0.04,0.02
0.1378,-0.04,0.04
0.13781,-0.04,0.04
0.13781,-0.04,0.04
0.13782,-0.04,0.04
0.13782,-0.06,0.04
0.13782,-0.04,0.02
0.13783,-0.06,0.02
0.13783,-0.06,0.02
0.13784,-0.04,0.04
0.13784,-0.06,0.04
0.13784,-0.06,0.04
0.13785,-0.06,0.04
0.13785,-0.06,0.02
0.13786,-0.06,0.02
0.13786,-0.06,0.04
0.13786,-0.04,0.04
0.13787,-0.06,0.04
0.13787,-0.06,0.04
0.13788,-0.06,0.04
0.13788,-0.06,0.04
0.13788,-0.06,0.04
0.13789,-0.06,0.04
0.13789,-0.06,0.04
0.1379,-0.06,0.04
0.1379,-0.06,0.04
0.1379,-0.06,0.04
0.13791,-0.06,0.04
0.13791,-0.06,0.04
0.13792,-0.04,0.04
0.13792,-0.06,0.04
0.13792,-0.06,0.06
0.13793,-0.06,0.04
0.13793,-0.06,0.04
0.13794,-0.06,0.04
0.13794,-0.06,0.04
0.13794,-0.06,0.04
0.13795,-0.04,0.04
0.13795,-0.04,0.04
0.13796,-0.04,0.04
0.13796,-0.04,0.04
0.13796,-0.06,0.04
0.13797,-0.04,0.04
0.13797,-0.04,0.04
0.13798,-0.04,0.04
0.13798,-0.04,0.04
0.13798,-0.04,0.04
0.13799,-0.04,0.04
0.13799,-0.04,0.02
0.138,-0.04,0.04
0.138,-0.04,0.04
0.138,-0.06,0.04
0.13801,-0.04,0.04
0.13801,-0.04,0.04
0.13802,-0.04,0.04
0.13802,-0.06,0.04
0.13802,-0.06,0.04
0.13803,-0.06,0.06
0.13803,-0.06,0.04
0.13804,-0.06,0.06
0.13804,-0.06,0.04
0.13804,-0.06,0.04
0.13805,-0.06,0.04
0.13805,-0.06,0.04
0.13806,-0.06,0.04
0.13806,-0.06,0.06
0.13806,-0.04,0.06
0.13807,-0.06,0.06
0.13807,-0.06,0.04
0.13808,-0.06,0.04
0.13808,-0.06,0.04
0.13808,-0.06,0.04
0.13809,-0.06,0.04
0.13809,-0.06,0.04
0.1381,-0.08,0.04
0.1381,-0.06,0.04
0.1381,-0.06,0.04
0.13811,-0.08,0.04
0.13811,-0.06,0.04
0.13812,-0.08,0.04
0.13812,-0.08,0.04
0.13812,-0.06,0.04
0.13813,-0.06,0.04
0.13813,-0.06,0.04
0.13814,-0.06,0.06
0.13814,-0.06,0.06
0.13814,-0.06,0.04
0.13815,-0.06,0.04
0.13815,-0.06,0.04
0.13816,-0.06,0.06
0.13816,-0.04,0.06
0.13816,-0.04,0.06
0.13817,-0.06,0.06
0.13817,-0.06,0.06
0.13818,-0.06,0.06
0.13818,-0.06,0.06
0.13818,-0.06,0.04
0.13819,-0.06,0.06
0.13819,-0.06,0.04
0.1382,-0.04,0.04
0.1382,-0.04,0.06
0.1382,-0.04,0.04
0.13821,-0.04,0.04
0.13821,-0.04,0.04
0.13822,-0.04,0.04
0.13822,-0.04,0.04
0.13822,-0.06,0.04
0.13823,-0.06,0.04
0.13823,-0.06,0.06
0.13824,-0.06,0.06
0.13824,-0.06,0.06
0.13824,-0.06,0.06
0.13825,-0.06,0.04
0.13825,-0.06,0.06
0.13826,-0.06,0.06
0.13826,-0.04,0.06
0.13826,-0.04,0.06
0.13827,-0.04,0.06
0.13827,-0.04,0.06
0.13828,-0.06,0.06
0.13828,-0.06,0.06
0.13828,-0.06,0.06
0.13829,-0.04,0.06
0.13829,-0.04,0.06
0.1383,-0.04,0.06
0.1383,-0.04,0.06
0.1383,-0.04,0.06
0.13831,-0.06,0.06
0.13831,-0.06,0.06
0.13832,-0.06,0.06
0.13832,-0.06,0.06
0.13832,-0.04,0.06
0.13833,-0.04,0.06
0.13833,-0.06,0.06
0.13834,-0.06,0.06
0.13834,-0.06,0.06
0.13834,-0.06,0.06
0.13835,-0.04,0.06
0.13835,-0.06,0.04
0.13836,-0.06,0.06
0.13836,-0.06,0.06
0.13836,-0.06,0.06
0.13837,-0.06,0.06
0.13837,-0.06,0.06
0.13838,-0.06,0.06
0.13838,-0.06,0.06
0.13838,-0.06,0.06
0.13839,-0.04,0.06
0.13839,-0.06,0.06
0.1384,-0.06,0.06
0.1384,-0.04,0.06
0.1384,-0.06,0.06
0.13841,-0.06,0.06
0.13841,-0.06,0.06
0.13842,-0.06,0.06
0.13842,-0.04,0.06
0.13842,-0.04,0.06
0.13843,-0.06,0.06
0.13843,-0.06,0.06
0.13844,-0.06,0.04
0.13844,-0.06,0.04
0.13844,-0.06,0.04
0.13845,-0.08,0.06
0.13845,-0.08,0.06
0.13846,-0.06,0.08
0.13846,-0.06,0.08
0.13846,-0.08,0.06
0.13847,-0.08,0.06
0.13847,-0.06,0.06
0.13848,-0.06,0.04
0.13848,-0.06,0.04
0.13848,-0.04,0.04
0.13849,-0.06,0.06
0.13849,-0.08,0.06
0.1385,-0.08,0.06
0.1385,-0.08,0.06
0.1385,-0.06,0.06
0.13851,-0.08,0.06
0.13851,-0.08,0.06
0.13852,-0.06,0.06
0.13852,-0.06,0.06
0.13852,-0.06,0.04
0.13853,-0.06,0.04
0.13853,-0.06,0.04
0.13854,-0.06,0.04
0.13854,-0.06,0.04
0.13854,-0.06,0.04
0.13855,-0.06,0.06
0.13855,-0.08,0.06
0.13856,-0.08,0.06
0.13856,-0.08,0.06
0.13856,-0.08,0.04
0.13857,-0.08,0.04
0.13857,-0.06,0.04
0.13858,-0.06,0.04
0.13858,-0.04,0.04
0.13858,-0.04,0.06
0.13859,-0.06,0.06
0.13859,-0.04,0.06
0.1386,-0.06,0.06
0.1386,-0.06,0.06
0.1386,-0.08,0.04
0.13861,-0.08,0.04
0.13861,-0.08,0.04
0.13862,-0.06,0.04
0.13862,-0.08,0.04
0.13862,-0.08,0.04
0.13863,-0.08,0.04
0.13863,-0.08,0.02
0.13864,-0.06,0.04
0.13864,-0.06,0.04
0.13864,-0.06,0.04
0.13865,-0.08,0.04
0.13865,-0.06,0.04
0.13866,-0.04,0.04
0.13866,-0.06,0.02
0.13866,-0.06,0.04
0.13867,-0.06,0.04
0.13867,-0.04,0.04
0.13868,-0.04,0.06
0.13868,-0.04,0.06
0.13868,-0.06,0.06
0.13869,-0.06,0.06
0.13869,-0.06,0.06
0.1387,-0.06,0.04
0.1387,-0.06,0.06
0.1387,-0.06,0.06
0.13871,-0.04,0.06
0.13871,-0.06,0.04
0.13872,-0.06,0.06
0.13872,-0.06,0.04
0.13872,-0.06,0.04
0.13873,-0.06,0.04
0.13873,-0.08,0.04
0.13874,-0.08,0.04
0.13874,-0.06,0.06
0.13874,-0.06,0.04
0.13875,-0.06,0.04
0.13875,-0.06,0.04
0.13876,-0.06,0.04
0.13876,-0.04,0.04
0.13876,-0.04,0.04
0.13877,-0.04,0.04
0.13877,-0.06,0.04
0.13878,-0.06,0.04
0.13878,-0.06,0.04
0.13878,-0.06,0.04
0.13879,-0.06,0.04
0.13879,-0.06,0.04
0.1388,-0.06,0.04
0.1388,-0.04,0.04
0.1388,-0.04,0.04
0.13881,-0.04,0.04
0.13881,-0.04,0.04
0.13882,-0.06,0.04
0.13882,-0.06,0.04
0.13882,-0.08,0.04
0.13883,-0.06,0.06
0.13883,-0.06,0.06
0.13884,-0.06,0.06
0.13884,-0.06,0.04
0.13884,-0.04,0.04
0.13885,-0.04,0.06
0.13885,-0.04,0.06
0.13886,-0.04,0.06
0.13886,-0.04,0.06
0.13886,-0.04,0.06
0.13887,-0.04,0.06
0.13887,-0.06,0.06
0.13888,-0.06,0.06
0.13888,-0.06,0.06
0.13888,-0.06,0.06
0.13889,-0.04,0.06
0.13889,-0.04,0.06
0.1389,-0.04,0.06
0.1389,-0.04,0.06
0.1389,-0.04,0.04
0.13891,-0.04,0.04
0.13891,-0.04,0.06
0.13892,-0.04,0.06
0.13892,-0.04,0.06
0.13892,-0.06,0.06
0.13893,-0.06,0.06
0.13893,-0.06,0.06
0.13894,-0.06,0.06
0.13894,-0.06,0.06
0.13894,-0.06,0.06
0.13895,-0.06,0.06
0.13895,-0.04,0.06
0.13896,-0.04,0.08
0.13896,-0.04,0.06
0.13896,-0.04,0.06
0.13897,-0.04,0.06
0.13897,-0.04,0.06
0.13898,-0.04,0.06
0.13898,-0.04,0.06
0.13898,-0.04,0.06
0.13899,-0.04,0.08
0.13899,-0.04,0.06
0.139,-0.04,0.08
0.139,-0.04,0.06
0.139,-0.06,0.06
0.13901,-0.06,0.06
0.13901,-0.06,0.06
0.13902,-0.06,0.06
0.13902,-0.06,0.06
0.13902,-0.06,0.06
0.13903,-0.06,0.06
0.13903,-0.06,0.06
0.13904,-0.06,0.06
0.13904,-0.06,0.06
0.13904,-0.06,0.04
0.13905,-0.06,0.04
0.13905,-0.04,0.04
0.13906,-0.06,0.04
0.13906,-0.06,0.04
0.13906,-0.06,0.06
0.13907,-0.06,0.06
0.13907,-0.06,0.06
0.13908,-0.04,0.06
0.13908,-0.04,0.08
0.13908,-0.04,0.08
0.13909,-0.04,0.06
0.13909,-0.04,0.06
0.1391,-0.06,0.06
0.1391,-0.04,0.06
0.1391,-0.06,0.06
0.13911,-0.06,0.06
0.13911,-0.06,0.06
0.13912,-0.06,0.06
0.13912,-0.06,0.06
0.13912,-0.06,0.06
0.13913,-0.06,0.06
0.13913,-0.06,0.06
0.13914,-0.06,0.06
0.13914,-0.06,0.06
0.13914,-0.06,0.06
0.13915,-0.06,0.08
0.13915,-0.06,0.08
0.13916,-0.06,0.06
0.13916,-0.06,0.06
0.13916,-0.06,0.06
0.13917,-0.06,0.06
0.13917,-0.06,0.06
0.13918,-0.06,0.06
0.13918,-0.06,0.06
0.13918,-0.04,0.06
0.13919,-0.04,0.06
0.13919,-0.04,0.06
0.1392,-0.06,0.06
0.1392,-0.06,0.06
0.1392,-0.06,0.06
0.13921,-0.06,0.06
0.13921,-0.04,0.06
0.13922,-0.04,0.06
0.13922,-0.06,0.08
0.13922,-0.08,0.08
0.13923,-0.08,0.06
0.13923,-0.06,0.06
0.13924,-0.06,0.06
0.13924,-0.06,0.06
0.13924,-0.06,0.06
0.13925,-0.06,0.06
0.13925,-0.08,0.06
0.13926,-0.08,0.04
0.13926,-0.06,0.06
0.13926,-0.06,0.06
0.13927,-0.06,0.06
0.13927,-0.06,0.06
0.13928,-0.06,0.06
0.13928,-0.06,0.06
0.13928,-0.06,0.06
0.13929,-0.06,0.06
0.13929,-0.08,0.06
0.1393,-0.08,0.06
0.1393,-0.08,0.06
0.1393,-0.06,0.06
0.13931,-0.06,0.06
0.13931,-0.06,0.06
0.13932,-0.06,0.06
0.13932,-0.06,0.06
0.13932,-0.06,0.06
0.13933,-0.08,0.06
0.13933,-0.06,0.06
0.13934,-0.06,0.08
0.13934,-0.06,0.08
0.13934,-0.06,0.08
0.13935,-0.06,0.08
0.13935,-0.06,0.08
0.13936,-0.08,0.06
0.13936,-0.08,0.06
0.13936,-0.08,0.06
0.13937,-0.08,0.04
0.13937,-0.06,0.04
0.13938,-0.06,0.06
0.13938,-0.06,0.06
0.13938,-0.06,0.06
0.13939,-0.04,0.06
0.13939,-0.04,0.04
0.1394,-0.06,0.04
0.1394,-0.06,0.04
0.1394,-0.06,0.06
0.13941,-0.06,0.04
0.13941,-0.06,0.04
0.13942,-0.08,0.04
0.13942,-0.06,0.04
0.13942,-0.06,0.04
0.13943,-0.06,0.06
0.13943,-0.08,0.06
0.13944,-0.08,0.04
0.13944,-0.08,0.04
0.13944,-0.06,0.04
0.13945,-0.08,0.04
0.13945,-0.06,0.04
0.13946,-0.06,0.04
0.13946,-0.06,0.04
0.13946,-0.06,0.04
0.13947,-0.06,0.04
0.13947,-0.06,0.06
0.13948,-0.06,0.06
0.13948,-0.06,0.06
0.13948,-0.06,0.06
0.13949,-0.06,0.06
0.13949,-0.06,0.06
0.1395,-0.06,0.06
0.1395,-0.06,0.06
0.1395,-0.06,0.04
0.13951,-0.06,0.06
0.13951,-0.06,0.06
0.13952,-0.06,0.04
0.13952,-0.06,0.04
0.13952,-0.06,0.04
0.13953,-0.08,0.06
0.13953,-0.08,0.06
0.13954,-0.06,0.06
0.13954,-0.06,0.04
0.13954,-0.06,0.04
0.13955,-0.08,0.04
0.13955,-0.08,0.04
0.13956,-0.08,0.04
0.13956,-0.06,0.04
0.13956,-0.08,0.04
0.13957,-0.08,0.06
0.13957,-0.08,0.06
0.13958,-0.08,0.06
0.13958,-0.08,0.04
0.13958,-0.08,0.04
0.13959,-0.06,0.04
0.13959,-0.06,0.04
0.1396,-0.06,0.06
0.1396,-0.04,0.06
0.1396,-0.06,0.06
0.13961,-0.06,0.06
0.13961,-0.06,0.06
0.13962,-0.06,0.06
0.13962,-0.06,0.06
0.13962,-0.06,0.06
0.13963,-0.06,0.06
0.13963,-0.06,0.06
0.13964,-0.04,0.06
0.13964,-0.06,0.06
0.13964,-0.06,0.04
0.13965,-0.06,0.04
0.13965,-0.06,0.06
0.13966,-0.06,0.06
0.13966,-0.06,0.06
0.13966,-0.06,0.06
0.13967,-0.04,0.04
0.13967,-0.04,0.06
0.13968,-0.04,0.08
0.13968,-0.04,0.06
0.13968,-0.06,0.06
0.13969,-0.06,0.06
0.13969,-0.06,0.06
0.1397,-0.08,0.06
0.1397,-0.08,0.04
0.1397,-0.06,0.04
0.13971,-0.06,0.04
0.13971,-0.06,0.04
0.13972,-0.06,0.06
0.13972,-0.08,0.06
0.13972,-0.08,0.06
0.13973,-0.08,0.06
0.13973,-0.08,0.04
0.13974,-0.08,0.04
0.13974,-0.08,0.04
0.13974,-0.06,0.04
0.13975,-0.06,0.04
0.13975,-0.06,0.02
0.13976,-0.06,0.04
0.13976,-0.06,0.04
0.13976,-0.04,0.04
0.13977,-0.04,0.02
0.13977,-0.06,0.02
0.13978,-0.08,0.02
0.13978,-0.06,0.02
0.13978,-0.06,0.02
0.13979,-0.06,0.04
0.13979,-0.06,0.04
0.1398,-0.06,0.04
0.1398,-0.06,0.04
0.1398,-0.06,0.02
0.13981,-0.06,0.04
0.13981,-0.06,0.04
0.13982,-0.08,0.04
0.13982,-0.08,0.04
0.13982,-0.08,0.04
0.13983,-0.08,0.04
0.13983,-0.06,0.04
0.13984,-0.06,0.04
0.13984,-0.06,0.04
0.13984,-0.06,0.04
0.13985,-0.08,0.04
0.13985,-0.06,0.04
0.13986,-0.04,0.04
0.13986,-0.04,0.04
0.13986,-0.06,0.04
0.13987,-0.06,0.04
0.13987,-0.06,0.04
0.13988,-0.08,0.04
0.13988,-0.06,0.06
0.13988,-0.06,0.04
0.13989,-0.06,0.04
0.13989,-0.06,0.04
0.1399,-0.06,0.06
0.1399,-0.06,0.06
0.1399,-0.06,0.06
0.13991,-0.08,0.04
0.13991,-0.06,0.04
0.13992,-0.06,0.04
0.13992,-0.06,0.04
0.13992,-0.08,0.04
0.13993,-0.08,0.04
0.13993,-0.06,0.06
0.13994,-0.06,0.06
0.13994,-0.06,0.06
0.13994,-0.06,0.04
0.13995,-0.04,0.04
0.13995,-0.04,0.04
0.13996,-0.04,0.04
0.13996,-0.06,0.04
0.13996,-0.06,0.04
0.13997,-0.06,0.04
0.13997,-0.06,0.04
0.13998,-0.06,0.04
0.13998,-0.06,0.04
0.13998,-0.06,0.04
0.13999,-0.06,0.04
0.13999,-0.06,0.06
0.14,-0.06,0.04
0.14,-0.04,0.04
0.14,-0.04,0.04
0.14001,-0.04,0.04
0.14001,-0.06,0.04
0.14002,-0.06,0.04
0.14002,-0.06,0.04
0.14002,-0.04,0.04
0.14003,-0.06,0.04
0.14003,-0.04,0.04
0.14004,-0.04,0.04
0.14004,-0.04,0.04
0.14004,-0.04,0.04
0.14005,-0.04,0.04
0.14005,-0.06,0.02
0.14006,-0.06,0.02
0.14006,-0.06,0.02
0.14006,-0.06,0.02
0.14007,-0.06,0.04
0.14007,-0.06,0.04
0.14008,-0.06,0.04
0.14008,-0.04,0.02
0.14008,-0.04,0.04
0.14009,-0.06,0.04
0.14009,-0.04,0.04
0.1401,-0.04,0.04
0.1401,-0.04,0.04
0.1401,-0.04,0.04
0.14011,-0.04,0.04
0.14011,-0.06,0.04
0.14012,-0.06,0.04
