-0.00028,0,0
-0.000278,0,0
-0.000276,0,0.08
-0.000274,0,0
-0.000272,0.08,0
-0.00027,0,0
-0.000268,0,0
-0.000266,0,0
-0.000264,0,0
-0.000262,0,0
-0.00026,0,0
-0.000258,0,-0.08
-0.000256,0,0
-0.000254,0,0
-0.000252,0,-0.08
-0.00025,0,0
-0.000248,0,0
-0.000246,-0.08,0
-0.000244,-0.08,0
-0.000242,0,0
-0.00024,-0.08,0
-0.000238,-0.08,0
-0.000236,-0.08,0.08
-0.000234,0,0.08
-0.000232,-0.08,0.16
-0.00023,0,0.08
-0.000228,0,0.08
-0.000226,0,0.08
-0.000224,0,0.08
-0.000222,0,0.08
-0.00022,0,0.08
-0.000218,0,0.08
-0.000216,0.08,0.08
-0.000214,0,0.08
-0.000212,0.08,0.08
-0.00021,0.08,0.08
-0.000208,0,0
-0.000206,0,0.08
-0.000204,0,0
-0.000202,0,-0.08
-0.0002,0,0
-0.000198,0,-0.08
-0.000196,-0.08,-0.08
-0.000194,0,0
-0.000192,0,0
-0.00019,0,0
-0.000188,0,0
-0.000186,0,0
-0.000184,0,0
-0.000182,0.08,0
-0.00018,0,-0.08
-0.000178,0,0
-0.000176,0,0
-0.000174,-0.08,-0.08
-0.000172,-0.08,-0.08
-0.00017,0,-0.08
-0.000168,-0.08,0
-0.000166,0,0.08
-0.000164,0,0
-0.000162,0,0
-0.00016,-0.08,0.08
-0.000158,-0.08,0
-0.000156,-0.08,0
-0.000154,-0.08,0
-0.000152,-0.08,0
-0.00015,-0.08,0
-0.000148,0,0
-0.000146,0,0
-0.000144,0,0
-0.000142,0,0
-0.00014,0,0.08
-0.000138,0,0.08
-0.000136,0,0.08
-0.000134,0,0.08
-0.000132,0,0.08
-0.00013,0,0.08
-0.000128,0,0
-0.000126,0,0
-0.000124,0,0.08
-0.000122,0,0
-0.00012,0,0.08
-0.000118,-0.08,0.08
-0.000116,-0.08,0
-0.000114,-0.08,0
-0.000112,0,0
-0.00011,0,0
-0.000108,0,0.08
-0.000106,0,0
-0.000104,0,0.08
-0.000102,0,0.08
-0.0001,0,0.08
-9.8e-005,0,0
-9.6e-005,-0.08,0
-9.4e-005,0,0
-9.2e-005,0,-0.08
-9e-005,0,0
-8.8e-005,0,0
-8.6e-005,0,0
-8.4e-005,0,0
-8.2e-005,0,0.08
-8e-005,0,0.08
-7.8e-005,0,0.08
-7.6e-005,0.08,0.08
-7.4e-005,0,0.08
-7.2e-005,0,0.08
-7e-005,0,0.08
-6.8e-005,0,0.08
-6.6e-005,0,0.08
-6.4e-005,0,0
-6.2e-005,0,0.08
-6e-005,0,0.08
-5.8e-005,0,0.08
-5.6e-005,0,0.08
-5.4e-005,0,0.08
-5.2e-005,0,0.08
-5e-005,0,0
-4.8e-005,0,0.08
-4.6e-005,0,0
-4.4e-005,0,0
-4.2e-005,0,0
-4e-005,0,0
-3.8e-005,0,0
-3.6e-005,0,0
-3.4e-005,0,0
-3.2e-005,0,-0.08
-3e-005,0,0
-2.8e-005,0,0
-2.6e-005,0,0
-2.4e-005,0,0.08
-2.2e-005,0,0
-2e-005,-0.08,-0.08
-1.8e-005,-0.08,-0.08
-1.6e-005,0,-0.08
-1.4e-005,0,-0.08
-1.2e-005,-0.08,0
-1e-005,-0.08,0.08
-8e-006,-6.96,-7.44
-6e-006,-6.96,-7.44
-4e-006,5.68,-7.52
-2e-006,7.44,-7.52
0,7.52,-7.52
2e-006,7.52,-7.52
4e-006,7.52,-7.52
6e-006,7.52,-7.52
8e-006,7.6,-7.52
1e-005,7.52,-7.52
1.2e-005,7.52,-7.52
1.4e-005,7.52,-7.52
1.6e-005,7.52,-7.52
1.8e-005,7.6,-7.52
2e-005,7.6,-7.52
2.2e-005,7.52,-7.52
2.4e-005,7.52,-7.52
2.6e-005,7.52,-7.52
2.8e-005,7.6,-7.44
3e-005,7.52,-7.52
3.2e-005,7.52,-7.52
3.4e-005,7.52,-7.44
3.6e-005,7.52,-7.52
3.8e-005,7.52,-7.52
4e-005,7.52,-7.52
4.2e-005,7.52,-7.44
4.4e-005,7.52,-7.44
4.6e-005,7.52,-7.52
4.8e-005,7.52,-7.52
5e-005,7.52,-7.44
5.2e-005,7.52,-7.52
5.4e-005,7.52,-7.44
5.6e-005,7.52,-7.52
5.8e-005,7.52,-7.52
6e-005,7.52,-7.44
6.2e-005,7.52,-7.52
6.4e-005,7.52,-7.44
6.6e-005,7.52,6.72
6.8e-005,7.52,6.8
7e-005,7.52,6.8
7.2e-005,7.44,6.8
7.4e-005,7.52,6.88
7.6e-005,7.52,6.88
7.8e-005,7.52,6.88
8e-005,7.52,6.88
8.2e-005,7.52,6.88
8.4e-005,7.44,6.88
8.6e-005,7.52,6.88
8.8e-005,7.52,6.8
9e-005,7.52,6.88
9.2e-005,7.52,6.88
9.4e-005,7.52,6.8
9.6e-005,7.44,6.88
9.8e-005,7.52,6.88
0.0001,7.44,6.88
0.000102,7.44,1.84
0.000104,3.92,-0.4
0.000106,2.72,-1.6
0.000108,2.32,-2.16
0.00011,2.32,-2.24
0.000112,2.56,-2
0.000114,3.04,-1.52
0.000116,3.6,-0.96
0.000118,4.16,-0.32
0.00012,4.64,0.32
0.000122,5.2,1.04
0.000124,5.6,1.52
0.000126,5.84,2.08
0.000128,6.08,2.48
0.00013,6.16,2.88
0.000132,6.24,3.2
0.000134,6.16,3.52
0.000136,6.08,3.68
0.000138,5.84,3.84
0.00014,5.68,3.92
0.000142,5.36,4
0.000144,5.04,4
0.000146,4.72,4
0.000148,4.4,4
0.00015,4,4
0.000152,3.68,4
0.000154,3.28,3.92
0.000156,2.88,3.84
0.000158,2.56,3.84
0.00016,2.08,3.84
0.000162,1.76,3.84
0.000164,1.44,3.76
0.000166,1.04,3.68
0.000168,0.8,3.6
0.00017,0.48,3.44
0.000172,0.24,3.44
0.000174,-0.08,3.36
0.000176,-0.32,3.2
0.000178,-0.56,3.12
0.00018,-0.88,2.96
0.000182,-1.04,2.88
0.000184,-1.36,2.72
0.000186,-1.52,2.56
0.000188,-1.68,2.4
0.00019,-1.92,2.24
0.000192,-2.08,2.08
0.000194,-2.24,1.92
0.000196,-2.32,1.76
0.000198,-2.48,1.6
0.0002,-2.64,1.44
0.000202,-2.8,1.2
0.000204,-2.8,1.04
0.000206,-2.96,0.8
0.000208,-2.96,0.56
0.00021,-3.04,0.4
0.000212,-3.12,0.16
0.000214,-3.12,-0.08
0.000216,-3.12,-0.32
0.000218,-3.04,-0.48
0.00022,-3.04,-0.72
0.000222,-3.04,-0.96
0.000224,-2.96,-1.12
0.000226,-2.88,-1.36
0.000228,-2.8,-1.52
0.00023,-2.72,-1.76
0.000232,-2.56,-1.92
0.000234,-2.4,-2.08
0.000236,-2.32,-2.24
0.000238,-2.16,-2.4
0.00024,-2,-2.56
0.000242,-1.84,-2.72
0.000244,-1.68,-2.8
0.000246,-1.44,-3.04
0.000248,-1.28,-3.12
0.00025,-1.12,-3.2
0.000252,-0.96,-3.36
0.000254,-0.72,-3.36
0.000256,-0.48,-3.36
0.000258,-0.24,-3.44
0.00026,-0.08,-3.44
0.000262,0.24,-3.52
0.000264,0.48,-3.44
0.000266,0.72,-3.44
0.000268,0.88,-3.44
0.00027,1.12,-3.36
0.000272,1.28,-3.36
0.000274,1.52,-3.28
0.000276,1.68,-3.2
0.000278,1.92,-3.12
0.00028,2.08,-3.04
0.000282,2.32,-2.96
0.000284,2.48,-2.8
0.000286,2.72,-2.72
0.000288,2.8,-2.48
0.00029,2.96,-2.4
0.000292,3.12,-2.24
0.000294,3.2,-2
0.000296,3.36,-1.84
0.000298,3.44,-1.68
0.0003,3.6,-1.52
0.000302,3.68,-1.28
0.000304,3.68,-1.12
0.000306,3.76,-0.88
0.000308,3.84,-0.72
0.00031,3.92,-0.48
0.000312,3.92,-0.32
0.000314,3.92,-0.08
0.000316,3.92,0.16
0.000318,3.92,0.32
0.00032,3.92,0.56
0.000322,3.92,0.8
0.000324,3.84,0.96
0.000326,3.76,1.2
0.000328,3.68,1.36
0.00033,3.6,1.52
0.000332,3.52,1.68
0.000334,3.36,1.92
0.000336,3.2,2.08
0.000338,3.04,2.24
0.00034,2.96,2.4
0.000342,2.8,2.56
0.000344,2.64,2.72
0.000346,2.48,2.8
0.000348,2.16,2.88
0.00035,2,2.96
0.000352,1.84,3.04
0.000354,1.6,3.12
0.000356,1.44,3.2
0.000358,1.2,3.28
0.00036,1.04,3.28
0.000362,0.8,3.28
0.000364,0.64,3.28
0.000366,0.4,3.28
0.000368,0.16,3.2
0.00037,-0.08,3.2
0.000372,-0.32,3.2
0.000374,-0.56,3.2
0.000376,-0.72,3.12
0.000378,-1.04,3.04
0.00038,-1.2,2.96
0.000382,-1.36,2.8
0.000384,-1.52,2.72
0.000386,-1.76,2.56
0.000388,-1.84,2.4
0.00039,-2,2.32
0.000392,-2.24,2.16
0.000394,-2.32,2
0.000396,-2.4,1.84
0.000398,-2.56,1.68
0.0004,-2.72,1.44
0.000402,-2.8,1.28
0.000404,-2.88,1.12
0.000406,-2.96,0.88
0.000408,-3.04,0.72
0.00041,-3.04,0.56
0.000412,-3.12,0.32
0.000414,-3.12,0.16
0.000416,-3.12,-0.08
0.000418,-3.12,-0.32
0.00042,-3.12,-0.56
0.000422,-3.04,-0.72
0.000424,-3.04,-0.88
0.000426,-2.96,-1.12
0.000428,-2.88,-1.28
0.00043,-2.88,-1.52
0.000432,-2.8,-1.6
0.000434,-2.64,-1.76
0.000436,-2.48,-2
0.000438,-2.4,-2.16
0.00044,-2.24,-2.32
0.000442,-2.16,-2.4
0.000444,-2,-2.64
0.000446,-1.76,-2.64
0.000448,-1.6,-2.8
0.00045,-1.36,-2.88
0.000452,-1.28,-2.96
0.000454,-0.96,-3.04
0.000456,-0.8,-3.12
0.000458,-0.64,-3.2
0.00046,-0.4,-3.2
0.000462,-0.16,-3.2
0.000464,0,-3.28
0.000466,0.24,-3.28
0.000468,0.4,-3.2
0.00047,0.64,-3.2
0.000472,0.88,-3.2
0.000474,1.04,-3.12
0.000476,1.28,-3.04
0.000478,1.44,-3.04
0.00048,1.68,-2.88
0.000482,1.84,-2.8
0.000484,2,-2.64
0.000486,2.16,-2.56
0.000488,2.32,-2.4
0.00049,2.48,-2.24
0.000492,2.64,-2.16
0.000494,2.8,-2
0.000496,2.88,-1.84
0.000498,3.04,-1.68
0.0005,3.2,-1.52
0.000502,3.2,-1.28
0.000504,3.28,-1.12
0.000506,3.44,-0.88
0.000508,3.36,-0.72
0.00051,3.44,-0.56
0.000512,3.52,-0.32
0.000514,3.52,-0.16
0.000516,3.52,0
0.000518,3.44,0.24
0.00052,3.44,0.48
0.000522,3.52,0.64
0.000524,3.44,0.8
0.000526,3.44,0.96
0.000528,3.36,1.2
0.00053,3.28,1.36
0.000532,3.2,1.52
0.000534,3.04,1.68
0.000536,2.96,1.92
0.000538,2.72,2.08
0.00054,2.64,2.24
0.000542,2.56,2.32
0.000544,2.4,2.4
0.000546,2.24,2.56
0.000548,2.08,2.56
0.00055,1.84,2.72
0.000552,1.68,2.72
0.000554,1.52,2.8
0.000556,1.28,2.88
0.000558,1.2,2.96
0.00056,0.96,2.96
0.000562,0.72,3.04
0.000564,0.56,3.04
0.000566,0.4,3.04
0.000568,0.16,3.04
0.00057,-0.08,3.04
0.000572,-0.24,3.04
0.000574,-0.48,3.04
0.000576,-0.72,2.96
0.000578,-0.96,2.88
0.00058,-1.12,2.8
0.000582,-1.28,2.72
0.000584,-1.44,2.56
0.000586,-1.6,2.48
0.000588,-1.76,2.4
0.00059,-1.92,2.24
0.000592,-2.08,2.08
0.000594,-2.24,2
0.000596,-2.24,1.84
0.000598,-2.4,1.68
0.0006,-2.56,1.52
0.000602,-2.64,1.28
0.000604,-2.72,1.12
0.000606,-2.8,0.96
0.000608,-2.88,0.72
0.00061,-2.96,0.56
0.000612,-3.04,0.4
0.000614,-3.04,0.24
0.000616,-3.04,0
0.000618,-3.04,-0.16
0.00062,-3.04,-0.32
0.000622,-3.04,-0.56
0.000624,-3.04,-0.72
0.000626,-2.96,-0.88
0.000628,-2.88,-1.12
0.00063,-2.8,-1.28
0.000632,-2.72,-1.52
0.000634,-2.56,-1.6
0.000636,-2.48,-1.76
0.000638,-2.32,-1.92
0.00064,-2.24,-2.08
0.000642,-2.08,-2.24
0.000644,-1.92,-2.4
0.000646,-1.84,-2.48
0.000648,-1.68,-2.56
0.00065,-1.44,-2.64
0.000652,-1.36,-2.72
0.000654,-1.12,-2.8
0.000656,-0.96,-2.88
0.000658,-0.8,-2.88
0.00066,-0.56,-2.96
0.000662,-0.4,-2.96
0.000664,-0.24,-3.04
0.000666,0,-3.04
0.000668,0.24,-2.96
0.00067,0.4,-3.04
0.000672,0.64,-2.96
0.000674,0.8,-2.96
0.000676,0.96,-2.96
0.000678,1.2,-2.88
0.00068,1.36,-2.72
0.000682,1.52,-2.64
0.000684,1.68,-2.48
0.000686,1.84,-2.4
0.000688,2.08,-2.24
0.00069,2.16,-2.16
0.000692,2.32,-2.08
0.000694,2.48,-1.92
0.000696,2.56,-1.76
0.000698,2.72,-1.6
0.0007,2.8,-1.44
0.000702,2.88,-1.28
0.000704,2.96,-1.12
0.000706,3.04,-1.04
0.000708,3.12,-0.8
0.00071,3.2,-0.64
0.000712,3.28,-0.48
0.000714,3.28,-0.24
0.000716,3.28,-0.08
0.000718,3.28,0.08
0.00072,3.2,0.32
0.000722,3.2,0.4
0.000724,3.2,0.64
0.000726,3.12,0.72
0.000728,3.04,0.96
0.00073,3.04,1.12
0.000732,2.88,1.2
0.000734,2.88,1.44
0.000736,2.72,1.6
0.000738,2.64,1.76
0.00074,2.56,1.84
0.000742,2.4,2
0.000744,2.24,2.16
0.000746,2.08,2.24
0.000748,1.92,2.32
0.00075,1.76,2.48
0.000752,1.6,2.48
0.000754,1.36,2.56
0.000756,1.2,2.64
0.000758,1.04,2.72
0.00076,0.88,2.8
0.000762,0.72,2.8
0.000764,0.56,2.8
0.000766,0.32,2.8
0.000768,0.16,2.88
0.00077,-0.08,2.8
0.000772,-0.24,2.88
0.000774,-0.4,2.8
0.000776,-0.64,2.72
0.000778,-0.8,2.64
0.00078,-0.96,2.64
0.000782,-1.04,2.56
0.000784,-1.28,2.48
0.000786,-1.36,2.4
0.000788,-1.52,2.32
0.00079,-1.68,2.08
0.000792,-1.76,2.08
0.000794,-1.92,1.84
0.000796,-2.16,1.76
0.000798,-2.24,1.68
0.0008,-2.4,1.52
0.000802,-2.48,1.36
0.000804,-2.56,1.2
0.000806,-2.64,1.04
0.000808,-2.72,0.88
0.00081,-2.8,0.64
0.000812,-2.8,0.48
0.000814,-2.8,0.32
0.000816,-2.88,0.16
0.000818,-2.88,0
0.00082,-2.88,-0.16
0.000822,-2.88,-0.4
0.000824,-2.72,-0.56
0.000826,-2.72,-0.8
0.000828,-2.64,-0.96
0.00083,-2.64,-1.12
0.000832,-2.56,-1.2
0.000834,-2.48,-1.36
0.000836,-2.4,-1.52
0.000838,-2.24,-1.6
0.00084,-2.16,-1.76
0.000842,-2,-1.84
0.000844,-1.92,-1.92
0.000846,-1.76,-2
0.000848,-1.6,-2.16
0.00085,-1.44,-2.24
0.000852,-1.36,-2.4
0.000854,-1.2,-2.48
0.000856,-0.96,-2.56
0.000858,-0.88,-2.56
0.00086,-0.72,-2.64
0.000862,-0.56,-2.64
0.000864,-0.32,-2.72
0.000866,-0.08,-2.72
0.000868,0.08,-2.72
0.00087,0.24,-2.72
0.000872,0.48,-2.72
0.000874,0.64,-2.64
0.000876,0.72,-2.56
0.000878,0.88,-2.56
0.00088,1.12,-2.48
0.000882,1.2,-2.4
0.000884,1.36,-2.32
0.000886,1.44,-2.24
0.000888,1.6,-2.16
0.00089,1.76,-2.08
0.000892,1.92,-1.92
0.000894,2,-1.84
0.000896,2.16,-1.68
0.000898,2.24,-1.6
0.0009,2.4,-1.44
0.000902,2.48,-1.36
0.000904,2.56,-1.2
0.000906,2.56,-1.04
0.000908,2.64,-0.88
0.00091,2.72,-0.72
0.000912,2.72,-0.56
0.000914,2.8,-0.4
0.000916,2.8,-0.24
0.000918,2.88,0
0.00092,2.88,0.08
0.000922,2.88,0.32
0.000924,2.88,0.48
0.000926,2.8,0.56
0.000928,2.8,0.72
0.00093,2.8,0.88
0.000932,2.64,1.04
0.000934,2.56,1.2
0.000936,2.48,1.36
0.000938,2.32,1.44
0.00094,2.32,1.52
0.000942,2.16,1.68
0.000944,2,1.84
0.000946,1.92,1.92
0.000948,1.76,2
0.00095,1.6,2.16
0.000952,1.44,2.24
0.000954,1.36,2.24
0.000956,1.2,2.32
0.000958,1.12,2.4
0.00096,0.96,2.48
0.000962,0.72,2.56
0.000964,0.56,2.56
0.000966,0.4,2.56
0.000968,0.24,2.56
0.00097,0,2.56
0.000972,-0.16,2.56
0.000974,-0.32,2.48
0.000976,-0.48,2.48
0.000978,-0.64,2.4
0.00098,-0.8,2.4
0.000982,-0.88,2.32
0.000984,-1.04,2.24
0.000986,-1.28,2.16
0.000988,-1.36,2.08
0.00099,-1.52,1.92
0.000992,-1.6,1.84
0.000994,-1.76,1.76
0.000996,-1.84,1.68
0.000998,-2,1.6
0.001,-2.08,1.44
0.001002,-2.16,1.28
0.001004,-2.32,1.12
0.001006,-2.32,1.04
0.001008,-2.4,0.8
0.00101,-2.48,0.64
0.001012,-2.48,0.56
0.001014,-2.56,0.4
0.001016,-2.56,0.16
0.001018,-2.56,0.08
0.00102,-2.56,-0.08
0.001022,-2.56,-0.24
0.001024,-2.48,-0.4
0.001026,-2.48,-0.56
0.001028,-2.4,-0.72
0.00103,-2.4,-0.8
0.001032,-2.32,-0.88
0.001034,-2.16,-1.12
0.001036,-2.08,-1.2
0.001038,-2.08,-1.36
0.00104,-2,-1.52
0.001042,-1.84,-1.6
0.001044,-1.76,-1.68
0.001046,-1.68,-1.76
0.001048,-1.44,-1.84
0.00105,-1.36,-2
0.001052,-1.2,-2
0.001054,-1.04,-2.08
0.001056,-0.96,-2.16
0.001058,-0.8,-2.16
0.00106,-0.72,-2.24
0.001062,-0.48,-2.32
0.001064,-0.4,-2.4
0.001066,-0.24,-2.4
0.001068,-0.08,-2.4
0.00107,0.08,-2.4
0.001072,0.24,-2.4
0.001074,0.4,-2.4
0.001076,0.48,-2.32
0.001078,0.64,-2.32
0.00108,0.88,-2.24
0.001082,0.96,-2.16
0.001084,1.12,-2.08
0.001086,1.28,-2
0.001088,1.36,-1.92
0.00109,1.52,-1.84
0.001092,1.68,-1.76
0.001094,1.76,-1.68
0.001096,1.84,-1.52
0.001098,1.92,-1.44
0.0011,2.08,-1.36
0.001102,2.08,-1.2
0.001104,2.24,-1.12
0.001106,2.32,-0.88
0.001108,2.32,-0.8
0.00111,2.32,-0.64
0.001112,2.4,-0.56
0.001114,2.48,-0.4
0.001116,2.48,-0.24
0.001118,2.48,-0.16
0.00112,2.48,0
0.001122,2.48,0.16
0.001124,2.48,0.32
0.001126,2.4,0.4
0.001128,2.4,0.56
0.00113,2.32,0.72
0.001132,2.24,0.88
0.001134,2.16,0.96
0.001136,2.16,1.12
0.001138,2.08,1.2
0.00114,2,1.36
0.001142,1.92,1.44
0.001144,1.84,1.52
0.001146,1.76,1.68
0.001148,1.6,1.76
0.00115,1.52,1.84
0.001152,1.36,1.92
0.001154,1.28,2
0.001156,1.12,2.08
0.001158,0.96,2.08
0.00116,0.8,2.08
0.001162,0.64,2.16
0.001164,0.48,2.16
0.001166,0.4,2.24
0.001168,0.24,2.24
0.00117,0.08,2.24
0.001172,-0.08,2.24
0.001174,-0.24,2.16
0.001176,-0.4,2.24
0.001178,-0.48,2.16
0.00118,-0.64,2.08
0.001182,-0.8,2.08
0.001184,-0.96,2
0.001186,-1.04,1.92
0.001188,-1.2,1.84
0.00119,-1.28,1.76
0.001192,-1.36,1.68
0.001194,-1.44,1.52
0.001196,-1.52,1.52
0.001198,-1.68,1.36
0.0012,-1.76,1.28
0.001202,-1.76,1.2
0.001204,-1.84,1.04
0.001206,-1.92,0.96
0.001208,-2,0.8
0.00121,-2,0.72
0.001212,-2.08,0.56
0.001214,-2.08,0.4
0.001216,-2.16,0.24
0.001218,-2.16,0.16
0.00122,-2.16,0
0.001222,-2.16,-0.16
0.001224,-2.16,-0.24
0.001226,-2.08,-0.4
0.001228,-2.08,-0.48
0.00123,-2.08,-0.64
0.001232,-2,-0.72
0.001234,-1.92,-0.88
0.001236,-1.92,-0.96
0.001238,-1.84,-1.12
0.00124,-1.76,-1.2
0.001242,-1.68,-1.28
0.001244,-1.6,-1.44
0.001246,-1.52,-1.52
0.001248,-1.44,-1.6
0.00125,-1.36,-1.6
0.001252,-1.2,-1.68
0.001254,-1.04,-1.76
0.001256,-0.96,-1.84
0.001258,-0.8,-1.84
0.00126,-0.72,-1.92
0.001262,-0.56,-2
0.001264,-0.48,-2
0.001266,-0.24,-2
0.001268,-0.16,-2.08
0.00127,0,-2.08
0.001272,0.16,-2
0.001274,0.24,-2
0.001276,0.4,-2
0.001278,0.56,-2
0.00128,0.64,-1.92
0.001282,0.8,-1.92
0.001284,0.88,-1.76
0.001286,0.96,-1.76
0.001288,1.12,-1.68
0.00129,1.2,-1.6
0.001292,1.36,-1.52
0.001294,1.44,-1.44
0.001296,1.44,-1.36
0.001298,1.6,-1.28
0.0013,1.68,-1.2
0.001302,1.68,-1.12
0.001304,1.84,-0.96
0.001306,1.84,-0.88
0.001308,2,-0.8
0.00131,2,-0.64
0.001312,2,-0.48
0.001314,2.08,-0.32
0.001316,2.16,-0.24
0.001318,2.16,-0.08
0.00132,2.16,0.08
0.001322,2.16,0.16
0.001324,2.16,0.24
0.001326,2.16,0.32
0.001328,2.08,0.48
0.00133,2.08,0.56
0.001332,2,0.72
0.001334,2,0.88
0.001336,1.92,0.96
0.001338,1.92,1.04
0.00134,1.84,1.12
0.001342,1.68,1.2
0.001344,1.6,1.28
0.001346,1.52,1.36
0.001348,1.44,1.44
0.00135,1.36,1.52
0.001352,1.2,1.6
0.001354,1.12,1.68
0.001356,1.04,1.68
0.001358,0.88,1.76
0.00136,0.8,1.84
0.001362,0.72,1.84
0.001364,0.56,1.92
0.001366,0.48,1.92
0.001368,0.32,1.92
0.00137,0.16,1.92
0.001372,0.08,1.92
0.001374,-0.08,1.92
0.001376,-0.16,1.92
0.001378,-0.32,1.84
0.00138,-0.48,1.84
0.001382,-0.56,1.76
0.001384,-0.72,1.76
0.001386,-0.72,1.68
0.001388,-0.88,1.6
0.00139,-0.96,1.6
0.001392,-1.12,1.6
0.001394,-1.2,1.44
0.001396,-1.36,1.28
0.001398,-1.36,1.2
0.0014,-1.44,1.2
0.001402,-1.52,1.04
0.001404,-1.6,0.96
0.001406,-1.68,0.8
0.001408,-1.68,0.8
0.00141,-1.76,0.64
0.001412,-1.76,0.48
0.001414,-1.76,0.4
0.001416,-1.84,0.32
0.001418,-1.84,0.16
0.00142,-1.84,0.08
0.001422,-1.84,0
0.001424,-1.84,-0.16
0.001426,-1.84,-0.24
0.001428,-1.76,-0.32
0.00143,-1.76,-0.48
0.001432,-1.68,-0.56
0.001434,-1.68,-0.72
0.001436,-1.6,-0.8
0.001438,-1.6,-0.96
0.00144,-1.52,-0.96
0.001442,-1.44,-1.12
0.001444,-1.36,-1.2
0.001446,-1.36,-1.28
0.001448,-1.2,-1.28
0.00145,-1.12,-1.36
0.001452,-1.04,-1.44
0.001454,-0.96,-1.52
0.001456,-0.8,-1.52
0.001458,-0.72,-1.6
0.00146,-0.56,-1.6
0.001462,-0.48,-1.76
0.001464,-0.4,-1.68
0.001466,-0.32,-1.76
0.001468,-0.08,-1.68
0.00147,-0.08,-1.76
0.001472,0.08,-1.76
0.001474,0.16,-1.68
0.001476,0.24,-1.68
0.001478,0.4,-1.68
0.00148,0.48,-1.6
0.001482,0.64,-1.6
0.001484,0.64,-1.6
0.001486,0.72,-1.52
0.001488,0.88,-1.52
0.00149,0.96,-1.44
0.001492,1.04,-1.36
0.001494,1.12,-1.28
0.001496,1.2,-1.28
0.001498,1.28,-1.12
0.0015,1.36,-1.12
0.001502,1.44,-0.96
0.001504,1.6,-0.96
0.001506,1.6,-0.8
0.001508,1.68,-0.72
0.00151,1.68,-0.64
0.001512,1.68,-0.56
0.001514,1.76,-0.48
0.001516,1.76,-0.32
0.001518,1.76,-0.24
0.00152,1.76,-0.16
0.001522,1.84,0
0.001524,1.76,0.16
0.001526,1.76,0.16
0.001528,1.68,0.4
0.00153,1.68,0.4
0.001532,1.68,0.56
0.001534,1.68,0.64
0.001536,1.6,0.72
0.001538,1.6,0.8
0.00154,1.52,0.88
0.001542,1.44,1.04
0.001544,1.44,1.04
0.001546,1.36,1.12
0.001548,1.36,1.2
0.00155,1.2,1.28
0.001552,1.12,1.36
0.001554,1.04,1.44
0.001556,0.96,1.52
0.001558,0.88,1.44
0.00156,0.72,1.52
0.001562,0.64,1.52
0.001564,0.56,1.52
0.001566,0.48,1.6
0.001568,0.32,1.52
0.00157,0.24,1.6
0.001572,0.16,1.6
0.001574,0.08,1.6
0.001576,-0.08,1.6
0.001578,-0.08,1.52
0.00158,-0.24,1.52
0.001582,-0.32,1.44
0.001584,-0.48,1.44
0.001586,-0.56,1.44
0.001588,-0.64,1.36
0.00159,-0.72,1.28
0.001592,-0.88,1.28
0.001594,-1.04,1.2
0.001596,-1.04,1.12
0.001598,-1.12,1.04
0.0016,-1.2,1.04
0.001602,-1.2,0.96
0.001604,-1.28,0.96
0.001606,-1.28,0.8
0.001608,-1.28,0.72
0.00161,-1.36,0.64
0.001612,-1.36,0.56
0.001614,-1.44,0.48
0.001616,-1.44,0.4
0.001618,-1.52,0.32
0.00162,-1.52,0.16
0.001622,-1.52,0.08
0.001624,-1.52,0
0.001626,-1.52,-0.16
0.001628,-1.52,-0.24
0.00163,-1.44,-0.32
0.001632,-1.44,-0.4
0.001634,-1.36,-0.56
0.001636,-1.36,-0.56
0.001638,-1.36,-0.72
0.00164,-1.28,-0.72
0.001642,-1.28,-0.88
0.001644,-1.2,-0.96
0.001646,-1.12,-0.96
0.001648,-1.12,-1.04
0.00165,-1.04,-1.12
0.001652,-0.96,-1.12
0.001654,-0.88,-1.2
0.001656,-0.72,-1.2
0.001658,-0.72,-1.28
0.00166,-0.64,-1.28
0.001662,-0.56,-1.36
0.001664,-0.48,-1.36
0.001666,-0.32,-1.36
0.001668,-0.24,-1.36
0.00167,-0.16,-1.36
0.001672,-0.08,-1.44
0.001674,0,-1.44
0.001676,0.16,-1.36
0.001678,0.24,-1.36
0.00168,0.32,-1.36
0.001682,0.48,-1.28
0.001684,0.48,-1.2
0.001686,0.56,-1.2
0.001688,0.72,-1.2
0.00169,0.8,-1.12
0.001692,0.88,-1.04
0.001694,0.96,-1.04
0.001696,1.04,-0.96
0.001698,1.04,-0.96
0.0017,1.04,-0.88
0.001702,1.12,-0.8
0.001704,1.12,-0.72
0.001706,1.2,-0.64
0.001708,1.28,-0.64
0.00171,1.36,-0.56
0.001712,1.36,-0.48
0.001714,1.44,-0.32
0.001716,1.44,-0.32
0.001718,1.44,-0.24
0.00172,1.36,-0.16
0.001722,1.44,-0.08
0.001724,1.36,0.08
0.001726,1.36,0.08
0.001728,1.36,0.24
0.00173,1.36,0.32
0.001732,1.36,0.4
0.001734,1.36,0.48
0.001736,1.28,0.56
0.001738,1.28,0.56
0.00174,1.28,0.64
0.001742,1.2,0.72
0.001744,1.2,0.8
0.001746,1.12,0.88
0.001748,1.04,0.96
0.00175,0.96,0.96
0.001752,0.96,1.04
0.001754,0.88,1.12
0.001756,0.8,1.12
0.001758,0.72,1.12
0.00176,0.64,1.2
0.001762,0.56,1.28
0.001764,0.48,1.28
0.001766,0.32,1.28
0.001768,0.24,1.28
0.00177,0.16,1.36
0.001772,0,1.28
0.001774,0,1.28
0.001776,-0.16,1.28
0.001778,-0.24,1.28
0.00178,-0.32,1.28
0.001782,-0.4,1.28
0.001784,-0.4,1.2
0.001786,-0.48,1.2
0.001788,-0.56,1.12
0.00179,-0.56,1.04
0.001792,-0.64,1.04
0.001794,-0.72,0.96
0.001796,-0.8,0.96
0.001798,-0.8,0.88
0.0018,-0.88,0.8
0.001802,-0.96,0.72
0.001804,-0.96,0.64
0.001806,-1.04,0.64
0.001808,-1.04,0.56
0.00181,-1.12,0.48
0.001812,-1.12,0.4
0.001814,-1.2,0.4
0.001816,-1.2,0.32
0.001818,-1.2,0.24
0.00182,-1.28,0.16
0.001822,-1.2,0.08
0.001824,-1.2,0
0.001826,-1.2,-0.08
0.001828,-1.2,-0.16
0.00183,-1.2,-0.16
0.001832,-1.12,-0.32
0.001834,-1.12,-0.32
0.001836,-1.04,-0.4
0.001838,-1.04,-0.48
0.00184,-0.96,-0.56
0.001842,-0.96,-0.64
0.001844,-0.88,-0.72
0.001846,-0.88,-0.72
0.001848,-0.8,-0.8
0.00185,-0.8,-0.88
0.001852,-0.72,-0.88
0.001854,-0.72,-0.96
0.001856,-0.72,-0.96
0.001858,-0.56,-0.96
0.00186,-0.48,-0.96
0.001862,-0.48,-1.04
0.001864,-0.4,-1.04
0.001866,-0.24,-1.04
0.001868,-0.24,-1.12
0.00187,-0.08,-1.12
0.001872,0,-1.12
0.001874,0.08,-1.12
0.001876,0.08,-1.12
0.001878,0.24,-1.12
0.00188,0.32,-1.12
0.001882,0.32,-1.04
0.001884,0.4,-1.12
0.001886,0.48,-1.12
0.001888,0.56,-1.04
0.00189,0.64,-0.96
0.001892,0.64,-0.96
0.001894,0.72,-0.96
0.001896,0.8,-0.88
0.001898,0.8,-0.8
0.0019,0.88,-0.72
0.001902,0.88,-0.72
0.001904,0.96,-0.64
0.001906,0.96,-0.56
0.001908,1.04,-0.48
0.00191,1.12,-0.48
0.001912,1.12,-0.4
0.001914,1.12,-0.32
0.001916,1.2,-0.24
0.001918,1.12,-0.16
0.00192,1.2,-0.08
0.001922,1.2,-0.08
0.001924,1.2,0
0.001926,1.2,0.08
0.001928,1.12,0.08
0.00193,1.12,0.16
0.001932,1.12,0.24
0.001934,1.12,0.32
0.001936,1.04,0.4
0.001938,1.04,0.4
0.00194,0.96,0.48
0.001942,0.96,0.56
0.001944,0.96,0.64
0.001946,0.88,0.72
0.001948,0.88,0.8
0.00195,0.88,0.8
0.001952,0.72,0.8
0.001954,0.72,0.88
0.001956,0.64,0.88
0.001958,0.56,0.96
0.00196,0.4,0.96
0.001962,0.4,0.96
0.001964,0.32,0.96
0.001966,0.32,1.04
0.001968,0.24,0.96
0.00197,0.16,0.96
0.001972,0.16,1.04
0.001974,0,0.96
0.001976,0,0.96
0.001978,-0.08,0.96
0.00198,-0.08,0.96
0.001982,-0.08,0.96
0.001984,-0.24,0.96
0.001986,-0.32,0.96
0.001988,-0.4,0.96
0.00199,-0.4,0.88
0.001992,-0.48,0.88
0.001994,-0.56,0.8
0.001996,-0.56,0.72
0.001998,-0.64,0.72
0.002,-0.64,0.64
0.002002,-0.72,0.56
0.002004,-0.72,0.56
0.002006,-0.8,0.48
0.002008,-0.8,0.4
0.00201,-0.88,0.4
0.002012,-0.88,0.32
0.002014,-0.88,0.32
0.002016,-0.96,0.24
0.002018,-0.88,0.16
0.00202,-0.88,0.16
0.002022,-0.96,0.08
0.002024,-0.96,0
0.002026,-0.96,0
0.002028,-0.96,0
0.00203,-0.88,-0.16
0.002032,-0.88,-0.16
0.002034,-0.96,-0.24
0.002036,-0.88,-0.32
0.002038,-0.88,-0.32
0.00204,-0.8,-0.32
0.002042,-0.8,-0.4
0.002044,-0.64,-0.48
0.002046,-0.72,-0.48
0.002048,-0.64,-0.56
0.00205,-0.56,-0.64
0.002052,-0.64,-0.72
0.002054,-0.56,-0.72
0.002056,-0.48,-0.8
0.002058,-0.48,-0.8
0.00206,-0.4,-0.8
0.002062,-0.32,-0.88
0.002064,-0.24,-0.88
0.002066,-0.24,-0.88
0.002068,-0.16,-0.88
0.00207,-0.08,-0.88
0.002072,-0.08,-0.88
0.002074,-0.08,-0.88
0.002076,0,-0.96
0.002078,0.16,-0.88
0.00208,0.16,-0.88
0.002082,0.24,-0.8
0.002084,0.24,-0.8
0.002086,0.32,-0.8
0.002088,0.4,-0.72
0.00209,0.4,-0.72
0.002092,0.48,-0.72
0.002094,0.48,-0.72
0.002096,0.56,-0.64
0.002098,0.56,-0.56
0.0021,0.64,-0.56
0.002102,0.64,-0.56
0.002104,0.72,-0.56
0.002106,0.72,-0.48
0.002108,0.72,-0.4
0.00211,0.72,-0.32
0.002112,0.8,-0.32
0.002114,0.8,-0.32
0.002116,0.88,-0.16
0.002118,0.88,-0.16
0.00212,0.8,-0.08
0.002122,0.88,0
0.002124,0.88,0
0.002126,0.88,0.08
0.002128,0.88,0.16
0.00213,0.8,0.16
0.002132,0.8,0.24
0.002134,0.8,0.24
0.002136,0.8,0.32
0.002138,0.8,0.32
0.00214,0.8,0.4
0.002142,0.8,0.48
0.002144,0.8,0.48
0.002146,0.72,0.48
0.002148,0.72,0.56
0.00215,0.64,0.64
0.002152,0.64,0.56
0.002154,0.56,0.64
0.002156,0.56,0.64
0.002158,0.48,0.64
0.00216,0.48,0.72
0.002162,0.48,0.72
0.002164,0.4,0.72
0.002166,0.32,0.72
0.002168,0.24,0.72
0.00217,0.24,0.72
0.002172,0.16,0.72
0.002174,0.08,0.72
0.002176,0,0.72
0.002178,-0.08,0.72
0.00218,-0.08,0.72
0.002182,-0.16,0.72
0.002184,-0.16,0.72
0.002186,-0.24,0.72
0.002188,-0.24,0.72
0.00219,-0.32,0.72
0.002192,-0.32,0.72
0.002194,-0.4,0.72
0.002196,-0.48,0.64
0.002198,-0.48,0.64
0.0022,-0.56,0.56
0.002202,-0.56,0.56
0.002204,-0.56,0.48
0.002206,-0.64,0.4
0.002208,-0.56,0.4
0.00221,-0.64,0.32
0.002212,-0.64,0.32
0.002214,-0.64,0.24
0.002216,-0.72,0.16
0.002218,-0.72,0.16
0.00222,-0.72,0.08
0.002222,-0.72,0
0.002224,-0.72,0
0.002226,-0.72,-0.08
0.002228,-0.72,-0.08
0.00223,-0.72,-0.08
0.002232,-0.64,-0.16
0.002234,-0.64,-0.16
0.002236,-0.72,-0.16
0.002238,-0.64,-0.24
0.00224,-0.64,-0.24
0.002242,-0.56,-0.32
0.002244,-0.56,-0.4
0.002246,-0.48,-0.32
0.002248,-0.56,-0.4
0.00225,-0.56,-0.48
0.002252,-0.48,-0.56
0.002254,-0.48,-0.56
0.002256,-0.4,-0.56
0.002258,-0.4,-0.56
0.00226,-0.32,-0.64
0.002262,-0.32,-0.56
0.002264,-0.32,-0.64
0.002266,-0.32,-0.56
0.002268,-0.24,-0.56
0.00227,-0.24,-0.64
0.002272,-0.24,-0.56
0.002274,-0.08,-0.56
0.002276,-0.08,-0.56
0.002278,0,-0.64
0.00228,0,-0.56
0.002282,0.08,-0.56
0.002284,0.16,-0.48
0.002286,0.16,-0.56
0.002288,0.24,-0.56
0.00229,0.24,-0.48
0.002292,0.32,-0.48
0.002294,0.32,-0.48
0.002296,0.48,-0.48
0.002298,0.48,-0.48
0.0023,0.48,-0.4
0.002302,0.48,-0.4
0.002304,0.48,-0.4
0.002306,0.48,-0.32
0.002308,0.48,-0.32
0.00231,0.48,-0.32
0.002312,0.48,-0.32
0.002314,0.48,-0.24
0.002316,0.56,-0.24
0.002318,0.64,-0.24
0.00232,0.64,-0.08
0.002322,0.64,-0.16
0.002324,0.64,-0.08
0.002326,0.72,0
0.002328,0.64,0.08
0.00233,0.64,0.08
0.002332,0.64,0.08
0.002334,0.64,0.16
0.002336,0.64,0.24
0.002338,0.64,0.24
0.00234,0.64,0.32
0.002342,0.64,0.32
0.002344,0.64,0.32
0.002346,0.56,0.4
0.002348,0.56,0.4
0.00235,0.48,0.48
0.002352,0.48,0.48
0.002354,0.4,0.48
0.002356,0.4,0.48
0.002358,0.4,0.48
0.00236,0.24,0.56
0.002362,0.24,0.56
0.002364,0.16,0.56
0.002366,0.16,0.56
0.002368,0.16,0.56
0.00237,0.16,0.56
0.002372,0.08,0.56
0.002374,0.08,0.56
0.002376,0.08,0.56
0.002378,0.08,0.56
0.00238,0,0.56
0.002382,-0.08,0.56
0.002384,-0.08,0.56
0.002386,-0.16,0.56
0.002388,-0.16,0.56
0.00239,-0.24,0.48
0.002392,-0.24,0.48
0.002394,-0.32,0.48
0.002396,-0.32,0.4
0.002398,-0.4,0.4
0.0024,-0.4,0.4
0.002402,-0.4,0.4
0.002404,-0.4,0.32
0.002406,-0.48,0.32
0.002408,-0.48,0.24
0.00241,-0.48,0.24
0.002412,-0.48,0.24
0.002414,-0.56,0.16
0.002416,-0.56,0.16
0.002418,-0.56,0.16
0.00242,-0.56,0.08
0.002422,-0.56,0.08
0.002424,-0.64,0.08
0.002426,-0.56,0
0.002428,-0.56,0
0.00243,-0.56,-0.08
0.002432,-0.56,-0.08
0.002434,-0.56,-0.08
0.002436,-0.56,-0.08
0.002438,-0.56,-0.16
0.00244,-0.56,-0.16
0.002442,-0.48,-0.16
0.002444,-0.48,-0.24
0.002446,-0.48,-0.24
0.002448,-0.48,-0.32
0.00245,-0.4,-0.32
0.002452,-0.4,-0.32
0.002454,-0.4,-0.4
0.002456,-0.32,-0.4
0.002458,-0.32,-0.4
0.00246,-0.32,-0.48
0.002462,-0.24,-0.48
0.002464,-0.24,-0.4
0.002466,-0.24,-0.4
0.002468,-0.16,-0.4
0.00247,-0.08,-0.4
0.002472,-0.08,-0.4
0.002474,-0.08,-0.4
0.002476,-0.08,-0.4
0.002478,0,-0.4
0.00248,0,-0.48
0.002482,0.08,-0.48
0.002484,0.16,-0.4
0.002486,0.16,-0.4
0.002488,0.16,-0.48
0.00249,0.24,-0.4
0.002492,0.24,-0.4
0.002494,0.24,-0.32
0.002496,0.32,-0.32
0.002498,0.24,-0.32
0.0025,0.32,-0.32
0.002502,0.32,-0.32
0.002504,0.4,-0.32
0.002506,0.4,-0.32
0.002508,0.4,-0.24
0.00251,0.4,-0.24
0.002512,0.4,-0.16
0.002514,0.48,-0.16
0.002516,0.4,-0.16
0.002518,0.48,-0.16
0.00252,0.48,-0.08
0.002522,0.48,-0.08
0.002524,0.48,-0.08
0.002526,0.56,0
0.002528,0.48,0
0.00253,0.48,0.08
0.002532,0.48,0.08
0.002534,0.48,0.08
0.002536,0.48,0.08
0.002538,0.4,0.08
0.00254,0.4,0.16
0.002542,0.4,0.16
0.002544,0.4,0.16
0.002546,0.32,0.24
0.002548,0.24,0.24
0.00255,0.24,0.32
0.002552,0.32,0.32
0.002554,0.24,0.32
0.002556,0.32,0.32
0.002558,0.32,0.32
0.00256,0.32,0.32
0.002562,0.24,0.4
0.002564,0.24,0.4
0.002566,0.16,0.4
0.002568,0.16,0.4
0.00257,0.16,0.4
0.002572,0,0.4
0.002574,0.08,0.4
0.002576,0,0.4
0.002578,0,0.4
0.00258,0,0.4
0.002582,-0.08,0.4
0.002584,-0.08,0.4
0.002586,-0.16,0.4
0.002588,-0.16,0.4
0.00259,-0.24,0.4
0.002592,-0.16,0.4
0.002594,-0.24,0.32
0.002596,-0.16,0.32
0.002598,-0.24,0.32
0.0026,-0.24,0.32
0.002602,-0.32,0.32
0.002604,-0.32,0.32
0.002606,-0.32,0.24
0.002608,-0.32,0.24
0.00261,-0.32,0.16
0.002612,-0.32,0.16
0.002614,-0.32,0.16
0.002616,-0.4,0.16
0.002618,-0.4,0.08
0.00262,-0.32,0.08
0.002622,-0.4,0.08
0.002624,-0.4,0.08
0.002626,-0.32,0.08
0.002628,-0.32,0.08
0.00263,-0.32,0.08
0.002632,-0.32,0.08
0.002634,-0.32,0.08
0.002636,-0.32,0
0.002638,-0.32,-0.08
0.00264,-0.32,-0.08
0.002642,-0.32,0
0.002644,-0.32,-0.08
0.002646,-0.32,-0.08
0.002648,-0.4,-0.16
0.00265,-0.32,-0.16
0.002652,-0.32,-0.16
0.002654,-0.24,-0.16
0.002656,-0.24,-0.24
0.002658,-0.24,-0.24
0.00266,-0.24,-0.24
0.002662,-0.24,-0.24
0.002664,-0.16,-0.24
0.002666,-0.24,-0.32
0.002668,-0.16,-0.32
0.00267,-0.08,-0.32
0.002672,-0.08,-0.24
0.002674,-0.08,-0.32
0.002676,-0.08,-0.24
0.002678,-0.08,-0.32
0.00268,0,-0.24
0.002682,0.08,-0.24
0.002684,0.08,-0.24
0.002686,0.08,-0.16
0.002688,0.08,-0.16
0.00269,0.16,-0.16
0.002692,0.16,-0.16
0.002694,0.16,-0.16
0.002696,0.16,-0.16
0.002698,0.16,-0.16
0.0027,0.16,-0.16
0.002702,0.16,-0.16
0.002704,0.16,-0.08
0.002706,0.16,-0.16
0.002708,0.24,-0.08
0.00271,0.24,-0.08
0.002712,0.24,-0.08
0.002714,0.24,-0.08
0.002716,0.24,-0.08
0.002718,0.32,-0.08
0.00272,0.24,0
0.002722,0.32,0
0.002724,0.32,0
0.002726,0.32,0.08
0.002728,0.32,0.08
0.00273,0.32,0.08
0.002732,0.32,0.08
0.002734,0.32,0.08
0.002736,0.32,0.08
0.002738,0.32,0.16
0.00274,0.32,0.16
0.002742,0.24,0.16
0.002744,0.24,0.24
0.002746,0.24,0.16
0.002748,0.24,0.24
0.00275,0.24,0.24
0.002752,0.24,0.24
0.002754,0.24,0.24
0.002756,0.24,0.24
0.002758,0.16,0.32
0.00276,0.24,0.24
0.002762,0.16,0.32
0.002764,0.16,0.32
0.002766,0.08,0.32
0.002768,0,0.32
0.00277,0.08,0.32
0.002772,0,0.32
0.002774,0,0.32
0.002776,0,0.32
0.002778,-0.08,0.32
0.00278,-0.08,0.24
0.002782,-0.08,0.24
0.002784,-0.16,0.32
0.002786,-0.16,0.32
0.002788,-0.16,0.24
0.00279,-0.16,0.24
0.002792,-0.16,0.32
0.002794,-0.16,0.32
0.002796,-0.16,0.24
0.002798,-0.16,0.24
0.0028,-0.24,0.24
0.002802,-0.16,0.24
0.002804,-0.16,0.16
0.002806,-0.24,0.16
0.002808,-0.16,0.16
0.00281,-0.16,0.08
0.002812,-0.16,0.08
0.002814,-0.24,0.08
0.002816,-0.24,0.08
0.002818,-0.24,0.08
0.00282,-0.24,0
0.002822,-0.24,0
0.002824,-0.24,0
0.002826,-0.24,0
0.002828,-0.24,0
0.00283,-0.24,0
0.002832,-0.24,0
0.002834,-0.24,0
0.002836,-0.24,0
0.002838,-0.24,-0.08
0.00284,-0.24,-0.08
0.002842,-0.32,-0.08
0.002844,-0.24,-0.08
0.002846,-0.24,-0.08
0.002848,-0.24,-0.08
0.00285,-0.24,-0.08
0.002852,-0.24,-0.24
0.002854,-0.16,-0.16
0.002856,-0.16,-0.24
0.002858,-0.08,-0.24
0.00286,-0.08,-0.24
0.002862,-0.08,-0.32
0.002864,0,-0.32
0.002866,0,-0.32
0.002868,0,-0.24
0.00287,0,-0.32
0.002872,0,-0.32
0.002874,0,-0.24
0.002876,0,-0.24
0.002878,0,-0.32
0.00288,0,-0.24
0.002882,0,-0.24
0.002884,0,-0.24
0.002886,0.08,-0.24
0.002888,0.08,-0.24
0.00289,0.08,-0.24
0.002892,0.16,-0.16
0.002894,0.16,-0.16
0.002896,0.16,-0.08
0.002898,0.16,-0.08
0.0029,0.16,-0.08
0.002902,0.16,-0.16
0.002904,0.24,-0.16
0.002906,0.16,-0.16
0.002908,0.24,-0.16
0.00291,0.16,-0.16
0.002912,0.24,-0.16
0.002914,0.16,-0.16
0.002916,0.24,-0.16
0.002918,0.24,-0.16
0.00292,0.16,-0.16
0.002922,0.16,-0.16
0.002924,0.16,-0.08
0.002926,0.16,-0.08
0.002928,0.16,-0.08
0.00293,0.16,0.08
0.002932,0.16,0.08
0.002934,0.16,0.08
0.002936,0.24,0.16
0.002938,0.16,0.16
0.00294,0.16,0.16
0.002942,0.16,0.16
0.002944,0.16,0.16
0.002946,0.16,0.16
0.002948,0.16,0.16
0.00295,0.16,0.16
0.002952,0.16,0.16
0.002954,0.16,0.16
0.002956,0.16,0.16
0.002958,0.16,0.16
0.00296,0.16,0.16
0.002962,0.08,0.16
0.002964,0.16,0.16
0.002966,0.08,0.16
0.002968,0.08,0.16
0.00297,0.08,0.16
0.002972,0,0.16
0.002974,0,0.16
0.002976,0,0.16
0.002978,0,0.24
0.00298,0,0.16
0.002982,-0.08,0.16
0.002984,-0.08,0.16
0.002986,-0.08,0.16
0.002988,-0.08,0.16
0.00299,-0.08,0.16
0.002992,-0.08,0.08
0.002994,-0.16,0.08
0.002996,-0.08,0.08
0.002998,-0.08,0.08
0.003,-0.16,0.08
0.003002,-0.16,0.08
0.003004,-0.16,0.08
0.003006,-0.16,0.08
0.003008,-0.16,0.08
0.00301,-0.16,0
0.003012,-0.16,0.08
0.003014,-0.16,0.08
0.003016,-0.16,0
0.003018,-0.16,0
0.00302,-0.16,-0.08
0.003022,-0.16,-0.08
0.003024,-0.24,-0.08
0.003026,-0.24,-0.08
0.003028,-0.16,-0.08
0.00303,-0.16,-0.08
0.003032,-0.16,0
0.003034,-0.16,0
0.003036,-0.16,0
0.003038,-0.08,0
0.00304,-0.16,-0.08
0.003042,-0.08,-0.08
0.003044,-0.08,0
0.003046,-0.08,0
0.003048,-0.08,0
0.00305,-0.08,-0.08
0.003052,-0.08,-0.08
0.003054,-0.08,-0.16
0.003056,-0.08,-0.08
0.003058,-0.08,-0.08
0.00306,-0.08,-0.16
0.003062,-0.08,-0.16
0.003064,0,-0.16
0.003066,0,-0.16
0.003068,-0.08,-0.16
0.00307,0,-0.16
0.003072,0,-0.08
0.003074,-0.08,-0.16
0.003076,0,-0.08
0.003078,-0.08,-0.08
0.00308,0,-0.08
0.003082,0,-0.08
0.003084,0,-0.16
0.003086,0,-0.08
0.003088,0,-0.08
0.00309,0,-0.08
0.003092,0,-0.08
0.003094,0.08,-0.08
0.003096,0.08,-0.08
0.003098,0.08,0
0.0031,0.16,0
0.003102,0.16,0
0.003104,0.16,-0.08
0.003106,0.16,0
0.003108,0.16,-0.08
0.00311,0.24,0
0.003112,0.24,0.08
0.003114,0.16,0
0.003116,0.16,0
0.003118,0.16,0
0.00312,0.16,0
0.003122,0.16,0
0.003124,0.16,0
0.003126,0.16,0
0.003128,0.16,0
0.00313,0.16,0
0.003132,0.08,0
0.003134,0.16,0
0.003136,0.16,0
0.003138,0.16,0.08
0.00314,0.16,0.08
0.003142,0.16,0.08
0.003144,0.16,0.08
0.003146,0.16,0.08
0.003148,0.16,0.08
0.00315,0.16,0.08
0.003152,0.16,0.08
0.003154,0.16,0.08
0.003156,0.16,0.08
0.003158,0.16,0.16
0.00316,0.08,0.16
0.003162,0,0.08
0.003164,0.08,0.16
0.003166,0,0.16
0.003168,0,0.08
0.00317,0,0.16
0.003172,-0.08,0.16
0.003174,0,0.08
0.003176,-0.08,0.16
0.003178,0,0.08
0.00318,-0.08,0.16
0.003182,-0.08,0.16
0.003184,-0.08,0.16
0.003186,0,0.16
0.003188,0,0.08
0.00319,0,0.16
0.003192,0,0.08
0.003194,-0.08,0.08
0.003196,0,0.08
0.003198,0,0.08
0.0032,-0.08,0.08
0.003202,-0.08,0.08
0.003204,0,0.08
0.003206,0,0.08
0.003208,-0.08,0.08
0.00321,-0.08,0.08
0.003212,-0.08,0.08
0.003214,-0.08,0.08
0.003216,-0.08,0
0.003218,-0.08,0
0.00322,-0.08,0
0.003222,-0.08,-0.08
0.003224,-0.16,-0.08
0.003226,-0.08,-0.08
0.003228,-0.08,-0.08
0.00323,-0.08,-0.08
0.003232,-0.08,-0.08
0.003234,-0.08,-0.08
0.003236,-0.08,-0.08
0.003238,-0.08,-0.08
0.00324,-0.08,-0.08
0.003242,-0.08,-0.08
0.003244,-0.16,-0.08
0.003246,-0.08,-0.08
0.003248,-0.16,-0.08
0.00325,-0.16,0
0.003252,-0.08,0
0.003254,-0.08,0
0.003256,-0.08,-0.08
0.003258,0,-0.08
0.00326,0,-0.08
0.003262,0,-0.08
0.003264,0,-0.08
0.003266,0,-0.08
0.003268,0,-0.08
0.00327,0,-0.08
0.003272,0,-0.08
0.003274,0,0
0.003276,0.08,-0.08
0.003278,0,-0.08
0.00328,0.08,-0.08
0.003282,0.08,-0.08
0.003284,0.08,-0.08
0.003286,0.08,-0.08
0.003288,0,-0.08
0.00329,0.08,-0.08
0.003292,0.08,-0.08
0.003294,0.08,-0.08
0.003296,0,-0.08
0.003298,0.08,-0.08
0.0033,0,-0.08
0.003302,0,-0.08
0.003304,0,-0.08
0.003306,0,0
0.003308,0.08,-0.08
0.00331,0.08,-0.08
0.003312,0.08,-0.08
0.003314,0.08,0
0.003316,0.08,0
0.003318,0.08,0
0.00332,0,-0.08
0.003322,0,0
0.003324,0,0
0.003326,0,0
0.003328,0,0
0.00333,0,0
0.003332,0,0
0.003334,0,0
0.003336,0,0
0.003338,0.08,0
0.00334,0.16,0.08
0.003342,0.08,0.08
0.003344,0.08,0.08
0.003346,0.08,0.08
0.003348,0.08,0.08
0.00335,0,0.08
0.003352,0,0
0.003354,0,0.08
0.003356,0.08,0.08
0.003358,0.08,0.08
0.00336,0.08,0.08
0.003362,0,0.08
0.003364,0,0.16
0.003366,0,0.08
0.003368,0,0.08
0.00337,0,0.16
0.003372,0,0.16
0.003374,0,0.16
0.003376,0,0.08
0.003378,0,0.16
0.00338,0,0.16
0.003382,0,0.16
0.003384,0,0.08
0.003386,-0.08,0.08
0.003388,0,0.08
0.00339,-0.08,0.08
0.003392,-0.08,0.08
0.003394,-0.08,0.08
0.003396,-0.08,0.08
0.003398,-0.08,0.08
0.0034,-0.08,0.08
0.003402,-0.16,0.08
0.003404,-0.16,0.08
0.003406,-0.16,0.08
0.003408,-0.16,0.08
0.00341,-0.16,0.08
0.003412,-0.16,0.08
0.003414,-0.08,0.08
0.003416,-0.16,0.08
0.003418,-0.08,0
0.00342,-0.08,0
0.003422,-0.08,0
0.003424,-0.08,0
0.003426,-0.08,0
0.003428,-0.08,0
0.00343,-0.08,0
0.003432,-0.08,0
0.003434,-0.08,0
0.003436,-0.08,0
0.003438,-0.08,0
0.00344,-0.08,-0.08
0.003442,-0.08,-0.08
0.003444,-0.16,-0.08
0.003446,-0.08,-0.08
0.003448,-0.08,-0.08
0.00345,-0.08,-0.08
0.003452,-0.08,-0.08
0.003454,-0.08,-0.08
0.003456,-0.08,-0.08
0.003458,0,-0.08
0.00346,0,-0.08
0.003462,0,-0.08
0.003464,0,-0.08
0.003466,0,-0.08
0.003468,0,-0.08
0.00347,0.08,-0.08
0.003472,0.08,-0.08
0.003474,0.08,-0.08
0.003476,0.08,0
0.003478,0.08,0
0.00348,0.08,0
0.003482,0.08,0
0.003484,0,-0.08
0.003486,0.08,-0.08
0.003488,0,0
0.00349,0,0
0.003492,0.08,0
0.003494,0,0
0.003496,0,0.08
0.003498,0,0.08
0.0035,0,0.08
0.003502,0,0.08
0.003504,0,0
0.003506,0.08,0
0.003508,0.08,0.08
0.00351,0.08,0.08
0.003512,0,0.08
0.003514,0.08,0.08
0.003516,0.08,0.08
0.003518,0.08,0
0.00352,0.08,0.08
0.003522,0.08,0.08
0.003524,0,0
0.003526,0.16,0.08
0.003528,0.08,0.08
0.00353,0.08,0.08
0.003532,0.08,0.08
0.003534,0.08,0
0.003536,0.08,0
0.003538,0.08,0.08
0.00354,0.08,0.08
0.003542,0.08,0.08
0.003544,0.08,0.08
0.003546,0.08,0.08
0.003548,0,0.08
0.00355,0,0
0.003552,0.08,0
0.003554,0,0.08
0.003556,0,0
0.003558,0,0.08
0.00356,0,0.08
0.003562,0,0.08
0.003564,0,0.08
0.003566,0,0.08
0.003568,0,0.08
0.00357,0,0.16
0.003572,-0.08,0.08
0.003574,-0.08,0.08
0.003576,-0.08,0.08
0.003578,-0.08,0.08
0.00358,-0.08,0.08
0.003582,-0.08,0
0.003584,-0.08,0
0.003586,-0.08,0.08
0.003588,-0.08,0.08
0.00359,-0.08,0.08
0.003592,-0.08,0.16
0.003594,-0.16,0.08
0.003596,-0.08,0.08
0.003598,-0.16,0.08
0.0036,-0.08,0.08
0.003602,-0.08,0
0.003604,0,0.08
0.003606,0,0.08
0.003608,0,0
0.00361,-0.08,0
0.003612,-0.08,0
0.003614,-0.08,0
0.003616,-0.08,0
0.003618,-0.08,0
0.00362,-0.08,0
0.003622,-0.08,0
0.003624,-0.08,0
0.003626,-0.08,0
0.003628,0,0
0.00363,0,0
0.003632,-0.08,0
0.003634,0,0
0.003636,-0.08,0
0.003638,0,0
0.00364,0,0
0.003642,-0.08,0
0.003644,0,0
0.003646,-0.08,0
0.003648,-0.08,0
0.00365,-0.08,0
0.003652,-0.08,0
0.003654,0,0
0.003656,0,0
0.003658,0,0
0.00366,0,0
0.003662,-0.08,0
0.003664,0,0
0.003666,0,0
0.003668,0,0
0.00367,0,0.08
0.003672,0,0
0.003674,0,0
0.003676,0,0
0.003678,0,0
0.00368,0,-0.08
0.003682,0,0
0.003684,0,-0.08
0.003686,0.08,-0.08
0.003688,0.08,-0.08
0.00369,0.08,-0.08
0.003692,0.08,-0.08
0.003694,0,0
0.003696,0.08,0
0.003698,0,0
0.0037,0,0
0.003702,0,0
0.003704,0,0
0.003706,0,0
0.003708,0,0.08
0.00371,0,0.08
0.003712,0,0.08
0.003714,0,0.08
0.003716,0.08,0.08
0.003718,0,0.08
0.00372,0.08,0.08
0.003722,0,0.08
0.003724,0,0.08
0.003726,0,0.08
0.003728,0,0.08
0.00373,0.08,0.08
0.003732,0,0.08
0.003734,0.08,0.08
0.003736,0,0.08
0.003738,0,0.08
0.00374,0,0.08
0.003742,0,0.08
0.003744,0,0.08
0.003746,0,0.08
0.003748,0,0.08
0.00375,0,0.08
0.003752,0,0.08
0.003754,0,0.08
0.003756,0,0.08
0.003758,0,0.08
0.00376,0,0.08
0.003762,0,0.08
0.003764,0,0.08
0.003766,0,0.08
0.003768,0,0.08
0.00377,0,0.08
0.003772,0,0.08
0.003774,0,0.08
0.003776,-0.08,0.08
0.003778,-0.08,0.08
0.00378,-0.08,0.08
0.003782,-0.08,0.08
0.003784,-0.08,0.08
0.003786,-0.08,0.08
0.003788,-0.08,0.08
0.00379,-0.08,0.08
0.003792,-0.08,0.08
0.003794,-0.08,0
0.003796,-0.08,0.08
0.003798,-0.08,0.08
0.0038,-0.16,0.08
0.003802,-0.08,0.08
0.003804,-0.08,0.08
0.003806,-0.08,0.08
0.003808,-0.08,0.08
0.00381,-0.08,0.08
0.003812,-0.08,0
0.003814,-0.08,0.08
0.003816,-0.08,0
0.003818,-0.08,0
0.00382,-0.08,0.08
0.003822,0,0.08
0.003824,-0.08,0.08
0.003826,0,0.08
0.003828,-0.08,0.08
0.00383,0,0.08
0.003832,0,0.08
0.003834,-0.08,0.08
0.003836,-0.08,0.08
0.003838,-0.08,0.08
0.00384,-0.08,0.08
0.003842,-0.08,0.08
0.003844,-0.08,0.08
0.003846,-0.08,0.08
0.003848,-0.08,0.08
0.00385,-0.16,0
0.003852,-0.08,0
0.003854,-0.08,0.08
0.003856,-0.08,0.08
0.003858,-0.16,-0.08
0.00386,-0.08,-0.08
0.003862,-0.08,0
0.003864,0,-0.08
0.003866,0,-0.08
0.003868,0,-0.08
0.00387,0,-0.08
0.003872,0,-0.08
0.003874,0,-0.08
0.003876,0,-0.08
0.003878,0,-0.08
0.00388,-0.08,-0.08
0.003882,0,0
0.003884,0,-0.08
0.003886,0,-0.08
0.003888,0,0
0.00389,0,0
0.003892,0,0
0.003894,0,0
0.003896,0,0
0.003898,0,0
0.0039,0,0
0.003902,0.08,0
0.003904,0,0
0.003906,0,0
0.003908,0,0
0.00391,0,0
0.003912,0,0
0.003914,0,-0.08
0.003916,0.08,0
0.003918,0.08,0
0.00392,0,0
0.003922,0,0
0.003924,0,0
0.003926,0,0.08
0.003928,0,0.08
0.00393,0,0.08
0.003932,0,0.08
0.003934,0,0.08
0.003936,0,0.08
0.003938,-0.08,0
0.00394,-0.08,0.08
0.003942,-0.08,0.08
0.003944,-0.08,0.08
0.003946,0,0.08
0.003948,0,0.08
0.00395,0,0.08
0.003952,0,0.08
0.003954,0,0.08
0.003956,0,0.08
0.003958,-0.08,0.08
0.00396,0,0.08
0.003962,0,0
0.003964,0,0
0.003966,0,0.08
0.003968,-0.08,0.08
0.00397,0,0
0.003972,0,0.08
0.003974,-0.08,0.08
0.003976,0,0.08
0.003978,-0.08,0.08
0.00398,-0.08,0.08
0.003982,-0.08,0.08
0.003984,-0.08,0.08
0.003986,0,0
0.003988,-0.08,0.08
0.00399,-0.08,0
0.003992,-0.08,0
0.003994,-0.08,-0.08
0.003996,-0.08,0
0.003998,-0.16,0
0.004,-0.08,0
0.004002,-0.16,0
0.004004,-0.16,0
0.004006,-0.08,0
0.004008,-0.08,0
0.00401,-0.08,0
0.004012,-0.08,0
0.004014,-0.08,0
0.004016,-0.08,0
0.004018,-0.08,0
0.00402,-0.08,0
0.004022,-0.08,0
0.004024,-0.08,0.08
0.004026,-0.08,0
0.004028,-0.08,0.08
0.00403,-0.08,0.08
0.004032,-0.08,0.08
0.004034,0,0.08
0.004036,-0.08,0.08
0.004038,-0.08,0.08
0.00404,-0.08,0
0.004042,0,0
0.004044,0,0
0.004046,0,-0.08
0.004048,0,-0.08
0.00405,0,-0.08
0.004052,-0.08,-0.16
0.004054,-0.08,-0.08
0.004056,-0.16,-0.08
0.004058,-0.08,-0.08
0.00406,0,-0.08
0.004062,0,0
0.004064,-0.08,-0.08
0.004066,-0.08,-0.08
0.004068,-0.08,0
0.00407,0,-0.08
0.004072,0,-0.08
0.004074,0,-0.08
0.004076,0.08,0
0.004078,0.08,0
0.00408,0,0
0.004082,0.08,0
0.004084,0,0.08
0.004086,0,0.08
0.004088,0.08,0
0.00409,0.08,0
0.004092,0.08,0
0.004094,0,0.08
0.004096,0.08,0.08
0.004098,0,0
0.0041,0,0
0.004102,0,0.08
0.004104,0,0.08
0.004106,0,0.08
0.004108,0,0.08
0.00411,0.08,0.08
0.004112,0,0.08
0.004114,0.08,0.08
0.004116,0.08,0
0.004118,0.08,0
0.00412,0.08,0
0.004122,0.08,0
0.004124,0.08,0
0.004126,0.08,0
0.004128,0.08,0
0.00413,0.08,0
0.004132,0,0
0.004134,0.08,0
0.004136,0.08,0
0.004138,0.08,0.08
0.00414,0.08,0
0.004142,0.08,0.08
0.004144,0.08,0
0.004146,0.08,0.08
0.004148,0.08,0.08
0.00415,0.08,0
0.004152,0,0
0.004154,0,0.08
0.004156,0,0
0.004158,0,0
0.00416,0,0.08
0.004162,0,0.08
0.004164,0,0.08
0.004166,0,0.08
0.004168,0,0.08
0.00417,0,0
0.004172,0,0
0.004174,0,0.08
0.004176,0,0.08
0.004178,-0.08,0.08
0.00418,-0.08,0.08
0.004182,-0.08,0
0.004184,-0.08,0.08
0.004186,-0.08,0.08
0.004188,0,0.08
0.00419,-0.08,0.08
0.004192,-0.08,0.08
0.004194,-0.08,0.08
0.004196,-0.08,0
0.004198,-0.08,0.08
0.0042,-0.08,0
0.004202,-0.08,0
0.004204,-0.08,-0.08
0.004206,-0.08,0
0.004208,-0.08,0
0.00421,-0.08,-0.08
0.004212,-0.08,-0.08
0.004214,-0.08,-0.08
0.004216,-0.08,-0.08
0.004218,-0.08,-0.08
0.00422,-0.08,0
0.004222,0,0
0.004224,0,0
0.004226,0,-0.08
0.004228,0,-0.08
0.00423,0,0
0.004232,0,0
0.004234,0,-0.08
0.004236,0,-0.08
0.004238,0.08,-0.08
0.00424,0,0
0.004242,0.08,-0.08
0.004244,0,-0.08
0.004246,0,-0.08
0.004248,0,-0.08
0.00425,0.08,-0.08
0.004252,0.08,-0.08
0.004254,0,-0.08
0.004256,0,0
0.004258,0,-0.08
0.00426,0,0
0.004262,0,-0.08
0.004264,0.08,-0.08
0.004266,0,-0.08
0.004268,0.08,0
0.00427,0.08,0
0.004272,0,-0.08
0.004274,0.08,0
0.004276,0,0
0.004278,0,0
0.00428,0,0.08
0.004282,0,0
0.004284,0,0
0.004286,0,0
0.004288,0.08,-0.08
0.00429,0,-0.08
0.004292,0.08,0
0.004294,0.08,0
0.004296,0,0
0.004298,0,0
0.0043,0,0
0.004302,-0.08,0
0.004304,0,0
0.004306,-0.08,0
0.004308,0,0
0.00431,0,0
0.004312,0,0
0.004314,0,0
0.004316,0,0
0.004318,0,0
0.00432,0,0.08
0.004322,0,0
0.004324,0,0
0.004326,0,0
0.004328,0,0
0.00433,0,0
0.004332,0.08,0.08
0.004334,0.08,0
0.004336,0,0.08
0.004338,0,0.08
0.00434,0,0.08
0.004342,0,0.08
0.004344,0,0.08
0.004346,0,0.08
0.004348,0,0.08
0.00435,0,0.08
0.004352,0,0.08
0.004354,0,0.16
0.004356,0,0.16
0.004358,0,0.16
0.00436,0,0.16
0.004362,0,0.08
0.004364,0,0.16
0.004366,0,0.08
0.004368,0,0.08
0.00437,0.08,0.08
0.004372,0,0.08
0.004374,0,0.08
0.004376,0,0.08
0.004378,0,0.08
0.00438,0,0.08
0.004382,0,0.08
0.004384,0,0.08
0.004386,0,0.08
0.004388,0,0.08
0.00439,0,0.08
0.004392,0,0.08
0.004394,0,0.08
0.004396,0,0.08
0.004398,-0.08,0.08
0.0044,-0.08,0
0.004402,-0.08,0
0.004404,-0.08,0
0.004406,-0.08,0.08
0.004408,-0.08,0
0.00441,-0.08,0
0.004412,-0.08,0
0.004414,-0.08,0.08
0.004416,0,0.08
0.004418,-0.08,0
0.00442,0,0.08
0.004422,0,0.08
0.004424,0,0
0.004426,0,0.08
0.004428,0,0
0.00443,0.08,-0.08
0.004432,0,-0.08
0.004434,0,0
0.004436,0,0
0.004438,0,0.08
0.00444,0,0.08
0.004442,0,0.08
0.004444,0,0
0.004446,0,0
0.004448,0,0
0.00445,0,0
0.004452,0,0
0.004454,0,0
0.004456,0,0
0.004458,0,-0.08
0.00446,0,-0.08
0.004462,0,-0.08
0.004464,0,-0.08
0.004466,0,0
0.004468,0,0
0.00447,0,0
0.004472,0,-0.08
0.004474,0,0
0.004476,0,-0.08
0.004478,0,-0.08
0.00448,0,-0.08
0.004482,0,-0.08
0.004484,0.08,0
0.004486,0.08,-0.08
0.004488,0.08,0
0.00449,0.08,0
0.004492,0.08,0
0.004494,0.08,0
0.004496,0.08,0.08
0.004498,0.08,0
0.0045,0,0
0.004502,0,0.08
0.004504,0,0.08
0.004506,0,0.08
0.004508,0,0.08
0.00451,0,0.08
0.004512,0,0.08
0.004514,0,0.08
0.004516,0,0.08
0.004518,0,0.08
0.00452,0,0
0.004522,-0.08,0
0.004524,-0.08,0
0.004526,0,0
0.004528,0,0
0.00453,-0.08,0
0.004532,0,0
0.004534,0,0.08
0.004536,0,0.08
0.004538,-0.08,0.08
0.00454,0,0.08
0.004542,0,0.08
0.004544,0,0.16
0.004546,0,0.08
0.004548,0,0.16
0.00455,0,0.08
0.004552,0,0.08
0.004554,0,0.08
0.004556,0,0.08
0.004558,0,0.08
0.00456,0,0.08
0.004562,0,0.08
0.004564,0,0.08
0.004566,0,0.08
0.004568,0,0.08
0.00457,0,0.08
0.004572,0,0.08
0.004574,0,0.08
0.004576,0,0.08
0.004578,0,0.08
0.00458,0,0.08
0.004582,0.08,0.08
0.004584,0.08,0.08
0.004586,0.08,0.08
0.004588,0.08,0.08
0.00459,0.08,0.08
0.004592,0.08,0.08
0.004594,0,0.08
0.004596,0,0.08
0.004598,0,0.08
0.0046,0,0.16
0.004602,0,0.08
0.004604,0,0.08
0.004606,0,0.08
0.004608,0,0.08
0.00461,0,0.08
0.004612,0,0.08
0.004614,0,0.08
0.004616,0,0.08
0.004618,0,0.08
0.00462,0,0.08
0.004622,0,0.08
0.004624,0,0
0.004626,-0.08,0
0.004628,0,0
0.00463,0,0
0.004632,0,0
0.004634,0,0
0.004636,-0.08,-0.08
0.004638,0,0
0.00464,-0.08,0
0.004642,0,0
0.004644,0,0
0.004646,0,0
0.004648,0,-0.08
0.00465,0,-0.08
0.004652,0,-0.08
0.004654,0,-0.08
0.004656,0,-0.08
0.004658,0,-0.08
0.00466,0.08,-0.08
0.004662,0.08,-0.08
0.004664,0,-0.08
0.004666,0,-0.08
0.004668,0,-0.08
0.00467,0,-0.08
0.004672,0,-0.08
0.004674,0,-0.08
0.004676,0,-0.08
0.004678,0,-0.08
0.00468,0,-0.08
0.004682,0,0
0.004684,0,-0.08
0.004686,0.08,-0.08
0.004688,0.08,-0.08
0.00469,0.08,0
0.004692,0.16,0
0.004694,0.08,0
0.004696,0.08,0
0.004698,0.08,0
0.0047,0.08,0
0.004702,0.08,0
0.004704,0,0
0.004706,0.08,-0.08
0.004708,0.08,0
0.00471,0.08,-0.08
0.004712,0.08,-0.08
0.004714,0.08,-0.08
0.004716,0,0
0.004718,0,0
