0.023,-0.08,-0.08
0.02301,-0.08,-0.08
0.02302,-0.08,-0.08
0.02303,-0.08,-0.08
0.02304,0,0
0.02305,-0.08,-0.08
0.02306,-0.08,-0.08
0.02307,-0.16,-0.08
0.02308,-0.08,0
0.02309,-0.08,0
0.0231,-0.08,0
0.02311,-0.08,-0.08
0.02312,-0.08,-0.08
0.02313,0,-0.08
0.02314,0.08,0
0.02315,0,0
0.02316,-0.16,0
0.02317,-0.16,0
0.02318,-0.08,0
0.02319,0,0
0.0232,-0.08,0
0.02321,0,0
0.02322,0,0
0.02323,0,0
0.02324,0,0
0.02325,0,-0.08
0.02326,0.08,-0.08
0.02327,-0.08,0
0.02328,0,-0.08
0.02329,0,0
0.0233,0,0
0.02331,0,0
0.02332,0,0
0.02333,-0.16,-0.08
0.02334,-0.16,-0.08
0.02335,-0.16,-0.08
0.02336,-0.16,-0.08
0.02337,-0.08,-0.08
0.02338,0,-0.08
0.02339,0,-0.08
0.0234,-0.08,-0.08
0.02341,-0.08,-0.08
0.02342,-0.16,0
0.02343,-0.16,0
0.02344,-0.08,0
0.02345,-0.16,0
0.02346,-0.08,0
0.02347,-0.08,0
0.02348,0,0
0.02349,-0.08,0
0.0235,-0.08,-0.08
0.02351,-0.08,-0.08
0.02352,-0.08,-0.08
0.02353,0,-0.08
0.02354,-0.08,-0.08
0.02355,-0.08,-0.08
0.02356,-0.08,-0.08
0.02357,-0.08,0
0.02358,-0.08,0
0.02359,0,0
0.0236,-0.08,0
0.02361,0,0
0.02362,-0.08,0
0.02363,-0.08,0.08
0.02364,-0.08,0
0.02365,-0.16,0
0.02366,-0.16,0.08
0.02367,-0.16,0
0.02368,-0.08,-0.08
0.02369,-0.08,-0.08
0.0237,-0.08,-0.08
0.02371,-0.08,-0.08
0.02372,-0.08,0
0.02373,-0.08,-0.08
0.02374,-0.16,0
0.02375,-0.16,0
0.02376,-0.16,0
0.02377,-0.08,0.08
0.02378,-0.08,0.08
0.02379,-0.08,0
0.0238,-0.08,0
0.02381,-0.08,0
0.02382,-0.08,0
0.02383,-0.08,0
0.02384,-0.16,0
0.02385,-0.16,0
0.02386,-0.08,0
0.02387,-0.08,-0.08
0.02388,-0.08,-0.08
0.02389,-0.16,-0.08
0.0239,-0.08,-0.08
0.02391,-0.08,-0.08
0.02392,-0.08,-0.08
0.02393,-0.08,0
0.02394,-0.08,0
0.02395,-0.08,0
0.02396,-0.08,0.08
0.02397,-0.08,0
0.02398,-0.08,-0.08
0.02399,-0.08,0
0.024,-0.08,0.08
0.02401,-0.08,0
0.02402,0,-0.08
0.02403,0,0
0.02404,-0.08,0
0.02405,0,0
0.02406,-0.08,0
0.02407,-0.08,0
0.02408,-0.08,0
0.02409,-0.08,0
0.0241,-0.08,-0.08
0.02411,-0.08,0
0.02412,-0.08,-0.08
0.02413,-0.08,-0.08
0.02414,-0.08,0
0.02415,-0.08,0
0.02416,-0.08,0
0.02417,-0.08,0
0.02418,0,0
0.02419,-0.08,0
0.0242,-0.16,-0.08
0.02421,-0.08,0
0.02422,-0.08,-0.08
0.02423,-0.16,-0.08
0.02424,-0.08,-0.08
0.02425,-0.08,0
0.02426,0,0
0.02427,0,0
0.02428,-0.16,-0.08
0.02429,-0.08,-0.08
0.0243,0,0
0.02431,-0.08,0
0.02432,-0.08,0
0.02433,-0.08,0
0.02434,-0.08,0
0.02435,0,-0.08
0.02436,-0.08,0
0.02437,-0.08,0
0.02438,-0.08,0
0.02439,0,0
0.0244,-0.08,0
0.02441,0,0
0.02442,-0.08,0
0.02443,-0.08,0
0.02444,-0.08,-0.08
0.02445,-0.16,-0.08
0.02446,-0.08,0
0.02447,-0.08,0
0.02448,-0.08,0
0.02449,-0.08,0
0.0245,0,0
0.02451,-0.08,0.08
0.02452,-0.08,0.08
0.02453,-0.16,0
0.02454,-0.16,0
0.02455,-0.16,-0.08
0.02456,-0.16,-0.08
0.02457,-0.08,0
0.02458,-0.08,0
0.02459,-0.08,-0.08
0.0246,-0.08,0
0.02461,0,-0.08
0.02462,-0.08,-0.08
0.02463,-0.08,0
0.02464,-0.08,0
0.02465,-0.08,0
0.02466,-0.08,0
0.02467,-0.08,-0.08
0.02468,-0.08,0
0.02469,-0.08,0
0.0247,-0.08,0.08
0.02471,-0.08,0
0.02472,-0.08,0
0.02473,-0.08,0
0.02474,-0.08,0
0.02475,-0.08,0
0.02476,0,0
0.02477,-0.08,0
0.02478,-0.08,-0.08
0.02479,0,-0.08
0.0248,-0.08,-0.16
0.02481,-0.08,-0.16
0.02482,-0.08,-0.08
0.02483,-0.08,-0.08
0.02484,-0.08,0
0.02485,0,-0.08
0.02486,0,0
0.02487,-0.08,-0.08
0.02488,-0.08,-0.08
0.02489,-0.08,0
0.0249,-0.08,0
0.02491,-0.08,0
0.02492,0,0
0.02493,0,0
0.02494,0,-0.08
0.02495,-0.08,0
0.02496,-0.08,0
0.02497,-0.08,0
0.02498,-0.08,-0.08
0.02499,0,0
0.025,-0.08,0
0.02501,-0.08,0
0.02502,-0.08,0
0.02503,0,0.08
0.02504,0,0
0.02505,-0.08,-0.08
0.02506,-0.08,-0.08
0.02507,-0.16,-0.08
0.02508,-0.08,0
0.02509,-0.16,0
0.0251,-0.08,0
0.02511,0,0
0.02512,-0.08,0
0.02513,0,0
0.02514,0,-0.08
0.02515,-0.08,0
0.02516,-0.08,-0.08
0.02517,-0.08,-0.08
0.02518,-0.08,0
0.02519,-0.08,0.08
0.0252,-0.08,0
0.02521,-0.16,-0.08
0.02522,-0.08,-0.08
0.02523,-0.08,0
0.02524,-0.08,0
0.02525,-0.08,-0.08
0.02526,0,-0.08
0.02527,0,0
0.02528,-0.08,0
0.02529,-0.08,0
0.0253,-0.08,-0.08
0.02531,-0.08,0
0.02532,0,0
0.02533,-0.08,-0.08
0.02534,-0.08,0
0.02535,-0.08,0
0.02536,-0.08,-0.08
0.02537,-0.08,-0.08
0.02538,-0.08,0
0.02539,-0.08,0.08
0.0254,-0.08,-0.08
0.02541,-0.16,-0.08
0.02542,-0.08,-0.08
0.02543,-0.08,0
0.02544,-0.16,0
0.02545,-0.08,0
0.02546,-0.08,0
0.02547,-0.16,-0.08
0.02548,-0.16,0
0.02549,-0.08,0
0.0255,-0.08,-0.08
0.02551,-0.08,0
0.02552,-0.08,0
0.02553,-0.08,0
0.02554,-0.08,-0.08
0.02555,-0.08,0
0.02556,-0.08,0
0.02557,-0.08,0
0.02558,-0.08,0
0.02559,-0.08,0.08
0.0256,-0.08,0
0.02561,-0.08,0
0.02562,-0.08,0
0.02563,-0.08,0
0.02564,-0.16,0
0.02565,-0.08,0
0.02566,-0.08,0
0.02567,-0.08,0
0.02568,-0.08,0
0.02569,-0.08,0
0.0257,-0.08,0
0.02571,-0.08,0
0.02572,-0.08,-0.08
0.02573,-0.08,-0.08
0.02574,-0.08,0.08
0.02575,-0.08,0
0.02576,-0.08,0
0.02577,-0.08,-0.08
0.02578,-0.08,-0.08
0.02579,-0.08,0
0.0258,0,0
0.02581,-0.08,0
0.02582,-0.08,0
0.02583,-0.08,0
0.02584,-0.08,0
0.02585,-0.08,0.08
0.02586,-0.08,0
0.02587,-0.08,0
0.02588,0,-0.08
0.02589,0.08,-0.16
0.0259,-0.08,0
0.02591,0,0
0.02592,-0.08,0
0.02593,-0.08,0
0.02594,0,-0.08
0.02595,0,0
0.02596,0,0
0.02597,-0.08,0
0.02598,-0.16,0
0.02599,-0.08,-0.08
0.026,-0.08,-0.08
0.02601,0,0
0.02602,-0.08,-0.08
0.02603,-0.08,0
0.02604,0,0
0.02605,0,-0.08
0.02606,0,0
0.02607,-0.08,0
0.02608,-0.08,0
0.02609,0,0
0.0261,0,0
0.02611,0,0
0.02612,-0.08,0
0.02613,-0.08,0
0.02614,0,0
0.02615,0,0
0.02616,-0.08,-0.08
0.02617,-0.08,0
0.02618,0,0
0.02619,0,0
0.0262,0,0
0.02621,0,0
0.02622,0,-0.08
0.02623,0,0
0.02624,-0.08,-0.08
0.02625,-0.08,-0.08
0.02626,-0.08,-0.08
0.02627,-0.08,-0.08
0.02628,-0.08,0
0.02629,-0.08,0
0.0263,-0.08,-0.08
0.02631,-0.08,0
0.02632,-0.08,0
0.02633,-0.08,-0.08
0.02634,-0.08,-0.08
0.02635,-0.08,0
0.02636,0,0
0.02637,-0.08,0
0.02638,-0.08,0.08
0.02639,0,0
0.0264,0,0
0.02641,-0.08,0
0.02642,-0.08,-0.08
0.02643,-0.08,0
0.02644,-0.08,0.08
0.02645,-0.08,0
0.02646,0,0.08
0.02647,0,0
0.02648,-0.08,0
0.02649,-0.08,0
0.0265,-0.08,0
0.02651,0,0
0.02652,0,0
0.02653,0,0
0.02654,-0.08,0
0.02655,0,0
0.02656,0.08,0
0.02657,-0.08,0.08
0.02658,-0.08,0.08
0.02659,0,0.08
0.0266,-0.08,0
0.02661,-0.08,0
0.02662,-0.08,0.08
0.02663,-0.16,0
0.02664,-0.08,0.08
0.02665,0,0
0.02666,0,0
0.02667,-0.08,0
0.02668,-0.08,0
0.02669,-0.08,0
0.0267,0,0.08
0.02671,-0.08,0
0.02672,-0.08,0
0.02673,-0.16,0
0.02674,-0.08,0
0.02675,0,0
0.02676,0,0
0.02677,0,0
0.02678,0,0
0.02679,0,-0.08
0.0268,-0.08,-0.08
0.02681,-0.08,-0.08
0.02682,0,-0.08
0.02683,-0.08,0
0.02684,0,0
0.02685,-0.08,-0.08
0.02686,-0.08,0
0.02687,-0.08,0
0.02688,0,0
0.02689,-0.08,0
0.0269,-0.08,0
0.02691,-0.08,0
0.02692,-0.08,0
0.02693,-0.16,-0.08
0.02694,-0.08,0
0.02695,-0.08,-0.08
0.02696,0,0
0.02697,-0.08,0
0.02698,-0.08,0
0.02699,-0.08,0
0.027,-0.08,0
0.02701,-0.08,-0.08
0.02702,-0.08,0
0.02703,-0.16,0
0.02704,-0.08,0
0.02705,-0.08,0
0.02706,-0.08,0.08
0.02707,-0.08,0
0.02708,0,0
0.02709,0,0
0.0271,-0.08,-0.08
0.02711,-0.16,-0.08
0.02712,-0.08,0
0.02713,-0.08,-0.08
0.02714,-0.08,0
0.02715,-0.08,0
0.02716,-0.08,0
0.02717,-0.16,0
0.02718,-0.08,-0.08
0.02719,-0.08,0
0.0272,0,0
0.02721,-0.08,-0.08
0.02722,-0.08,0
0.02723,-0.16,0
0.02724,-0.16,0
0.02725,-0.08,0
0.02726,-0.08,-0.08
0.02727,-0.08,-0.08
0.02728,-0.08,-0.08
0.02729,-0.08,0
0.0273,-0.08,-0.08
0.02731,-0.16,-0.08
0.02732,-0.16,-0.08
0.02733,-0.08,0
0.02734,-0.08,0
0.02735,-0.08,0
0.02736,-0.08,-0.08
0.02737,-0.08,0
0.02738,-0.08,-0.08
0.02739,-0.08,0
0.0274,-0.08,0
0.02741,-0.08,0
0.02742,-0.08,-0.08
0.02743,-0.16,0
0.02744,-0.08,0
0.02745,-0.08,0
0.02746,-0.16,-0.08
0.02747,-0.08,-0.08
0.02748,-0.08,0
0.02749,-0.08,0
0.0275,-0.08,0
0.02751,-0.08,0
0.02752,-0.08,0.08
0.02753,-0.08,0
0.02754,-0.08,-0.08
0.02755,-0.08,-0.08
0.02756,-0.08,-0.08
0.02757,-0.08,0
0.02758,-0.08,0
0.02759,0,0
0.0276,-0.08,0
0.02761,-0.08,0
0.02762,-0.08,-0.08
0.02763,0,-0.08
0.02764,-0.16,-0.08
0.02765,-0.08,0
0.02766,-0.08,0
0.02767,-0.08,0
0.02768,-0.08,0
0.02769,-0.08,0
0.0277,-0.08,0
0.02771,-0.08,0
0.02772,-0.08,0.08
0.02773,-0.08,0
0.02774,-0.08,-0.08
0.02775,-0.08,0
0.02776,-0.08,0
0.02777,-0.08,0
0.02778,-0.08,0
0.02779,-0.08,0
0.0278,-0.08,0
0.02781,-0.16,0
0.02782,-0.08,-0.08
0.02783,-0.08,0
0.02784,-0.08,0
0.02785,-0.08,-0.08
0.02786,-0.08,-0.08
0.02787,0,-0.08
0.02788,-0.08,-0.08
0.02789,-0.08,0
0.0279,-0.08,-0.08
0.02791,0,0
0.02792,-0.08,-0.08
0.02793,-0.08,-0.08
0.02794,-0.08,-0.08
0.02795,0.08,0
0.02796,0,-0.08
0.02797,-0.08,-0.08
0.02798,-0.08,0
0.02799,-0.08,0
0.028,-0.16,0
0.02801,-0.08,0
0.02802,-0.08,0
0.02803,0,0
0.02804,-0.08,-0.08
0.02805,0,-0.08
0.02806,-0.08,-0.08
0.02807,-0.08,0
0.02808,-0.08,-0.08
0.02809,-0.08,0
0.0281,-0.08,0
0.02811,-0.08,0
0.02812,-0.08,0
0.02813,-0.16,0.08
0.02814,-0.16,0
0.02815,-0.16,0
0.02816,-0.08,0
0.02817,-0.08,0
0.02818,-0.08,0
0.02819,-0.08,0
0.0282,-0.08,-0.08
0.02821,-0.16,0
0.02822,-0.08,0
0.02823,-0.08,0
0.02824,-0.16,0
0.02825,-0.16,-0.08
0.02826,-0.08,0
0.02827,-0.08,0
0.02828,0,-0.08
0.02829,-0.08,0
0.0283,-0.08,-0.08
0.02831,-0.08,0
0.02832,-0.08,0
0.02833,-0.16,0
0.02834,-0.08,0
0.02835,-0.08,0
0.02836,-0.08,0
0.02837,-0.08,0
0.02838,-0.16,0
0.02839,-0.08,-0.08
0.0284,-0.08,0
0.02841,-0.08,-0.08
0.02842,-0.08,0
0.02843,-0.08,-0.08
0.02844,-0.08,-0.08
0.02845,-0.08,0
0.02846,-0.08,0
0.02847,-0.08,0
0.02848,-0.08,0.08
0.02849,-0.08,0
0.0285,-0.08,0.08
0.02851,-0.08,0
0.02852,-0.08,0
0.02853,-0.08,0
0.02854,-0.08,0
0.02855,-0.08,0
0.02856,-0.08,0
0.02857,0,0
0.02858,0,0
0.02859,0,0
0.0286,-0.16,0
0.02861,-0.08,0
0.02862,-0.08,0
0.02863,-0.08,0
0.02864,0,0
0.02865,-0.08,-0.08
0.02866,-0.08,0
0.02867,-0.08,0
0.02868,0,0
0.02869,0,0
0.0287,-0.08,0
0.02871,-0.08,0
0.02872,-0.08,0
0.02873,-0.08,0
0.02874,-0.08,0.08
0.02875,-0.08,0
0.02876,-0.08,0
0.02877,-0.16,0
0.02878,-0.08,0
0.02879,-0.08,0
0.0288,-0.08,0
0.02881,-0.08,0
0.02882,0,0
0.02883,-0.08,0
0.02884,-0.08,0
0.02885,-0.16,0
0.02886,-0.08,0
0.02887,-0.08,0
0.02888,-0.08,0
0.02889,-0.08,0
0.0289,-0.08,0
0.02891,-0.08,0
0.02892,-0.08,0.08
0.02893,-0.08,-0.08
0.02894,-0.08,0
0.02895,-0.08,0
0.02896,-0.08,0
0.02897,-0.08,-0.08
0.02898,0,0
0.02899,-0.08,0
0.029,-0.08,-0.08
0.02901,-0.08,0
0.02902,-0.16,0
0.02903,-0.16,0
0.02904,-0.08,0
0.02905,-0.16,0
0.02906,0,0
0.02907,-0.08,0
0.02908,-0.08,0.08
0.02909,-0.16,0
0.0291,-0.16,0
0.02911,-0.16,0
0.02912,-0.08,0
0.02913,-0.08,0
0.02914,-0.08,0
0.02915,-0.08,0
0.02916,-0.16,0
0.02917,-0.08,-0.08
0.02918,0,-0.08
0.02919,-0.08,-0.08
0.0292,-0.08,0
0.02921,-0.08,-0.08
0.02922,-0.08,-0.08
0.02923,-0.16,0
0.02924,-0.08,0
0.02925,-0.08,0
0.02926,-0.08,0.08
0.02927,-0.08,0
0.02928,-0.08,0
0.02929,-0.08,0.08
0.0293,0,0
0.02931,-0.08,-0.08
0.02932,-0.08,-0.08
0.02933,-0.08,-0.08
0.02934,-0.08,-0.08
0.02935,0,0
0.02936,-0.08,-0.08
0.02937,-0.08,0
0.02938,-0.08,-0.08
0.02939,-0.08,0
0.0294,-0.16,0
0.02941,-0.16,-0.08
0.02942,-0.08,-0.08
0.02943,-0.08,-0.08
0.02944,-0.08,0
0.02945,-0.08,0
0.02946,-0.08,-0.08
0.02947,-0.08,0
0.02948,-0.08,0
0.02949,-0.08,0
0.0295,-0.08,0
0.02951,-0.08,0
0.02952,-0.08,0
0.02953,-0.08,-0.08
0.02954,-0.08,0
0.02955,-0.08,0
0.02956,-0.08,0
0.02957,-0.08,-0.08
0.02958,-0.08,0
0.02959,-0.08,-0.08
0.0296,-0.08,-0.08
0.02961,-0.08,-0.08
0.02962,-0.08,0
0.02963,-0.16,0
0.02964,-0.08,-0.08
0.02965,-0.08,0
0.02966,-0.08,-0.08
0.02967,-0.08,0
0.02968,0,0
0.02969,-0.08,0
0.0297,-0.08,0.08
0.02971,-0.08,0
0.02972,-0.08,-0.08
0.02973,-0.08,0
0.02974,-0.08,0
0.02975,-0.08,0
0.02976,-0.08,0
0.02977,-0.08,0
0.02978,-0.08,-0.08
0.02979,-0.08,0
0.0298,-0.08,-0.08
0.02981,-0.08,-0.08
0.02982,0,0
0.02983,-0.08,0
0.02984,-0.08,0
0.02985,0,0
0.02986,-0.08,0
0.02987,-0.08,0
0.02988,-0.08,0
0.02989,0,-0.08
0.0299,-0.08,-0.08
0.02991,0,0
0.02992,-0.08,0
0.02993,-0.08,0
0.02994,-0.08,0
0.02995,-0.08,0
0.02996,-0.08,0
0.02997,-0.08,0
0.02998,-0.08,0
0.02999,-0.08,0
0.03,-0.08,0
0.03001,-0.08,0
0.03002,0,0
0.03003,-0.08,0
0.03004,-6.96,-6.4
0.03005,7.44,-6.4
0.03006,7.52,-6.48
0.03007,7.52,-6.4
0.03008,7.44,-6.4
0.03009,7.44,-6.4
0.0301,7.52,7.92
0.03011,7.44,8
0.03012,7.52,8
0.03013,7.52,7.92
0.03014,-5.92,-2.4
0.03015,-4.88,-2.32
0.03016,-2.32,-0.24
0.03017,-1.68,0.56
0.03018,-2.16,0.32
0.03019,-2.96,-0.32
0.0302,-3.52,-0.72
0.03021,-3.76,-0.88
0.03022,-3.84,-0.88
0.03023,-3.92,-0.88
0.03024,-3.92,-0.88
0.03025,-3.92,-0.8
0.03026,-4,-0.8
0.03027,-4,-0.8
0.03028,-4,-0.88
0.03029,-4,-0.8
0.0303,-4,-0.8
0.03031,-3.92,-0.8
0.03032,-4,-0.8
0.03033,-4,-0.8
0.03034,-4,-0.8
0.03035,-3.92,-0.72
0.03036,-4,-0.8
0.03037,-3.92,-0.72
0.03038,-3.92,-0.8
0.03039,-4,-0.8
0.0304,-3.92,-0.72
0.03041,-3.92,-0.8
0.03042,-3.92,-0.72
0.03043,-3.92,-0.72
0.03044,-3.92,-0.64
0.03045,-3.92,-0.64
0.03046,-3.84,-0.64
0.03047,-3.84,-0.64
0.03048,-3.76,-0.64
0.03049,-3.84,-0.64
0.0305,-3.76,-0.64
0.03051,-3.68,-0.72
0.03052,-3.68,-0.64
0.03053,-3.76,-0.56
0.03054,-3.68,-0.56
0.03055,-3.6,-0.56
0.03056,-3.6,-0.56
0.03057,-3.6,-0.56
0.03058,-3.6,-0.56
0.03059,-3.52,-0.56
0.0306,-3.52,-0.64
0.03061,-3.44,-0.56
0.03062,-3.52,-0.48
0.03063,-3.44,-0.56
0.03064,-3.44,-0.56
0.03065,-3.36,-0.48
0.03066,-3.28,-0.48
0.03067,-3.28,-0.48
0.03068,-3.36,-0.48
0.03069,-3.2,-0.48
0.0307,-3.2,-0.48
0.03071,-3.2,-0.48
0.03072,-3.12,-0.48
0.03073,-3.12,-0.4
0.03074,-3.12,-0.4
0.03075,-3.04,-0.48
0.03076,-3.04,-0.4
0.03077,-2.96,-0.4
0.03078,-2.96,-0.48
0.03079,-2.88,-0.4
0.0308,-2.88,-0.32
0.03081,-2.88,-0.4
0.03082,-2.88,-0.4
0.03083,-2.88,-0.48
0.03084,-2.88,-0.4
0.03085,-2.8,-0.32
0.03086,-2.72,-0.32
0.03087,-2.72,-0.32
0.03088,-2.64,-0.32
0.03089,-2.64,-0.32
0.0309,-2.56,-0.32
0.03091,-2.48,-0.32
0.03092,-2.48,-0.4
0.03093,-2.48,-0.32
0.03094,-2.4,-0.32
0.03095,-2.4,-0.32
0.03096,-2.32,-0.32
0.03097,-2.32,-0.32
0.03098,-2.32,-0.4
0.03099,-2.32,-0.24
0.031,-2.32,-0.32
0.03101,-2.16,-0.32
0.03102,-2.24,-0.32
0.03103,-2.24,-0.32
0.03104,-2.16,-0.24
0.03105,-2.08,-0.24
0.03106,-2,-0.24
0.03107,-2,-0.24
0.03108,-2,-0.24
0.03109,-1.92,-0.24
0.0311,-1.92,-0.24
0.03111,-1.84,-0.16
0.03112,-1.84,-0.24
0.03113,-1.76,-0.16
0.03114,-1.76,-0.24
0.03115,-1.76,-0.16
0.03116,-1.76,-0.16
0.03117,-1.76,-0.24
0.03118,-1.68,-0.24
0.03119,-1.6,-0.24
0.0312,-1.52,-0.24
0.03121,-1.52,-0.24
0.03122,-1.52,-0.24
0.03123,-1.52,-0.16
0.03124,-1.52,-0.24
0.03125,-1.44,-0.24
0.03126,-1.44,-0.16
0.03127,-1.36,-0.16
0.03128,-1.36,-0.08
0.03129,-1.36,-0.08
0.0313,-1.28,-0.08
0.03131,-1.28,-0.16
0.03132,-1.28,-0.24
0.03133,-1.2,-0.16
0.03134,-1.12,-0.16
0.03135,-1.12,-0.16
0.03136,-1.12,-0.24
0.03137,-1.12,-0.16
0.03138,-1.12,-0.24
0.03139,-1.04,-0.16
0.0314,-1.04,-0.16
0.03141,-1.04,-0.16
0.03142,-0.96,-0.16
0.03143,-0.96,-0.16
0.03144,-0.88,-0.16
0.03145,-0.88,-0.16
0.03146,-0.88,-0.16
0.03147,-0.88,-0.24
0.03148,-0.8,-0.16
0.03149,-0.8,-0.16
0.0315,-0.72,-0.08
0.03151,-0.64,-0.08
0.03152,-0.72,-0.08
0.03153,-0.64,-0.08
0.03154,-0.72,-0.08
0.03155,-0.72,-0.08
0.03156,-0.64,-0.08
0.03157,-0.64,-0.08
0.03158,-0.64,-0.16
0.03159,-0.56,-0.08
0.0316,-0.64,-0.08
0.03161,-0.56,-0.08
0.03162,-0.64,-0.08
0.03163,-0.56,-0.08
0.03164,-0.4,-0.08
0.03165,-0.56,-0.08
0.03166,-0.4,-0.08
0.03167,-0.4,-0.08
0.03168,-0.4,-0.16
0.03169,-0.4,-0.08
0.0317,-0.4,-0.08
0.03171,-0.32,-0.16
0.03172,-0.32,-0.16
0.03173,-0.32,0
0.03174,-0.32,0
0.03175,-0.32,-0.08
0.03176,-0.32,0
0.03177,-0.24,-0.08
0.03178,-0.24,0
0.03179,-0.24,-0.08
0.0318,-0.24,-0.08
0.03181,-0.24,-0.08
0.03182,-0.16,0
0.03183,-0.24,-0.08
0.03184,-0.16,0
0.03185,-0.08,0
0.03186,-0.08,0
0.03187,-0.08,0
0.03188,0,-0.08
0.03189,-0.08,-0.08
0.0319,-0.08,-0.08
0.03191,0,0
0.03192,-0.08,-0.08
0.03193,0,-0.08
0.03194,0.08,0
0.03195,0,-0.08
0.03196,0,0
0.03197,-0.08,-0.08
0.03198,0.08,0
0.03199,0.08,0
0.032,0.08,0
0.03201,0.08,0.08
0.03202,0.08,0
0.03203,0.08,0
0.03204,0,-0.08
0.03205,-0.08,-0.08
0.03206,0.08,-0.08
0.03207,0.08,0
0.03208,0,-0.08
0.03209,0,-0.08
0.0321,0.08,-0.08
0.03211,0.08,0
0.03212,0.08,-0.08
0.03213,0.08,-0.08
0.03214,0.08,-0.08
0.03215,0.08,-0.08
0.03216,0.08,0
0.03217,0.08,0
0.03218,0.16,-0.08
0.03219,0.16,0
0.0322,0.16,-0.08
0.03221,0.16,-0.08
0.03222,0.16,0
0.03223,0.16,0
0.03224,0.16,0
0.03225,0.16,-0.08
0.03226,0.24,0
0.03227,0.16,0.08
0.03228,0.16,0
0.03229,0.16,-0.08
0.0323,0.16,0
0.03231,0.16,0
0.03232,0.16,0
0.03233,0.16,-0.08
0.03234,0.16,-0.08
0.03235,0.16,-0.08
0.03236,0.16,0
0.03237,0.16,0
0.03238,0.24,-0.08
0.03239,0.16,-0.08
0.0324,0.16,-0.08
0.03241,0.16,0
0.03242,0.16,0
0.03243,0.16,0
0.03244,0.16,-0.08
0.03245,0.32,0
0.03246,0.24,-0.08
0.03247,0.16,0
0.03248,0.16,0
0.03249,0.16,0
0.0325,0.24,0
0.03251,0.16,-0.08
0.03252,0.24,0
0.03253,0.24,-0.08
0.03254,0.16,0
0.03255,0.24,0
0.03256,0.24,0
0.03257,0.16,0.08
0.03258,0.24,0
0.03259,0.24,0.08
0.0326,0.24,-0.08
0.03261,0.32,-0.08
0.03262,0.24,-0.08
0.03263,0.24,-0.08
0.03264,0.16,0
0.03265,0.16,0.08
0.03266,0.24,0.08
0.03267,0.16,0.08
0.03268,0.24,0
0.03269,0.16,0
0.0327,0.16,0
0.03271,0.16,0
0.03272,0.24,0
0.03273,0.24,0
0.03274,0.16,0
0.03275,0.16,0
0.03276,0.16,0.08
0.03277,0.24,0.08
0.03278,0.16,0
0.03279,0.24,-0.08
0.0328,0.24,0
0.03281,0.24,0
0.03282,0.24,0
0.03283,0.24,-0.08
0.03284,0.16,-0.08
0.03285,0.16,0
0.03286,0.16,0
0.03287,0.16,0
0.03288,0.16,0
0.03289,0.16,0.08
0.0329,0.24,0
0.03291,0.16,0
0.03292,0.24,0
0.03293,0.24,0
0.03294,0.24,0
0.03295,0.16,0
0.03296,0.16,0
0.03297,0.08,0
0.03298,0.08,0
0.03299,0.08,0
0.033,0.24,0
0.03301,0.16,0.08
0.03302,0.16,0
0.03303,0.16,0
0.03304,0.16,0
0.03305,0.16,0
0.03306,0.16,0
0.03307,0.08,-0.08
0.03308,0.08,0
0.03309,0.24,-0.08
0.0331,0.16,0
0.03311,0.08,0
0.03312,0.16,0.08
0.03313,0.08,0
0.03314,0.16,0
0.03315,0.16,0.08
0.03316,0.08,0
0.03317,0.08,0
0.03318,0.16,0
0.03319,0.16,0.08
0.0332,0.08,0
0.03321,0.16,0
0.03322,0.16,0
0.03323,0.16,0.08
0.03324,0.08,0.08
0.03325,0.08,0
0.03326,0.16,0
0.03327,0.16,0
0.03328,0.16,0
0.03329,0.16,0
0.0333,0.16,0
0.03331,0.16,0
0.03332,0.16,0
0.03333,0.16,-0.08
0.03334,0.16,0
0.03335,0.16,0.08
0.03336,0.16,0.08
0.03337,0.08,0.08
0.03338,0.08,0
0.03339,0.16,0
0.0334,0.16,0
0.03341,0.16,0
0.03342,0.24,0
0.03343,0.16,0
0.03344,0.16,0.08
0.03345,0.08,0.08
0.03346,0.08,0.08
0.03347,0.08,0
0.03348,0.08,0
0.03349,0.16,0
0.0335,0.16,0.08
0.03351,0.08,0
0.03352,0.08,0
0.03353,0.08,0
0.03354,0.08,0
0.03355,0.16,0.08
0.03356,0.16,0.08
0.03357,0.16,0.08
0.03358,0.16,0
0.03359,0.16,0
0.0336,0.08,0
0.03361,0.16,0.08
0.03362,0.16,0.08
0.03363,0.16,0
0.03364,0.08,0
0.03365,0,0
0.03366,0.16,0
0.03367,0.16,0
0.03368,0.16,0
0.03369,0.08,0
0.0337,0.08,-0.08
0.03371,0.08,0
0.03372,0.16,0
0.03373,0.08,0
0.03374,0.24,0
0.03375,0.16,0
0.03376,0.08,0
0.03377,0.16,0.08
0.03378,0.16,0
0.03379,0.16,0.08
0.0338,0.08,0
0.03381,0.08,0
0.03382,0.08,0
0.03383,0.16,0.08
0.03384,0.08,0
0.03385,0.16,0
0.03386,0.08,-0.08
0.03387,0,0
0.03388,0.08,0
0.03389,0.16,-0.08
0.0339,0.08,0
0.03391,0.08,0
0.03392,0.08,0
0.03393,0.08,0.08
0.03394,0.08,0.08
0.03395,0.16,0
0.03396,0.08,0
0.03397,0.16,0
0.03398,0.08,-0.08
0.03399,0.08,-0.08
0.034,0.08,0
0.03401,0.08,0
0.03402,0.16,0
0.03403,0.16,0
0.03404,0.16,0
0.03405,0.16,0
0.03406,0.08,0
0.03407,0.16,0
0.03408,0.16,0
0.03409,0.08,0
0.0341,0.08,0
0.03411,0.08,0
0.03412,0.16,0
0.03413,0.16,0
0.03414,0.16,-0.08
0.03415,0.24,0
0.03416,0.16,0
0.03417,0.16,0.08
0.03418,0.16,0
0.03419,0.16,0
0.0342,0.08,0
0.03421,0.08,0
0.03422,0.16,0
0.03423,0.08,0
0.03424,0.08,0
0.03425,0.08,0
0.03426,0.08,0
0.03427,0.08,-0.08
0.03428,0.08,-0.08
0.03429,0.16,0
0.0343,0.16,0
0.03431,0.08,0
0.03432,0.08,0
0.03433,0.08,0
0.03434,0,0
0.03435,0.08,0.08
0.03436,0.16,0
0.03437,0.16,0
0.03438,0.16,0.08
0.03439,0.16,0
0.0344,0.08,0
0.03441,0.08,0.08
0.03442,0.16,0.08
0.03443,0.16,-0.08
0.03444,0.08,0
0.03445,0.08,0
0.03446,0.08,0
0.03447,0.16,-0.08
0.03448,0.16,-0.08
0.03449,0.16,0
0.0345,0.16,0
0.03451,0.08,-0.08
0.03452,0.08,0
0.03453,0.16,0
0.03454,0.16,0
0.03455,0.16,-0.08
0.03456,0.08,0
0.03457,0.16,0
0.03458,0.16,0
0.03459,0.08,0
0.0346,0.08,0
0.03461,0.08,0
0.03462,0.08,0
0.03463,0,0
0.03464,0.08,0
0.03465,0.08,0
0.03466,0.08,0
0.03467,0.08,0
0.03468,0.08,0
0.03469,0,0
0.0347,0.08,0
0.03471,0.08,0
0.03472,0.08,0
0.03473,0.16,0
0.03474,0.08,0
0.03475,0.16,0
0.03476,0.16,0
0.03477,0.16,0
0.03478,0.16,0
0.03479,0.08,0
0.0348,0.08,0
0.03481,0.16,0
0.03482,0.16,0
0.03483,0.08,-0.08
0.03484,0.08,0
0.03485,0.08,0
0.03486,0.08,0
0.03487,0,-0.08
0.03488,0.08,-0.08
0.03489,0.08,0
0.0349,0.08,0
0.03491,0.08,0
0.03492,0.08,0
0.03493,0,0
0.03494,0.08,0
0.03495,0.16,0
0.03496,0.16,0
0.03497,0.08,0
0.03498,0.08,0
0.03499,0.16,0
0.035,0.08,0
0.03501,0.08,0.08
0.03502,0.08,0.08
0.03503,0.08,0
0.03504,0,0
0.03505,0,0
0.03506,0,0.08
0.03507,7.52,-6.4
0.03508,7.68,-6.4
0.03509,7.68,-6.32
0.0351,7.6,-6.4
0.03511,7.6,-6.32
0.03512,7.6,-6.4
0.03513,7.6,-6.32
0.03514,7.6,-6.32
0.03515,7.6,-6.4
0.03516,7.6,-6.4
0.03517,7.6,-6.32
0.03518,7.6,8
0.03519,7.6,8.08
0.0352,7.6,8
0.03521,7.6,4.64
0.03522,0.32,-1.04
0.03523,2,0.24
0.03524,3.2,1.2
0.03525,2.96,1.2
0.03526,2.08,0.8
0.03527,1.44,0.24
0.03528,1.04,0.08
0.03529,0.8,0
0.0353,0.64,0
0.03531,0.56,0.08
0.03532,0.56,0
0.03533,0.48,0.08
0.03534,0.4,0.08
0.03535,0.4,0
0.03536,0.32,0.08
0.03537,0.32,0.08
0.03538,0.32,0.08
0.03539,0.16,0.16
0.0354,0.16,0.16
0.03541,0.24,0.16
0.03542,0.24,0.24
0.03543,0.16,0.24
0.03544,0.24,0.24
0.03545,0.16,0.24
0.03546,0.24,0.24
0.03547,0.24,0.24
0.03548,0.16,0.24
0.03549,0.08,0.24
0.0355,0.16,0.24
0.03551,0.16,0.32
0.03552,0.16,0.32
0.03553,0.16,0.32
0.03554,0.08,0.24
0.03555,0.16,0.4
0.03556,0.08,0.32
0.03557,0.08,0.4
0.03558,0.16,0.4
0.03559,0.16,0.4
0.0356,0.16,0.4
0.03561,0.16,0.4
0.03562,0.16,0.4
0.03563,0.08,0.4
0.03564,0.08,0.4
0.03565,0.16,0.4
0.03566,0.08,0.4
0.03567,0.08,0.4
0.03568,0.16,0.48
0.03569,0.08,0.4
0.0357,0.08,0.4
0.03571,0.08,0.4
0.03572,0.16,0.48
0.03573,0.16,0.48
0.03574,0.16,0.48
0.03575,0.08,0.48
0.03576,0.08,0.56
0.03577,0.08,0.56
0.03578,0.24,0.48
0.03579,0.16,0.56
0.0358,0.08,0.48
0.03581,0.16,0.56
0.03582,0.16,0.56
0.03583,0.16,0.56
0.03584,0.16,0.56
0.03585,0.16,0.56
0.03586,0.16,0.56
0.03587,0.08,0.56
0.03588,0.16,0.56
0.03589,0.16,0.56
0.0359,0.16,0.48
0.03591,0.16,0.48
0.03592,0.24,0.48
0.03593,0.24,0.64
0.03594,0.24,0.64
0.03595,0.24,0.56
0.03596,0.32,0.56
0.03597,0.32,0.56
0.03598,0.24,0.56
0.03599,0.24,0.56
0.036,0.16,0.56
0.03601,0.16,0.56
0.03602,0.24,0.56
0.03603,0.24,0.56
0.03604,0.24,0.56
0.03605,0.24,0.64
0.03606,0.24,0.56
0.03607,0.24,0.56
0.03608,0.16,0.64
0.03609,0.24,0.56
0.0361,0.32,0.56
0.03611,0.4,0.56
0.03612,0.32,0.56
0.03613,0.32,0.56
0.03614,0.32,0.56
0.03615,0.4,0.56
0.03616,0.32,0.56
0.03617,0.32,0.56
0.03618,0.32,0.56
0.03619,0.32,0.48
0.0362,0.32,0.48
0.03621,0.32,0.56
0.03622,0.32,0.56
0.03623,0.32,0.56
0.03624,0.32,0.56
0.03625,0.32,0.56
0.03626,0.32,0.56
0.03627,0.32,0.48
0.03628,0.4,0.56
0.03629,0.32,0.48
0.0363,0.4,0.48
0.03631,0.32,0.48
0.03632,0.4,0.48
0.03633,0.4,0.48
0.03634,0.4,0.48
0.03635,0.4,0.48
0.03636,0.4,0.48
0.03637,0.4,0.48
0.03638,0.32,0.4
0.03639,0.4,0.4
0.0364,0.48,0.4
0.03641,0.4,0.48
0.03642,0.4,0.4
0.03643,0.4,0.4
0.03644,0.4,0.4
0.03645,0.4,0.4
0.03646,0.4,0.4
0.03647,0.4,0.4
0.03648,0.4,0.4
0.03649,0.4,0.4
0.0365,0.4,0.32
0.03651,0.4,0.48
0.03652,0.32,0.4
0.03653,0.4,0.32
0.03654,0.32,0.32
0.03655,0.4,0.32
0.03656,0.4,0.4
0.03657,0.32,0.4
0.03658,0.32,0.32
0.03659,0.32,0.32
0.0366,0.32,0.32
0.03661,0.4,0.32
0.03662,0.4,0.24
0.03663,0.4,0.24
0.03664,0.4,0.32
0.03665,0.4,0.24
0.03666,0.32,0.32
0.03667,0.48,0.32
0.03668,0.4,0.24
0.03669,0.4,0.24
0.0367,0.4,0.24
0.03671,0.4,0.24
0.03672,0.32,0.24
0.03673,0.4,0.16
0.03674,0.4,0.16
0.03675,0.32,0.24
0.03676,0.4,0.24
0.03677,0.32,0.24
0.03678,0.32,0.24
0.03679,0.32,0.16
0.0368,0.4,0.16
0.03681,0.4,0.16
0.03682,0.48,0.16
0.03683,0.4,0.24
0.03684,0.32,0.16
0.03685,0.32,0.16
0.03686,0.4,0.16
0.03687,0.32,0.08
0.03688,0.4,0.16
0.03689,0.32,0.16
0.0369,0.32,0.16
0.03691,0.4,0.16
0.03692,0.32,0.16
0.03693,0.32,0.16
0.03694,0.32,0.08
0.03695,0.4,0
0.03696,0.4,0.08
0.03697,0.32,0.08
0.03698,0.32,0.08
0.03699,0.32,0.08
0.037,0.32,0.08
0.03701,0.32,0.08
0.03702,0.32,0.08
0.03703,0.4,0.08
0.03704,0.24,0.08
0.03705,0.32,0.08
0.03706,0.32,0.08
0.03707,0.24,0.08
0.03708,0.32,0.08
0.03709,0.32,0.08
0.0371,0.32,0.08
0.03711,0.24,0.08
0.03712,0.32,0
0.03713,0.32,0
0.03714,0.32,0.08
0.03715,0.16,0
0.03716,0.24,0.08
0.03717,0.32,0.08
0.03718,0.32,0.08
0.03719,0.24,0.08
0.0372,0.24,0.08
0.03721,0.16,0.08
0.03722,0.16,0
0.03723,0.16,0
0.03724,0.24,0
0.03725,0.16,0
0.03726,0.16,0
0.03727,0.16,0
0.03728,0.24,0
0.03729,0.24,0
0.0373,0.16,0
0.03731,0.16,0
0.03732,0.16,0
0.03733,0.16,0
0.03734,0.16,0
0.03735,0.16,0
0.03736,0.16,0
0.03737,0.16,-0.08
0.03738,0.08,-0.08
0.03739,0.08,0
0.0374,0.08,0
0.03741,0.08,0
0.03742,0.08,0
0.03743,0.08,0
0.03744,0.08,0
0.03745,0.08,0
0.03746,0.08,0
0.03747,0.08,-0.08
0.03748,0.08,0
0.03749,0.08,0
0.0375,0,0
0.03751,0.08,0
0.03752,0.08,0
0.03753,0.08,-0.08
0.03754,0.08,-0.08
0.03755,0.08,0
0.03756,0.08,0
0.03757,0.16,0
0.03758,0.08,0
0.03759,0.08,-0.08
0.0376,0.08,0
0.03761,0.16,-0.08
0.03762,0.08,0
0.03763,0,-0.08
0.03764,0,-0.08
0.03765,0,0
0.03766,0.08,-0.08
0.03767,0.08,0
0.03768,0.08,0
0.03769,0.16,0
0.0377,0.08,0
0.03771,0.08,0
0.03772,0.08,0
0.03773,0.08,0
0.03774,0,0
0.03775,0.08,-0.08
0.03776,0.08,-0.08
0.03777,0.08,-0.08
0.03778,0.16,-0.08
0.03779,0.08,0
0.0378,0.08,0
0.03781,0.08,0
0.03782,0.08,-0.08
0.03783,0.08,-0.08
0.03784,0.08,-0.08
0.03785,0.08,0
0.03786,0.08,0
0.03787,0.08,0
0.03788,0,0
0.03789,0.08,0
0.0379,0.08,-0.08
0.03791,0.08,0
0.03792,0,0
0.03793,0,0
0.03794,0.08,0
0.03795,0.08,-0.08
0.03796,0.08,-0.08
0.03797,0,0
0.03798,0.08,0
0.03799,0.08,0
0.038,0.08,0
0.03801,0.16,0
0.03802,0.16,0
0.03803,0.08,-0.08
0.03804,0,-0.08
0.03805,0.08,0
0.03806,0.16,0
0.03807,0.08,-0.08
0.03808,0.08,0
0.03809,0.08,0
0.0381,0.16,0
0.03811,0.08,0
0.03812,0.08,0
0.03813,0.08,0
0.03814,0.08,0
0.03815,0.24,0.08
0.03816,0.08,0.08
0.03817,0.08,0
0.03818,0.16,0.08
0.03819,0.16,0
0.0382,0.16,0
0.03821,0.16,0
0.03822,0.16,0
0.03823,0.16,0
0.03824,0.16,0.08
0.03825,0.16,0
0.03826,0.16,0
0.03827,0.24,0.08
0.03828,0.16,0.08
0.03829,0.16,0.08
0.0383,0.16,0
0.03831,0.16,0
0.03832,0.16,0
0.03833,0.16,0.08
0.03834,0.16,0.08
0.03835,0.16,0
0.03836,0.16,0
0.03837,0.24,0
0.03838,0.24,0
0.03839,0.24,0.08
0.0384,0.24,0
0.03841,0.24,0.08
0.03842,0.24,0.08
0.03843,0.24,0.08
0.03844,0.32,0.08
0.03845,0.32,0.08
0.03846,0.4,0.08
0.03847,0.4,0.08
0.03848,0.32,0.08
0.03849,0.32,0.08
0.0385,0.4,0.08
0.03851,0.32,0
0.03852,0.32,0.08
0.03853,0.32,0.08
0.03854,0.32,0.08
0.03855,0.32,0.08
0.03856,0.32,0.16
0.03857,0.4,0.16
0.03858,0.4,0.08
0.03859,0.4,0.16
0.0386,0.4,0.16
0.03861,0.48,0.16
0.03862,0.4,0.16
0.03863,0.48,0.16
0.03864,0.56,0.24
0.03865,0.56,0.16
0.03866,0.48,0.16
0.03867,0.48,0.16
0.03868,0.48,0.16
0.03869,0.48,0.16
0.0387,0.48,0.16
0.03871,0.48,0.08
0.03872,0.56,0.16
0.03873,0.48,0.16
0.03874,0.48,0.16
0.03875,0.56,0.24
0.03876,0.56,0.16
0.03877,0.56,0.16
0.03878,0.56,0.16
0.03879,0.56,0.16
0.0388,0.56,0.16
0.03881,0.56,0.16
0.03882,0.64,0.16
0.03883,0.64,0.16
0.03884,0.64,0.08
0.03885,0.56,0.16
0.03886,0.56,0.16
0.03887,0.64,0.24
0.03888,0.56,0.16
0.03889,0.56,0.16
0.0389,0.72,0.16
0.03891,0.72,0.16
0.03892,0.72,0.16
0.03893,0.72,0.24
0.03894,0.72,0.24
0.03895,0.8,0.16
0.03896,0.64,0.16
0.03897,0.8,0.16
0.03898,0.8,0.24
0.03899,0.88,0.24
0.039,0.88,0.16
0.03901,0.8,0.24
0.03902,0.88,0.24
0.03903,0.88,0.24
0.03904,0.88,0.24
0.03905,0.88,0.16
0.03906,0.88,0.16
0.03907,0.88,0.16
0.03908,0.96,0.24
0.03909,0.96,0.16
0.0391,0.88,0.24
0.03911,0.96,0.24
0.03912,0.88,0.16
0.03913,0.88,0.24
0.03914,0.96,0.24
0.03915,0.96,0.24
0.03916,1.04,0.24
0.03917,1.04,0.24
0.03918,1.04,0.24
0.03919,1.04,0.24
0.0392,0.96,0.24
0.03921,1.04,0.24
0.03922,1.04,0.24
0.03923,1.04,0.32
0.03924,1.04,0.32
0.03925,1.12,0.24
0.03926,1.04,0.32
0.03927,1.04,0.24
0.03928,1.12,0.24
0.03929,1.12,0.32
0.0393,1.12,0.32
0.03931,1.12,0.32
0.03932,1.12,0.24
0.03933,1.04,0.24
0.03934,1.04,0.32
0.03935,1.12,0.32
0.03936,1.2,0.24
0.03937,1.2,0.32
0.03938,1.2,0.32
0.03939,1.2,0.24
0.0394,1.2,0.24
0.03941,1.2,0.32
0.03942,1.2,0.24
0.03943,1.28,0.32
0.03944,1.28,0.24
0.03945,1.28,0.24
0.03946,1.28,0.24
0.03947,1.2,0.24
0.03948,1.2,0.32
0.03949,1.28,0.32
0.0395,1.36,0.32
0.03951,1.36,0.32
0.03952,1.28,0.32
0.03953,1.28,0.32
0.03954,1.28,0.32
0.03955,1.36,0.32
0.03956,1.44,0.24
0.03957,1.36,0.24
0.03958,1.36,0.32
0.03959,1.44,0.4
0.0396,1.36,0.32
0.03961,1.36,0.4
0.03962,1.36,0.4
0.03963,1.44,0.4
0.03964,1.36,0.32
0.03965,1.44,0.32
0.03966,1.36,0.32
0.03967,1.36,0.24
0.03968,1.36,0.32
0.03969,1.36,0.24
0.0397,1.36,0.32
0.03971,1.36,0.4
0.03972,1.44,0.4
0.03973,1.44,0.32
0.03974,1.44,0.4
0.03975,1.36,0.4
0.03976,1.36,0.4
0.03977,1.52,0.32
0.03978,1.52,0.4
0.03979,1.44,0.32
0.0398,1.44,0.4
0.03981,1.52,0.32
0.03982,1.44,0.4
0.03983,1.52,0.32
0.03984,1.44,0.32
0.03985,1.44,0.32
0.03986,1.44,0.4
0.03987,1.52,0.32
0.03988,1.52,0.32
0.03989,1.52,0.32
0.0399,1.52,0.4
0.03991,1.52,0.4
0.03992,1.52,0.4
0.03993,1.52,0.4
0.03994,1.52,0.32
0.03995,1.52,0.32
0.03996,1.52,0.4
0.03997,1.52,0.4
0.03998,1.52,0.4
0.03999,1.52,0.4
0.04,1.52,0.4
0.04001,1.52,0.24
0.04002,1.52,0.32
0.04003,1.6,0.32
0.04004,1.6,0.32
0.04005,1.52,0.32
0.04006,1.52,0.32
0.04007,1.52,0.32
0.04008,1.52,0.32
0.04009,1.52,0.32
0.0401,1.52,0.4
0.04011,1.52,0.4
0.04012,1.52,0.4
0.04013,1.52,0.4
0.04014,1.6,0.4
0.04015,1.52,0.32
0.04016,1.6,0.32
0.04017,1.52,0.32
0.04018,1.52,0.4
0.04019,1.52,0.4
0.0402,1.6,0.32
0.04021,1.6,0.4
0.04022,1.44,0.4
0.04023,1.52,0.4
0.04024,1.52,0.4
0.04025,1.52,0.32
0.04026,1.52,0.4
0.04027,1.6,0.32
0.04028,1.52,0.32
0.04029,1.6,0.4
0.0403,1.44,0.4
0.04031,1.52,0.48
0.04032,1.52,0.4
0.04033,1.52,0.32
0.04034,1.52,0.32
0.04035,1.52,0.32
0.04036,1.52,0.32
0.04037,1.44,0.32
0.04038,1.44,0.32
0.04039,1.44,0.32
0.0404,1.52,0.32
0.04041,1.52,0.24
0.04042,1.44,0.32
0.04043,1.52,0.32
0.04044,1.52,0.32
0.04045,1.52,0.32
0.04046,1.36,0.32
0.04047,1.44,0.32
0.04048,1.44,0.32
0.04049,1.36,0.4
0.0405,1.36,0.4
0.04051,1.36,0.32
0.04052,1.36,0.32
0.04053,1.28,0.32
0.04054,1.28,0.24
0.04055,1.28,0.32
0.04056,1.28,0.32
0.04057,1.36,0.32
0.04058,1.36,0.32
0.04059,1.36,0.24
0.0406,1.36,0.24
0.04061,1.28,0.32
0.04062,1.2,0.32
0.04063,1.2,0.32
0.04064,1.28,0.24
0.04065,1.28,0.24
0.04066,1.2,0.32
0.04067,1.2,0.24
0.04068,1.2,0.32
0.04069,1.12,0.32
0.0407,1.2,0.24
0.04071,1.2,0.24
0.04072,1.2,0.24
0.04073,1.12,0.24
0.04074,1.12,0.24
0.04075,1.12,0.24
0.04076,1.12,0.24
0.04077,1.12,0.24
0.04078,1.12,0.32
0.04079,1.12,0.24
0.0408,1.2,0.24
0.04081,1.12,0.24
0.04082,1.12,0.32
0.04083,1.12,0.24
0.04084,1.12,0.24
0.04085,1.12,0.24
0.04086,1.04,0.24
0.04087,1.04,0.32
0.04088,1.04,0.24
0.04089,1.04,0.24
0.0409,1.04,0.24
0.04091,0.96,0.24
0.04092,1.04,0.24
0.04093,0.96,0.32
0.04094,0.96,0.32
0.04095,0.96,0.24
0.04096,0.96,0.24
0.04097,0.96,0.24
0.04098,0.96,0.24
0.04099,0.96,0.24
0.041,0.88,0.24
0.04101,0.96,0.24
0.04102,0.8,0.24
0.04103,0.88,0.16
0.04104,0.8,0.16
0.04105,0.88,0.16
0.04106,0.88,0.24
0.04107,0.8,0.16
0.04108,0.8,0.24
0.04109,0.8,0.16
0.0411,0.72,0.16
0.04111,0.8,0.16
0.04112,0.8,0.16
0.04113,0.72,0.16
0.04114,0.72,0.16
0.04115,0.72,0.08
0.04116,0.8,0.16
0.04117,0.64,0.16
0.04118,0.72,0.16
0.04119,0.72,0.08
0.0412,0.64,0.16
0.04121,0.64,0.16
0.04122,0.64,0.16
0.04123,0.64,0.24
0.04124,0.64,0.24
0.04125,0.56,0.08
0.04126,0.64,0.16
0.04127,0.64,0.16
0.04128,0.64,0.16
0.04129,0.56,0.16
0.0413,0.56,0.16
0.04131,0.56,0.08
0.04132,0.56,0.16
0.04133,0.56,0.24
0.04134,0.56,0.08
0.04135,0.48,0.08
0.04136,0.56,0.08
0.04137,0.48,0.16
0.04138,0.48,0.08
0.04139,0.48,0.16
0.0414,0.48,0.16
0.04141,0.48,0.16
0.04142,0.48,0
0.04143,0.4,0.08
0.04144,0.4,0.08
0.04145,0.48,0.16
0.04146,0.4,0.16
0.04147,0.32,0.08
0.04148,0.4,0.08
0.04149,0.4,0.08
0.0415,0.4,0.16
0.04151,0.32,0.08
0.04152,0.32,0.08
0.04153,0.32,0.08
0.04154,0.32,0.08
0.04155,0.24,0.08
0.04156,0.24,0
0.04157,0.32,0
0.04158,0.4,0.08
0.04159,0.32,0
0.0416,0.32,0
0.04161,0.32,0
0.04162,0.32,0
0.04163,0.24,0
0.04164,0.24,0.08
0.04165,0.24,0.08
0.04166,0.16,0.08
0.04167,0.16,0
0.04168,0.16,0.08
0.04169,0.16,0
0.0417,0.16,0
0.04171,0.16,-0.08
0.04172,0.16,0
0.04173,0.24,0.08
0.04174,0.24,0
0.04175,0.16,0
0.04176,0.08,0
0.04177,0.08,-0.08
0.04178,0.16,-0.08
0.04179,0.08,0
0.0418,0.08,0.08
0.04181,0.08,0
0.04182,0.16,0
0.04183,0.16,0
0.04184,0.08,0
0.04185,0.08,0
0.04186,0.08,0
0.04187,0,0.08
0.04188,0.08,0.08
0.04189,0,0.08
0.0419,0.08,0
0.04191,0,0
0.04192,0.08,0
0.04193,0.08,0
0.04194,0.08,-0.08
0.04195,0,-0.08
0.04196,0,0.08
0.04197,0,0
0.04198,0,0
0.04199,0,0
0.042,0.08,0.08
0.04201,0.08,0
0.04202,-0.08,0
0.04203,0.08,0
0.04204,0.08,0.08
0.04205,0,0.08
0.04206,-0.08,0
0.04207,0,0
0.04208,-0.08,-0.08
0.04209,0,0
0.0421,-0.08,0
0.04211,-0.08,0
0.04212,0,0
0.04213,0,0
0.04214,-0.08,0
0.04215,0,-0.08
0.04216,-0.08,-0.08
0.04217,-0.08,-0.08
0.04218,-0.08,0
0.04219,-0.08,0
0.0422,-0.08,0
0.04221,-0.08,0
0.04222,-0.08,0.08
0.04223,-0.08,-0.08
0.04224,-0.08,0
0.04225,0.08,0.08
0.04226,0,0
0.04227,-0.08,0
0.04228,0,0
0.04229,-0.08,0
0.0423,-0.08,0
0.04231,-0.08,0
0.04232,-0.08,0
0.04233,-0.08,0
0.04234,-0.08,0
0.04235,-0.08,0
0.04236,-0.16,-0.08
0.04237,-0.08,0
0.04238,-0.08,0
0.04239,-0.16,0
0.0424,-0.16,-0.08
0.04241,-0.16,0
0.04242,-0.16,0
0.04243,-0.16,0
0.04244,-0.16,0
0.04245,-0.16,-0.08
0.04246,-0.16,0
0.04247,-0.16,0
0.04248,-0.08,0
0.04249,-0.08,0.08
0.0425,-0.16,0
0.04251,-0.16,-0.08
0.04252,-0.16,0
0.04253,-0.16,0
0.04254,-0.16,0
0.04255,-0.16,0
0.04256,-0.16,0
0.04257,-0.16,-0.08
0.04258,-0.16,-0.08
0.04259,-0.16,-0.08
0.0426,-0.16,-0.08
0.04261,-0.16,0
0.04262,-0.16,0
0.04263,-0.16,0
0.04264,-0.16,0
0.04265,-0.16,0
0.04266,-0.16,0.08
0.04267,-0.16,0
0.04268,-0.08,-0.08
0.04269,-0.08,0
0.0427,-0.08,-0.08
0.04271,-0.16,-0.08
0.04272,-0.16,0
0.04273,-0.08,0
0.04274,-0.08,0
0.04275,-0.08,0
0.04276,-0.16,-0.08
0.04277,-0.16,-0.08
0.04278,-0.16,-0.08
0.04279,-0.16,-0.08
0.0428,-0.24,0
0.04281,-0.24,-0.08
0.04282,-0.24,0
0.04283,-0.08,0
0.04284,-0.16,0
0.04285,-0.24,0
0.04286,-0.24,0
0.04287,-0.16,0
0.04288,-0.16,0
0.04289,-0.08,-0.08
0.0429,-0.16,-0.08
0.04291,-0.16,0
0.04292,-0.08,0.08
0.04293,-0.08,-0.08
0.04294,-0.08,-0.08
0.04295,-0.08,0
0.04296,-0.08,0.08
0.04297,-0.16,0
0.04298,-0.16,0
0.04299,-0.08,0
0.043,-0.16,0
0.04301,-0.08,0
0.04302,-0.08,0
0.04303,-0.16,0
0.04304,-0.16,0
0.04305,-0.08,0
0.04306,-0.08,0
0.04307,-0.08,0.08
0.04308,-0.08,0
0.04309,-0.08,0
0.0431,-0.24,0
0.04311,-0.16,0
0.04312,-0.08,0
0.04313,-0.16,0
0.04314,-0.16,0.08
0.04315,-0.16,0
0.04316,-0.16,0
0.04317,-0.08,0
0.04318,-0.08,0.08
0.04319,-0.16,0
0.0432,-0.16,-0.08
0.04321,-0.08,0
0.04322,-0.08,-0.08
0.04323,-0.16,-0.08
0.04324,-0.08,-0.08
0.04325,-0.16,0
0.04326,-0.16,-0.08
0.04327,-0.16,0
0.04328,-0.16,-0.08
0.04329,-0.16,0
0.0433,-0.08,-0.08
0.04331,-0.08,0
0.04332,-0.08,0
0.04333,0,0
0.04334,-0.08,0
0.04335,-0.08,0
0.04336,-0.08,0
0.04337,-0.08,0
0.04338,-0.08,0
0.04339,0,0
0.0434,-0.08,0
0.04341,-0.08,0
0.04342,-0.08,0
0.04343,-0.08,0.08
0.04344,-0.08,0
0.04345,-0.08,0
0.04346,-0.16,0
0.04347,-0.16,-0.08
0.04348,-0.16,-0.08
0.04349,-0.16,0
0.0435,-0.08,0
0.04351,-0.16,-0.08
0.04352,-0.16,-0.08
0.04353,-0.16,0
0.04354,-0.08,0
0.04355,-0.08,0
0.04356,-0.16,0
0.04357,-0.16,0
0.04358,-0.08,0
0.04359,-0.16,0
0.0436,-0.08,0
0.04361,-0.16,0
0.04362,-0.16,0
0.04363,-0.16,0
0.04364,-0.16,0.08
0.04365,-0.08,0
0.04366,-0.08,0
0.04367,-0.08,0
0.04368,-0.08,0
0.04369,-0.08,0
0.0437,-0.16,0
0.04371,0,-0.08
0.04372,-0.08,-0.08
0.04373,-0.08,-0.08
0.04374,-0.08,0
0.04375,-0.16,0
0.04376,-0.16,-0.08
0.04377,-0.08,0
0.04378,-0.08,-0.08
0.04379,-0.08,-0.08
0.0438,-0.08,-0.08
0.04381,-0.08,-0.08
0.04382,-0.08,0
0.04383,-0.16,-0.08
0.04384,-0.08,-0.08
0.04385,-0.16,0
0.04386,-0.08,0
0.04387,-0.08,0
0.04388,-0.08,0
0.04389,-0.08,0
0.0439,-0.08,-0.08
0.04391,-0.16,-0.08
0.04392,-0.16,-0.08
0.04393,-0.16,0
0.04394,-0.08,0
0.04395,-0.08,-0.08
0.04396,-0.08,-0.08
0.04397,-0.08,0
0.04398,-0.08,0
0.04399,-0.08,0
0.044,-0.16,0
0.04401,-0.16,-0.08
0.04402,-0.16,-0.08
0.04403,-0.16,0
0.04404,-0.16,-0.08
0.04405,-0.08,-0.08
0.04406,-0.16,0
0.04407,-0.16,-0.08
0.04408,-0.08,0
0.04409,-0.08,0
0.0441,-0.16,-0.08
0.04411,-0.16,-0.08
0.04412,-0.08,-0.08
0.04413,-0.16,0
0.04414,-0.16,0
0.04415,-0.16,0
0.04416,-0.16,-0.08
0.04417,-0.08,0
0.04418,-0.08,0
0.04419,-0.08,-0.08
0.0442,-0.08,0
0.04421,-0.08,-0.08
0.04422,-0.16,0
0.04423,-0.16,-0.08
0.04424,-0.08,-0.08
0.04425,-0.08,0
0.04426,-0.16,0
0.04427,-0.24,0
0.04428,-0.16,0
0.04429,-0.16,0
0.0443,-0.08,-0.08
0.04431,-0.16,0
0.04432,-0.16,0
0.04433,-0.16,-0.08
0.04434,-0.16,0
0.04435,-0.16,0
0.04436,-0.08,0
0.04437,-0.08,0
0.04438,-0.08,0
0.04439,-0.16,0
0.0444,-0.16,-0.08
0.04441,-0.16,0
0.04442,-0.16,0
0.04443,-0.16,0
0.04444,0,-0.08
0.04445,-0.08,-0.08
0.04446,-0.08,-0.08
0.04447,-0.08,-0.08
0.04448,-0.08,0
0.04449,-0.16,0
0.0445,-0.08,-0.08
0.04451,-0.16,-0.08
0.04452,-0.08,0
0.04453,-0.16,0
0.04454,-0.16,0
0.04455,-0.08,-0.08
0.04456,-0.16,-0.08
0.04457,-0.16,-0.08
0.04458,-0.08,-0.08
0.04459,-0.08,-0.08
0.0446,-0.08,0
0.04461,-0.08,-0.08
0.04462,-0.16,-0.08
0.04463,-0.24,-0.08
0.04464,-0.16,0
0.04465,-0.16,0
0.04466,-0.16,0
0.04467,-0.16,-0.08
0.04468,-0.16,0
0.04469,-0.16,-0.08
0.0447,-0.08,0
0.04471,-0.16,0
0.04472,-0.08,0
0.04473,-0.08,-0.08
0.04474,-0.08,-0.08
0.04475,-0.08,-0.08
0.04476,-0.08,0
0.04477,-0.08,0
0.04478,-0.08,0
0.04479,-0.16,0
0.0448,-0.08,-0.08
0.04481,-0.08,0
0.04482,-0.08,0
0.04483,-0.16,-0.08
0.04484,-0.08,-0.08
0.04485,-0.08,0
0.04486,-0.08,-0.08
0.04487,-0.16,0
0.04488,-0.16,0
0.04489,-0.08,0
0.0449,-0.16,0
0.04491,-0.16,-0.08
0.04492,-0.08,-0.08
0.04493,-0.08,0
0.04494,-0.08,0
0.04495,-0.08,-0.08
0.04496,-0.08,-0.08
0.04497,-0.08,0
0.04498,-0.08,0
0.04499,-0.16,0
0.045,-0.16,0
0.04501,-0.16,0
0.04502,-0.16,0
0.04503,-0.08,0
0.04504,-0.16,0
0.04505,-0.08,-0.08
0.04506,-0.16,-0.08
0.04507,-0.08,0
0.04508,-0.16,-0.08
0.04509,-0.16,0
0.0451,-0.08,0
0.04511,-0.16,-0.08
0.04512,-0.16,-0.08
0.04513,-0.16,-0.08
0.04514,-0.16,0
0.04515,-0.08,-0.08
0.04516,-0.08,0
0.04517,-0.08,0
0.04518,-0.16,0
0.04519,-0.08,-0.08
0.0452,-0.08,-0.08
0.04521,-0.08,0
0.04522,-0.08,-0.08
0.04523,-0.08,0
0.04524,-0.08,0
0.04525,-0.16,0.08
0.04526,-0.16,0
0.04527,-0.08,0
0.04528,-0.08,0
0.04529,-0.08,0
0.0453,-0.16,-0.08
0.04531,-0.08,0.08
0.04532,-0.16,-0.08
0.04533,-0.08,-0.08
0.04534,0,-0.08
0.04535,-0.08,-0.08
0.04536,-0.08,0
0.04537,-0.08,0
0.04538,-0.08,-0.08
0.04539,-0.08,0
0.0454,-0.16,-0.08
0.04541,-0.08,-0.08
0.04542,-0.16,-0.08
0.04543,-0.08,-0.08
0.04544,-0.08,0
0.04545,0,-0.08
0.04546,-0.16,0
0.04547,-0.08,0
0.04548,-0.08,-0.08
0.04549,-0.08,-0.08
0.0455,-0.08,-0.08
0.04551,-0.08,0
0.04552,-0.08,0
0.04553,-0.08,0
0.04554,-0.16,0
0.04555,-0.08,-0.08
0.04556,-0.16,-0.08
0.04557,-0.16,0
0.04558,-0.08,-0.08
0.04559,0,-0.08
0.0456,0,0
0.04561,0,-0.08
0.04562,0,-0.08
0.04563,-0.08,0
0.04564,-0.08,0
0.04565,-0.08,0
0.04566,-0.08,0
0.04567,-0.08,0
0.04568,-0.08,-0.08
0.04569,-0.08,-0.08
0.0457,-0.08,-0.08
0.04571,-0.08,0
0.04572,-0.08,0
0.04573,-0.08,0
0.04574,-0.08,0
0.04575,-0.16,-0.08
0.04576,-0.16,-0.08
0.04577,-0.08,-0.08
0.04578,-0.08,-0.08
0.04579,-0.16,-0.08
0.0458,-0.08,-0.08
0.04581,-0.08,0
0.04582,-0.16,0
0.04583,-0.08,-0.08
0.04584,-0.16,-0.08
0.04585,-0.08,0
0.04586,-0.08,0
0.04587,-0.08,-0.08
0.04588,-0.08,0
0.04589,-0.16,0
0.0459,-0.08,0
0.04591,-0.16,0
0.04592,-0.08,0
0.04593,-0.16,-0.08
0.04594,-0.16,0
0.04595,-0.08,0
0.04596,-0.08,-0.08
0.04597,-0.16,-0.08
0.04598,-0.08,0
0.04599,-0.16,0.08
0.046,-0.16,0
0.04601,-0.16,0
0.04602,-0.08,0
0.04603,-0.08,0
0.04604,-0.08,0
0.04605,-0.16,0
0.04606,-0.16,-0.08
0.04607,-0.08,0
0.04608,-0.08,0
0.04609,-0.16,-0.08
0.0461,-0.08,-0.08
0.04611,-0.08,-0.08
0.04612,-0.08,-0.08
0.04613,-0.16,-0.08
0.04614,-0.08,0
0.04615,-0.16,0
0.04616,-0.16,0
0.04617,-0.08,0
0.04618,-0.08,0
0.04619,-0.08,-0.08
0.0462,-0.08,-0.08
0.04621,-0.08,0
0.04622,-0.08,-0.08
0.04623,-0.08,0
0.04624,-0.08,0
0.04625,-0.08,0
0.04626,-0.08,0
0.04627,-0.08,0
0.04628,-0.08,0.08
0.04629,0,0
0.0463,-0.08,0
0.04631,-0.16,0
0.04632,-0.08,0
0.04633,-0.16,0
0.04634,-0.08,0
0.04635,-0.16,0.08
0.04636,-0.16,0
0.04637,-0.16,0
0.04638,-0.08,0
0.04639,-0.08,-0.08
0.0464,-0.08,0
0.04641,-0.08,0
0.04642,-0.08,0
0.04643,-0.08,0
0.04644,-0.08,0.08
0.04645,-0.16,-0.08
0.04646,-0.16,0
0.04647,-0.08,-0.08
0.04648,-0.16,0
0.04649,-0.08,0
0.0465,-0.08,0
0.04651,-0.16,0
0.04652,-0.08,0
0.04653,-0.08,0
0.04654,0,0
0.04655,-0.08,-0.08
0.04656,-0.08,0
0.04657,-0.08,0
0.04658,-0.08,0
0.04659,-0.08,0
0.0466,-0.08,-0.08
0.04661,-0.16,-0.08
0.04662,-0.16,0
0.04663,-0.16,0
0.04664,-0.08,0
0.04665,-0.16,0
0.04666,-0.08,0
0.04667,-0.16,0
0.04668,-0.16,-0.08
0.04669,-0.16,0
0.0467,-0.08,0
0.04671,-0.16,0
0.04672,-0.08,0
0.04673,-0.16,0
0.04674,-0.08,0
0.04675,0,0
0.04676,-0.08,0
0.04677,-0.08,0
0.04678,-0.08,0
0.04679,-0.08,0
0.0468,-0.08,-0.08
0.04681,-0.08,-0.16
0.04682,-0.08,0
0.04683,-0.08,0
0.04684,-0.16,0
0.04685,-0.16,0
0.04686,-0.16,0
0.04687,-0.16,0
0.04688,-0.08,0
0.04689,-0.08,0
0.0469,-0.08,0
0.04691,-0.08,0
0.04692,-0.08,0
0.04693,-0.16,0
0.04694,-0.08,0
0.04695,-0.16,-0.08
0.04696,-0.16,-0.08
0.04697,-0.16,0
0.04698,-0.16,0
0.04699,-0.08,0
0.047,-0.16,-0.08
0.04701,-0.08,0
0.04702,-0.16,0
0.04703,-0.16,0.08
0.04704,-0.08,0.08
0.04705,-0.16,0
0.04706,-0.16,0
0.04707,-0.08,0
0.04708,-0.16,0
0.04709,-0.08,-0.08
0.0471,0,0.08
0.04711,-0.08,0
0.04712,-0.08,-0.08
0.04713,-0.16,-0.08
0.04714,-0.16,0
0.04715,-0.16,0
0.04716,-0.16,0
0.04717,-0.08,0
0.04718,-0.08,0
0.04719,-0.16,0
0.0472,-0.16,-0.08
0.04721,-0.08,0
0.04722,-0.08,-0.08
0.04723,0,0
0.04724,-0.08,0
0.04725,-0.08,0
0.04726,-0.08,0
0.04727,-0.08,-0.08
0.04728,-0.08,0
0.04729,-0.16,0
0.0473,-0.16,0
0.04731,-0.16,0
0.04732,-0.08,0
0.04733,-0.08,-0.08
0.04734,-0.16,-0.08
0.04735,-0.08,-0.08
0.04736,0,-0.08
0.04737,-0.08,0
0.04738,-0.16,0
0.04739,-0.16,0
0.0474,-0.16,-0.08
0.04741,0,-0.08
0.04742,-0.08,0
0.04743,-0.08,0
0.04744,-0.08,0
0.04745,-0.08,-0.08
0.04746,-0.08,0
0.04747,-0.16,-0.08
0.04748,-0.16,-0.08
0.04749,-0.08,0
0.0475,-0.16,0.08
0.04751,-0.08,0
0.04752,-0.08,0
0.04753,-0.08,0
0.04754,-0.08,0
0.04755,-0.08,0
0.04756,-0.16,0
0.04757,-0.08,0
0.04758,-0.08,0
0.04759,-0.08,0
0.0476,0,0
0.04761,-0.16,0
0.04762,-0.08,0
0.04763,-0.08,0
0.04764,-0.08,-0.08
0.04765,-0.08,0
0.04766,0,0
0.04767,-0.08,0
0.04768,-0.08,-0.08
0.04769,-0.16,0
0.0477,-0.08,0.08
0.04771,0,0
0.04772,-0.08,0.08
0.04773,-0.16,0
0.04774,-0.08,0
0.04775,-0.08,0
0.04776,-0.08,0
0.04777,-0.08,0
0.04778,-0.08,0
0.04779,-0.08,-0.08
0.0478,-0.08,0
0.04781,-0.08,-0.08
0.04782,-0.08,0
0.04783,-0.08,0
0.04784,-0.16,0
0.04785,-0.16,-0.08
0.04786,-0.08,-0.08
0.04787,-0.16,-0.08
0.04788,-0.08,0
0.04789,-0.16,0
0.0479,-0.16,0
0.04791,-0.16,0
0.04792,-0.16,0
0.04793,-0.16,-0.08
0.04794,-0.08,-0.08
0.04795,-0.08,-0.08
0.04796,-0.08,0
0.04797,-0.08,0
0.04798,-0.08,0
0.04799,-0.08,-0.08
