0.82156,-0.12,-0.12
0.82156,-0.1,-0.06
0.82157,-0.12,-0.08
0.82157,-0.1,-0.08
0.82158,-0.12,-0.06
0.82158,-0.12,-0.06
0.82158,-0.08,-0.06
0.82159,-0.1,-0.06
0.82159,-0.08,-0.08
0.8216,-0.06,-0.08
0.8216,-0.02,-0.06
0.8216,-0.04,-0.04
0.82161,-0.08,-0.04
0.82161,-0.1,-0.06
0.82162,-0.12,-0.08
0.82162,-0.16,-0.08
0.82162,-0.16,-0.06
0.82163,-0.16,-0.04
0.82163,-0.16,-0.04
0.82164,-0.16,-0.04
0.82164,-0.16,-0.04
0.82164,-0.12,-0.02
0.82165,-0.16,0
0.82165,-0.16,-0.04
0.82166,-0.16,-0.04
0.82166,-0.14,-0.04
0.82166,-0.12,-0.04
0.82167,-0.14,-0.04
0.82167,-0.16,-0.02
0.82168,-0.16,-0.02
0.82168,-0.16,-0.08
0.82168,-0.12,-0.08
0.82169,-0.16,-0.14
0.82169,-0.16,-0.1
0.8217,-0.18,-0.08
0.8217,-0.18,-0.08
0.8217,-0.16,-0.04
0.82171,-0.16,-0.02
0.82171,-0.14,-0.06
0.82172,-0.12,-0.04
0.82172,-0.1,-0.04
0.82172,-0.12,-0.06
0.82173,-0.12,-0.04
0.82173,-0.1,-0.06
0.82174,-0.1,-0.08
0.82174,-0.14,-0.06
0.82174,-0.18,-0.06
0.82175,-0.18,-0.06
0.82175,-0.18,-0.06
0.82176,-0.12,-0.02
0.82176,-0.08,0
0.82176,-0.12,-0.04
0.82177,-0.14,-0.08
0.82177,-0.12,-0.06
0.82178,-0.16,-0.02
0.82178,-0.16,0
0.82178,-0.16,0.04
0.82179,-0.16,0.04
0.82179,-0.16,0.08
0.8218,-0.16,0.06
0.8218,-0.16,0.06
0.8218,-0.12,0.02
0.82181,-0.14,0
0.82181,-0.18,-0.04
0.82182,-0.16,-0.04
0.82182,-0.18,-0.06
0.82182,-0.16,-0.08
0.82183,-0.16,-0.08
0.82183,-0.14,-0.08
0.82184,-0.16,-0.06
0.82184,-0.18,-0.02
0.82184,-0.16,0
0.82185,-0.14,0
0.82185,-0.12,-0.02
0.82186,-0.12,0.02
0.82186,-0.12,0
0.82186,-0.12,0.04
0.82187,-0.12,0.06
0.82187,-0.16,0.04
0.82188,-0.14,0
0.82188,-0.18,0
0.82188,-0.2,0
0.82189,-0.22,0.02
0.82189,-0.24,0.02
0.8219,-0.26,0
0.8219,-0.24,-0.02
0.8219,-0.26,0
0.82191,-0.26,0
0.82191,-0.28,-0.02
0.82192,-0.26,-0.02
0.82192,-0.22,0
0.82192,-0.2,0.04
0.82193,-0.18,0.04
0.82193,-0.22,0.02
0.82194,-0.24,0
0.82194,-0.2,-0.04
0.82194,-0.2,0
0.82195,-0.18,0
0.82195,-0.18,-0.02
0.82196,-0.2,-0.02
0.82196,-0.22,0.02
0.82196,-0.22,0
0.82197,-0.18,-0.04
0.82197,-0.16,0
0.82198,-0.18,0
0.82198,-0.2,0
0.82198,-0.18,-0.02
0.82199,-0.18,-0.02
0.82199,-0.16,-0.02
0.822,-0.16,-0.02
0.822,-0.18,0
0.822,-0.16,0.02
0.82201,-0.18,0
0.82201,-0.2,-0.02
0.82202,-0.2,-0.02
0.82202,-0.18,-0.02
0.82202,-0.14,0
0.82203,-0.16,-0.02
0.82203,-0.18,0.02
0.82204,-0.18,0.02
0.82204,-0.18,0.04
0.82204,-0.16,0.02
0.82205,-0.18,-0.02
0.82205,-0.18,-0.02
0.82206,-0.16,-0.06
0.82206,-0.12,-0.04
0.82206,-0.16,0
0.82207,-0.18,-0.02
0.82207,-0.18,-0.06
0.82208,-0.14,-0.04
0.82208,-0.14,0
0.82208,-0.2,-0.02
0.82209,-0.18,0
0.82209,-0.24,-0.04
0.8221,-0.26,-0.04
0.8221,-0.28,-0.02
0.8221,-0.2,-0.04
0.82211,-0.2,-0.04
0.82211,-0.18,-0.02
0.82212,-0.16,-0.02
0.82212,-0.18,-0.02
0.82212,-0.2,-0.02
0.82213,-0.14,0
0.82213,-0.16,0.04
0.82214,-0.12,0.04
0.82214,-0.14,0.04
0.82214,-0.16,0.06
0.82215,-0.16,0.04
0.82215,-0.16,0
0.82216,-0.16,0.02
0.82216,-0.16,0.04
0.82216,-0.18,0.04
0.82217,-0.18,0.02
0.82217,-0.18,0.02
0.82218,-0.16,0.06
0.82218,-0.12,0.06
0.82218,-0.16,0.08
0.82219,-0.16,0.06
0.82219,-0.16,0.04
0.8222,-0.16,0.04
0.8222,-0.16,0.04
0.8222,-0.12,0.04
0.82221,-0.14,0.04
0.82221,-0.18,0.04
0.82222,-0.2,0
0.82222,-0.2,-0.02
0.82222,-0.16,0
0.82223,-0.2,0.02
0.82223,-0.22,0.04
0.82224,-0.24,0.08
0.82224,-0.24,0.06
0.82224,-0.22,0.02
0.82225,-0.2,0.08
0.82225,-0.18,0.08
0.82226,-0.14,0.1
0.82226,-0.12,0.08
0.82226,-0.12,0.06
0.82227,-0.14,0.08
0.82227,-0.12,0.08
0.82228,-0.16,0.08
0.82228,-0.2,0.06
0.82228,-0.2,0.06
0.82229,-0.14,0.06
0.82229,-0.14,0.04
0.8223,-0.14,0
0.8223,-0.14,0.06
0.8223,-0.16,0.08
0.82231,-0.18,0.06
0.82231,-0.18,0.06
0.82232,-0.2,0.04
0.82232,-0.18,0.06
0.82232,-0.14,0.02
0.82233,-0.16,0.06
0.82233,-0.14,0.06
0.82234,-0.14,0.08
0.82234,-0.12,0.04
0.82234,-0.12,0.08
0.82235,-0.18,0.04
0.82235,-0.16,0.04
0.82236,-0.16,0.04
0.82236,-0.18,0.04
0.82236,-0.18,0.04
0.82237,-0.14,0.04
0.82237,-0.16,0.06
0.82238,-0.16,0.08
0.82238,-0.16,0.08
0.82238,-0.14,0.06
0.82239,-0.14,0.06
0.82239,-0.12,0.06
0.8224,-0.14,0.06
0.8224,-0.12,0.04
0.8224,-0.1,0
0.82241,-0.08,0
0.82241,-0.08,0.02
0.82242,-0.1,0.06
0.82242,-0.1,0.08
0.82242,-0.08,0.1
0.82243,-0.1,0.08
0.82243,-0.12,0.06
0.82244,-0.12,0.04
0.82244,-0.12,0.04
0.82244,-0.08,0.02
0.82245,-0.12,0.06
0.82245,-0.12,0.04
0.82246,-0.14,0.06
0.82246,-0.16,0.08
0.82246,-0.12,0.1
0.82247,-0.14,0.06
0.82247,-0.1,0.06
0.82248,-0.06,0.04
0.82248,-0.06,0
0.82248,-0.08,0.02
0.82249,-0.12,0.02
0.82249,-0.14,0.04
0.8225,-0.14,0.06
0.8225,-0.12,0.06
0.8225,-0.12,0.04
0.82251,-0.14,0.02
0.82251,-0.14,0.04
0.82252,-0.12,0.06
0.82252,-0.1,0.06
0.82252,-0.1,0.06
0.82253,-0.12,0.06
0.82253,-0.08,0.06
0.82254,-0.08,0.04
0.82254,-0.12,0
0.82254,-0.12,0.06
0.82255,-0.12,0.06
0.82255,-0.14,0.04
0.82256,-0.12,0.08
0.82256,-0.1,0.08
0.82256,-0.12,0.08
0.82257,-0.14,0.06
0.82257,-0.16,0.04
0.82258,-0.18,0.08
0.82258,-0.2,0.08
0.82258,-0.2,0.1
0.82259,-0.2,0.14
0.82259,-0.18,0.12
0.8226,-0.2,0.1
0.8226,-0.16,0.08
0.8226,-0.14,0.06
0.82261,-0.12,0.06
0.82261,-0.1,0.08
0.82262,-0.14,0.08
0.82262,-0.12,0.08
0.82262,-0.12,0.06
0.82263,-0.14,0.08
0.82263,-0.12,0.02
0.82264,-0.08,0.04
0.82264,-0.08,0.04
0.82264,-0.1,0.06
0.82265,-0.14,0.06
0.82265,-0.12,0.08
0.82266,-0.12,0.12
0.82266,-0.12,0.08
0.82266,-0.1,0.06
0.82267,-0.1,0.02
0.82267,-0.08,0.02
0.82268,-0.08,0.06
0.82268,-0.1,0.1
0.82268,-0.12,0.12
0.82269,-0.12,0.1
0.82269,-0.1,0.12
0.8227,-0.06,0.14
0.8227,-0.08,0.1
0.8227,-0.04,0.1
0.82271,-0.02,0.12
0.82271,-0.02,0.12
0.82272,-0.06,0.1
0.82272,-0.08,0.1
0.82272,-0.14,0.06
0.82273,-0.16,0.06
0.82273,-0.12,0.06
0.82274,-0.06,0.06
0.82274,-0.04,0.06
0.82274,-0.04,0.02
0.82275,-0.02,0
0.82275,-0.02,0.04
0.82276,-0.06,0.04
0.82276,-0.1,0
0.82276,-0.12,0.02
0.82277,-0.14,0
0.82277,-0.12,0
0.82278,-0.12,0.02
0.82278,-0.08,0.04
0.82278,-0.04,0.04
0.82279,-0.04,0.08
0.82279,-0.06,0.06
0.8228,-0.06,0.04
0.8228,-0.06,0.02
0.8228,-0.06,0.04
0.82281,-0.08,0.04
0.82281,-0.1,0.02
0.82282,-0.06,0.04
0.82282,-0.06,0.06
0.82282,-0.02,0.08
0.82283,-0.06,0.1
0.82283,-0.08,0.1
0.82284,-0.1,0.06
0.82284,-0.08,0.06
0.82284,-0.1,0.04
0.82285,-0.08,0.06
0.82285,-0.08,0.08
0.82286,-0.06,0.1
0.82286,-0.06,0.12
0.82286,-0.06,0.14
0.82287,-0.06,0.12
0.82287,-0.08,0.08
0.82288,-0.06,0.06
0.82288,-0.06,0.08
0.82288,-0.08,0.06
0.82289,-0.06,0.06
0.82289,-0.04,0.06
0.8229,-0.08,0.1
0.8229,-0.06,0.08
0.8229,-0.08,0.06
0.82291,-0.1,0.06
0.82291,-0.1,0.06
0.82292,-0.1,0.06
0.82292,-0.12,0.08
0.82292,-0.12,0.1
0.82293,-0.12,0.08
0.82293,-0.1,0.1
0.82294,-0.14,0.08
0.82294,-0.14,0.06
0.82294,-0.12,0.06
0.82295,-0.12,0.06
0.82295,-0.12,0.08
0.82296,-0.06,0.1
0.82296,-0.04,0.1
0.82296,-0.02,0.08
0.82297,-0.02,0.08
0.82297,0.04,0.06
0.82298,0.04,0.06
0.82298,0.02,0.1
0.82298,-0.02,0.06
0.82299,0,0.1
0.82299,-0.04,0.12
0.823,-0.08,0.1
0.823,-0.08,0.1
0.823,-0.06,0.1
0.82301,-0.04,0.1
0.82301,0,0.08
0.82302,-0.02,0.1
0.82302,-0.02,0.08
0.82302,-0.04,0.06
0.82303,-0.06,0.04
0.82303,-0.08,0.04
0.82304,-0.08,0.04
0.82304,-0.04,0.04
0.82304,-0.04,0.02
0.82305,-0.02,0.02
0.82305,-0.04,0.02
0.82306,-0.06,0.06
0.82306,-0.06,0.06
0.82306,-0.04,0.08
0.82307,-0.04,0.08
0.82307,-0.04,0.06
0.82308,-0.04,0.08
0.82308,-0.02,0.06
0.82308,0,0.06
0.82309,0,0.08
0.82309,-0.04,0.06
0.8231,-0.06,0.02
0.8231,-0.06,0
0.8231,-0.06,-0.02
0.82311,-0.06,0
0.82311,-0.06,0.04
0.82312,-0.02,0.06
0.82312,-0.02,0.06
0.82312,-0.02,0.06
0.82313,0,0.08
0.82313,0.02,0.04
0.82314,0.02,0.04
0.82314,0,0.02
0.82314,0.02,0.06
0.82315,-0.02,0.04
0.82315,-0.04,0.04
0.82316,-0.04,0.04
0.82316,0,0.02
0.82316,0.02,0.02
0.82317,0.02,0.04
0.82317,-0.02,0.06
0.82318,-0.04,0.04
0.82318,-0.06,0.02
0.82318,-0.02,0
0.82319,0,0
0.82319,0.04,0
0.8232,0,0.02
0.8232,-0.04,0.02
0.8232,-0.04,0.02
0.82321,-0.04,0.04
0.82321,-0.02,0.06
0.82322,-0.04,0.06
0.82322,-0.02,0.06
0.82322,-0.02,0.08
0.82323,-0.02,0.06
0.82323,-0.04,0.1
0.82324,-0.02,0.06
0.82324,-0.02,0.04
0.82324,-0.02,0.04
0.82325,0.02,0.04
0.82325,0.02,0.04
0.82326,0.04,0
0.82326,0.04,0.02
0.82326,0,0.02
0.82327,0.02,0.02
0.82327,0,-0.02
0.82328,0,0
0.82328,0,0.02
0.82328,-0.02,0.04
0.82329,-0.02,0.06
0.82329,-0.04,0.04
0.8233,0,0.04
0.8233,0.02,0.06
0.8233,0.04,0.04
0.82331,0.02,0.06
0.82331,0,0.04
0.82332,-0.02,0.04
0.82332,-0.04,0.02
0.82332,0,0.04
0.82333,0.02,0.04
0.82333,0.02,0.04
0.82334,0,0.04
0.82334,0,0.04
0.82334,0.02,0.02
0.82335,0.04,0
0.82335,0,0
0.82336,0,0.04
0.82336,0,0.08
0.82336,-0.04,0.12
0.82337,-0.06,0.1
0.82337,-0.08,0.1
0.82338,-0.06,0.06
0.82338,-0.04,0.04
0.82338,0,0.04
0.82339,0.02,0.04
0.82339,0.04,0.02
0.8234,0.06,0.04
0.8234,0.06,0.02
0.8234,0.06,0.08
0.82341,0.08,0.08
0.82341,0.04,0.06
0.82342,0.02,0.08
0.82342,0.02,0.06
0.82342,0,0.08
0.82343,0,0.08
0.82343,0,0.08
0.82344,-0.02,0.06
0.82344,-0.02,0.04
0.82344,-0.06,0.04
0.82345,-0.06,0.06
0.82345,0,0.08
0.82346,0,0.04
0.82346,0,0.04
0.82346,0,0.04
0.82347,0,0.04
0.82347,0.02,0.04
0.82348,0.04,0.06
0.82348,0.02,0.04
0.82348,0,0.06
0.82349,0.04,0.02
0.82349,0.04,0.02
0.8235,0.04,0
0.8235,0.02,0.04
0.8235,0,0.02
0.82351,0.02,0.02
0.82351,0,0.02
0.82352,-0.02,0.02
0.82352,-0.02,0.02
0.82352,-0.02,0
0.82353,-0.02,0.02
0.82353,-0.04,0.02
0.82354,0,0.04
0.82354,0.02,0.02
0.82354,0.02,0
0.82355,0.02,0
0.82355,0.04,0
0.82356,0.04,-0.02
0.82356,0,-0.06
0.82356,-0.02,-0.04
0.82357,-0.06,0
0.82357,-0.06,0.04
0.82358,-0.04,0.04
0.82358,-0.04,0.04
0.82358,-0.02,0.04
0.82359,-0.02,0.06
0.82359,-0.02,0.04
0.8236,-0.06,0.04
0.8236,-0.06,0.04
0.8236,-0.04,0.06
0.82361,-0.02,0.04
0.82361,0,0.08
0.82362,-0.02,0.12
0.82362,-0.02,0.1
0.82362,0,0.02
0.82363,0.04,0.02
0.82363,0.02,0
0.82364,-0.02,-0.02
0.82364,0,-0.02
0.82364,0,-0.04
0.82365,-0.02,0.02
0.82365,0,0.04
0.82366,-0.02,0.04
0.82366,0,0.06
0.82366,0.04,0.08
0.82367,0.06,0.08
0.82367,0.04,0.08
0.82368,0.08,0.06
0.82368,0.06,0.06
0.82368,0.02,0.08
0.82369,0,0.1
0.82369,-0.02,0.08
0.8237,0,0.1
0.8237,0,0.08
0.8237,0,0.1
0.82371,0.04,0.08
0.82371,0.02,0.06
0.82372,0.02,0.04
0.82372,0.02,-0.02
0.82372,0.04,-0.02
0.82373,0.1,0
0.82373,0.12,0.04
0.82374,0.1,0.04
0.82374,0.08,0.06
0.82374,0.06,0.06
0.82375,0.06,0.08
0.82375,0.06,0.1
0.82376,0.04,0.1
0.82376,0.08,0.08
0.82376,0.06,0.1
0.82377,0.04,0.08
0.82377,0.02,0.04
0.82378,0.08,0.04
0.82378,0.06,0.02
0.82378,0.06,0.06
0.82379,0.08,0.08
0.82379,0.1,0.08
0.8238,0.1,0.1
0.8238,0.04,0.1
0.8238,0.02,0.1
0.82381,0.02,0.12
0.82381,0.02,0.12
0.82382,0,0.12
0.82382,-0.02,0.1
0.82382,-0.04,0.1
0.82383,-0.04,0.06
0.82383,0.04,0.08
0.82384,0.04,0.08
0.82384,0.02,0.08
0.82384,-0.02,0.08
0.82385,0,0.06
0.82385,0,0.08
0.82386,0.02,0.06
0.82386,0.04,0.1
0.82386,0.08,0.06
0.82387,0.04,0.04
0.82387,0,0.04
0.82388,0,0.06
0.82388,0,0.06
0.82388,0,0.06
0.82389,0.04,0.08
0.82389,0.08,0.08
0.8239,0.08,0.1
0.8239,0.04,0.1
0.8239,0.04,0.08
0.82391,0.04,0.08
0.82391,0,0.08
0.82392,0.04,0.06
0.82392,0.06,0.08
0.82392,0.04,0.1
0.82393,0.02,0.1
0.82393,0.02,0.1
0.82394,0.04,0.1
0.82394,0.04,0.14
0.82394,0.06,0.14
0.82395,0.08,0.12
0.82395,0.1,0.1
0.82396,0.08,0.08
0.82396,0.08,0.1
0.82396,0.08,0.12
0.82397,0.06,0.12
0.82397,0.04,0.12
0.82398,0.08,0.14
0.82398,0.06,0.14
0.82398,0.04,0.12
0.82399,0.04,0.06
0.82399,0.04,0.08
0.824,0.06,0.1
0.824,0.04,0.12
0.824,0.02,0.12
0.82401,-0.02,0.12
0.82401,-0.02,0.12
0.82402,-0.04,0.12
0.82402,-0.02,0.1
0.82402,0.02,0.12
0.82403,0.06,0.14
0.82403,0.1,0.14
0.82404,0.1,0.12
0.82404,0.08,0.16
0.82404,0.08,0.14
0.82405,0.08,0.14
0.82405,0.1,0.14
0.82406,0.08,0.12
0.82406,0.1,0.12
0.82406,0.08,0.08
0.82407,0.06,0.08
0.82407,0.04,0.08
0.82408,0.02,0.04
0.82408,0.04,0.04
0.82408,0.04,0.06
0.82409,0.1,0.08
0.82409,0.1,0.1
0.8241,0.08,0.12
0.8241,0.06,0.16
0.8241,0.08,0.18
0.82411,0.06,0.18
0.82411,0.08,0.16
0.82412,0.06,0.18
0.82412,0.06,0.18
0.82412,0.06,0.2
0.82413,0.08,0.18
0.82413,0.08,0.18
0.82414,0.06,0.2
0.82414,0.02,0.18
0.82414,0.04,0.2
0.82415,0.04,0.2
0.82415,0.08,0.18
0.82416,0.1,0.16
0.82416,0.12,0.16
0.82416,0.14,0.16
0.82417,0.16,0.16
0.82417,0.14,0.14
0.82418,0.16,0.12
0.82418,0.14,0.1
0.82418,0.1,0.14
0.82419,0.04,0.14
0.82419,0.08,0.14
0.8242,0.08,0.14
0.8242,0.1,0.16
0.8242,0.14,0.18
0.82421,0.12,0.18
0.82421,0.12,0.22
0.82422,0.12,0.22
0.82422,0.12,0.2
0.82422,0.12,0.2
0.82423,0.12,0.22
0.82423,0.12,0.26
0.82424,0.12,0.24
0.82424,0.12,0.22
0.82424,0.12,0.2
0.82425,0.1,0.2
0.82425,0.1,0.2
0.82426,0.1,0.2
0.82426,0.1,0.18
0.82426,0.08,0.2
0.82427,0.1,0.18
0.82427,0.12,0.18
0.82428,0.1,0.16
0.82428,0.1,0.2
0.82428,0.12,0.22
0.82429,0.12,0.22
0.82429,0.12,0.18
0.8243,0.1,0.18
0.8243,0.08,0.18
0.8243,0.02,0.16
0.82431,0.04,0.18
0.82431,0.02,0.22
0.82432,0.04,0.22
0.82432,0.02,0.22
0.82432,0.04,0.22
0.82433,0.08,0.24
0.82433,0.14,0.24
0.82434,0.16,0.24
0.82434,0.12,0.24
0.82434,0.12,0.24
0.82435,0.12,0.26
0.82435,0.1,0.28
0.82436,0.12,0.26
0.82436,0.12,0.28
0.82436,0.1,0.3
0.82437,0.1,0.28
0.82437,0.12,0.28
0.82438,0.1,0.3
0.82438,0.08,0.3
0.82438,0.12,0.3
0.82439,0.1,0.26
0.82439,0.1,0.26
0.8244,0.12,0.26
0.8244,0.14,0.26
0.8244,0.1,0.3
0.82441,0.1,0.3
0.82441,0.1,0.3
0.82442,0.12,0.3
0.82442,0.14,0.28
0.82442,0.14,0.26
0.82443,0.16,0.22
0.82443,0.16,0.22
0.82444,0.18,0.22
0.82444,0.18,0.24
0.82444,0.18,0.28
0.82445,0.2,0.32
0.82445,0.18,0.28
0.82446,0.18,0.28
0.82446,0.18,0.24
0.82446,0.2,0.26
0.82447,0.22,0.26
0.82447,0.24,0.3
0.82448,0.24,0.3
0.82448,0.24,0.3
0.82448,0.2,0.3
0.82449,0.16,0.26
0.82449,0.16,0.28
0.8245,0.18,0.28
0.8245,0.18,0.28
0.8245,0.16,0.3
0.82451,0.12,0.34
0.82451,0.14,0.32
0.82452,0.12,0.3
0.82452,0.12,0.3
0.82452,0.1,0.28
0.82453,0.14,0.22
0.82453,0.16,0.22
0.82454,0.18,0.22
0.82454,0.18,0.24
0.82454,0.18,0.24
0.82455,0.14,0.24
0.82455,0.14,0.26
0.82456,0.16,0.3
0.82456,0.16,0.32
0.82456,0.18,0.32
0.82457,0.16,0.38
0.82457,0.14,0.4
0.82458,0.16,0.38
0.82458,0.16,0.4
0.82458,0.16,0.4
0.82459,0.16,0.38
0.82459,0.2,0.34
0.8246,0.26,0.34
0.8246,0.26,0.34
0.8246,0.24,0.32
0.82461,0.18,0.3
0.82461,0.2,0.28
0.82462,0.18,0.26
0.82462,0.2,0.28
0.82462,0.24,0.32
0.82463,0.28,0.34
0.82463,0.3,0.32
0.82464,0.3,0.34
0.82464,0.34,0.34
0.82464,0.3,0.34
0.82465,0.3,0.36
0.82465,0.26,0.4
0.82466,0.22,0.42
0.82466,0.2,0.4
0.82466,0.22,0.38
0.82467,0.24,0.38
0.82467,0.28,0.36
0.82468,0.28,0.36
0.82468,0.24,0.34
0.82468,0.26,0.38
0.82469,0.26,0.4
0.82469,0.22,0.38
0.8247,0.26,0.36
0.8247,0.26,0.36
0.8247,0.24,0.36
0.82471,0.24,0.4
0.82471,0.28,0.42
0.82472,0.28,0.46
0.82472,0.24,0.48
0.82472,0.24,0.42
0.82473,0.26,0.44
0.82473,0.28,0.44
0.82474,0.28,0.4
0.82474,0.28,0.4
0.82474,0.3,0.38
0.82475,0.34,0.36
0.82475,0.34,0.44
0.82476,0.34,0.44
0.82476,0.36,0.44
0.82476,0.34,0.44
0.82477,0.4,0.4
0.82477,0.42,0.36
0.82478,0.38,0.36
0.82478,0.34,0.32
0.82478,0.32,0.34
0.82479,0.34,0.36
0.82479,0.3,0.38
0.8248,0.28,0.4
0.8248,0.3,0.42
0.8248,0.3,0.42
0.82481,0.34,0.42
0.82481,0.34,0.46
0.82482,0.36,0.48
0.82482,0.36,0.46
0.82482,0.34,0.46
0.82483,0.34,0.42
0.82483,0.34,0.44
0.82484,0.36,0.44
0.82484,0.34,0.42
0.82484,0.38,0.4
0.82485,0.4,0.44
0.82485,0.42,0.44
0.82486,0.4,0.42
0.82486,0.4,0.44
0.82486,0.38,0.44
0.82487,0.34,0.42
0.82487,0.34,0.44
0.82488,0.36,0.44
0.82488,0.38,0.4
0.82488,0.42,0.4
0.82489,0.42,0.4
0.82489,0.38,0.44
0.8249,0.4,0.44
0.8249,0.38,0.44
0.8249,0.44,0.44
0.82491,0.44,0.46
0.82491,0.44,0.48
0.82492,0.42,0.5
0.82492,0.42,0.48
0.82492,0.46,0.44
0.82493,0.44,0.48
0.82493,0.44,0.5
0.82494,0.44,0.52
0.82494,0.46,0.5
0.82494,0.44,0.46
0.82495,0.48,0.48
0.82495,0.48,0.5
0.82496,0.48,0.52
0.82496,0.46,0.48
0.82496,0.42,0.44
0.82497,0.4,0.44
0.82497,0.42,0.44
0.82498,0.44,0.48
0.82498,0.4,0.46
0.82498,0.46,0.46
0.82499,0.46,0.44
0.82499,0.48,0.46
0.825,0.48,0.48
0.825,0.48,0.44
0.825,0.46,0.48
0.82501,0.44,0.5
0.82501,0.46,0.48
0.82502,0.52,0.48
0.82502,0.52,0.52
0.82502,0.5,0.5
0.82503,0.5,0.48
0.82503,0.5,0.44
0.82504,0.48,0.46
0.82504,0.5,0.46
0.82504,0.48,0.44
0.82505,0.48,0.5
0.82505,0.46,0.5
0.82506,0.48,0.48
0.82506,0.52,0.48
0.82506,0.58,0.48
0.82507,0.54,0.48
0.82507,0.54,0.5
0.82508,0.54,0.5
0.82508,0.54,0.44
0.82508,0.52,0.48
0.82509,0.5,0.48
0.82509,0.48,0.48
0.8251,0.48,0.46
0.8251,0.48,0.44
0.8251,0.52,0.44
0.82511,0.5,0.44
0.82511,0.5,0.4
0.82512,0.5,0.4
0.82512,0.5,0.42
0.82512,0.5,0.42
0.82513,0.5,0.46
0.82513,0.48,0.48
0.82514,0.48,0.48
0.82514,0.54,0.48
0.82514,0.56,0.5
0.82515,0.58,0.48
0.82515,0.62,0.48
0.82516,0.66,0.46
0.82516,0.64,0.46
0.82516,0.62,0.52
0.82517,0.6,0.5
0.82517,0.64,0.48
0.82518,0.6,0.48
0.82518,0.6,0.48
0.82518,0.66,0.48
0.82519,0.62,0.5
0.82519,0.68,0.52
0.8252,0.66,0.46
0.8252,0.62,0.48
0.8252,0.58,0.5
0.82521,0.6,0.48
0.82521,0.6,0.52
0.82522,0.64,0.54
0.82522,0.64,0.5
0.82522,0.62,0.5
0.82523,0.62,0.5
0.82523,0.62,0.48
0.82524,0.62,0.48
0.82524,0.66,0.44
0.82524,0.7,0.4
0.82525,0.72,0.46
0.82525,0.74,0.44
0.82526,0.68,0.46
0.82526,0.7,0.48
0.82526,0.7,0.46
0.82527,0.74,0.46
0.82527,0.72,0.46
0.82528,0.68,0.46
0.82528,0.66,0.46
0.82528,0.7,0.48
0.82529,0.7,0.5
0.82529,0.68,0.52
0.8253,0.62,0.54
0.8253,0.6,0.52
0.8253,0.62,0.48
0.82531,0.64,0.46
0.82531,0.66,0.46
0.82532,0.64,0.46
0.82532,0.62,0.48
0.82532,0.62,0.52
0.82533,0.64,0.5
0.82533,0.64,0.46
0.82534,0.6,0.42
0.82534,0.64,0.46
0.82534,0.66,0.48
0.82535,0.7,0.5
0.82535,0.68,0.52
0.82536,0.72,0.48
0.82536,0.74,0.48
0.82536,0.76,0.46
0.82537,0.74,0.48
0.82537,0.72,0.48
0.82538,0.7,0.46
0.82538,0.74,0.46
0.82538,0.74,0.5
0.82539,0.76,0.5
0.82539,0.74,0.48
0.8254,0.76,0.5
0.8254,0.7,0.48
0.8254,0.7,0.46
0.82541,0.76,0.46
0.82541,0.78,0.44
0.82542,0.74,0.44
0.82542,0.74,0.46
0.82542,0.76,0.48
0.82543,0.76,0.44
0.82543,0.76,0.44
0.82544,0.76,0.44
0.82544,0.76,0.4
0.82544,0.78,0.4
0.82545,0.78,0.4
0.82545,0.8,0.42
0.82546,0.76,0.4
0.82546,0.74,0.4
0.82546,0.74,0.44
0.82547,0.7,0.44
0.82547,0.74,0.46
0.82548,0.74,0.44
0.82548,0.76,0.44
0.82548,0.74,0.44
0.82549,0.76,0.42
0.82549,0.8,0.42
0.8255,0.8,0.44
0.8255,0.82,0.44
0.8255,0.84,0.44
0.82551,0.86,0.46
0.82551,0.88,0.46
0.82552,0.86,0.48
0.82552,0.82,0.48
0.82552,0.8,0.46
0.82553,0.84,0.42
0.82553,0.86,0.44
0.82554,0.86,0.4
0.82554,0.88,0.4
0.82554,0.86,0.4
0.82555,0.86,0.42
0.82555,0.9,0.46
0.82556,0.88,0.46
0.82556,0.9,0.44
0.82556,0.88,0.44
0.82557,0.86,0.42
0.82557,0.86,0.44
0.82558,0.88,0.44
0.82558,0.86,0.44
0.82558,0.82,0.44
0.82559,0.84,0.42
0.82559,0.9,0.4
0.8256,0.94,0.4
0.8256,0.92,0.4
0.8256,0.9,0.42
0.82561,0.9,0.46
0.82561,0.92,0.46
0.82562,0.94,0.4
0.82562,0.92,0.36
0.82562,0.9,0.38
0.82563,0.94,0.36
0.82563,0.96,0.34
0.82564,0.96,0.36
0.82564,0.94,0.34
0.82564,0.92,0.36
0.82565,0.94,0.4
0.82565,0.98,0.4
0.82566,0.98,0.4
0.82566,0.94,0.38
0.82566,0.9,0.36
0.82567,0.9,0.36
0.82567,0.86,0.34
0.82568,0.86,0.32
0.82568,0.9,0.32
0.82568,0.92,0.36
0.82569,0.92,0.4
0.82569,0.92,0.38
0.8257,0.92,0.42
0.8257,0.9,0.42
0.8257,0.86,0.4
0.82571,0.88,0.38
0.82571,0.88,0.36
0.82572,0.88,0.36
0.82572,0.86,0.4
0.82572,0.88,0.36
0.82573,0.92,0.36
0.82573,0.96,0.38
0.82574,0.96,0.4
0.82574,0.98,0.38
0.82574,0.94,0.38
0.82575,0.94,0.38
0.82575,0.96,0.36
0.82576,0.94,0.34
0.82576,0.94,0.34
0.82576,0.98,0.34
0.82577,0.94,0.34
0.82577,0.94,0.32
0.82578,0.94,0.32
0.82578,0.96,0.34
0.82578,0.94,0.32
0.82579,0.96,0.32
0.82579,0.96,0.34
0.8258,0.96,0.38
0.8258,0.94,0.38
0.8258,0.96,0.36
0.82581,0.96,0.34
0.82581,0.96,0.32
0.82582,0.98,0.34
0.82582,0.96,0.32
0.82582,0.92,0.3
0.82583,0.92,0.32
0.82583,0.94,0.32
0.82584,0.98,0.32
0.82584,1,0.3
0.82584,0.98,0.26
0.82585,0.98,0.22
0.82585,1.02,0.22
0.82586,1,0.22
0.82586,0.98,0.18
0.82586,0.98,0.2
0.82587,0.96,0.26
0.82587,0.94,0.26
0.82588,0.98,0.26
0.82588,1,0.26
0.82588,1.02,0.26
0.82589,1.04,0.26
0.82589,1.02,0.24
0.8259,1,0.26
0.8259,0.98,0.26
0.8259,0.98,0.28
0.82591,1,0.26
0.82591,1,0.26
0.82592,1,0.26
0.82592,1,0.24
0.82592,1,0.24
0.82593,1,0.22
0.82593,0.98,0.24
0.82594,0.98,0.26
0.82594,1,0.28
0.82594,0.98,0.32
0.82595,1,0.3
0.82595,0.98,0.3
0.82596,0.98,0.3
0.82596,0.98,0.28
0.82596,0.94,0.26
0.82597,0.9,0.22
0.82597,0.88,0.2
0.82598,0.92,0.2
0.82598,0.96,0.18
0.82598,1,0.2
0.82599,1,0.24
0.82599,0.96,0.24
0.826,0.94,0.26
0.826,0.9,0.28
0.826,0.9,0.28
0.82601,0.94,0.26
0.82601,0.96,0.22
0.82602,1,0.22
0.82602,1.02,0.22
0.82602,1.02,0.18
0.82603,1.04,0.18
0.82603,1.04,0.16
0.82604,1,0.16
0.82604,0.98,0.14
0.82604,1,0.16
0.82605,1.02,0.16
0.82605,0.98,0.16
0.82606,1,0.22
0.82606,0.98,0.22
0.82606,0.94,0.22
0.82607,0.96,0.2
0.82607,0.98,0.16
0.82608,1,0.18
0.82608,1.06,0.18
0.82608,1.04,0.22
0.82609,1.02,0.26
0.82609,0.98,0.24
0.8261,0.98,0.18
0.8261,0.98,0.18
0.8261,0.96,0.2
0.82611,0.96,0.16
0.82611,0.96,0.12
0.82612,0.96,0.12
0.82612,1,0.14
0.82612,1.02,0.14
0.82613,1.02,0.12
0.82613,0.98,0.14
0.82614,0.98,0.14
0.82614,1.02,0.16
0.82614,1.02,0.18
0.82615,1,0.2
0.82615,1.02,0.22
0.82616,1,0.16
0.82616,1,0.14
0.82616,1,0.14
0.82617,1,0.18
0.82617,0.98,0.14
0.82618,1,0.16
0.82618,1,0.12
0.82618,0.98,0.12
0.82619,0.96,0.08
0.82619,0.98,0.1
0.8262,0.98,0.1
0.8262,0.98,0.1
0.8262,1,0.1
0.82621,0.96,0.08
0.82621,0.98,0.06
0.82622,0.98,0.08
0.82622,0.94,0.08
0.82622,0.96,0.04
0.82623,0.96,0.04
0.82623,0.94,0.08
0.82624,0.96,0.04
0.82624,0.96,0.1
0.82624,0.96,0.12
0.82625,0.96,0.1
0.82625,0.98,0.06
0.82626,1,0.08
0.82626,1,0.08
0.82626,0.96,0.08
0.82627,0.94,0.06
0.82627,0.96,0.02
0.82628,0.96,0.04
0.82628,0.96,0.02
0.82628,0.96,0.04
0.82629,0.94,0.02
0.82629,0.98,0.04
0.8263,1,0.06
0.8263,0.98,0.08
0.8263,0.98,0.08
0.82631,1.02,0.06
0.82631,1.04,0.04
0.82632,0.98,0.04
0.82632,0.96,0
0.82632,0.96,0.04
0.82633,0.96,0.02
0.82633,0.98,0.02
0.82634,0.98,0.04
0.82634,0.96,0.04
0.82634,0.96,0.04
0.82635,1,0.06
0.82635,0.98,0.06
0.82636,0.94,0.06
0.82636,0.92,0.06
0.82636,0.92,0.04
0.82637,0.9,0.02
0.82637,0.9,0.02
0.82638,0.92,0
0.82638,0.96,0
0.82638,0.96,0
0.82639,0.94,-0.02
0.82639,0.92,-0.02
0.8264,0.92,-0.02
0.8264,0.94,-0.02
0.8264,0.9,-0.06
0.82641,0.9,-0.08
0.82641,0.92,-0.06
0.82642,0.9,-0.04
0.82642,0.92,-0.04
0.82642,0.94,-0.02
0.82643,0.9,0
0.82643,0.9,0
0.82644,0.9,-0.02
0.82644,0.94,0
0.82644,0.94,-0.02
0.82645,0.92,-0.02
0.82645,0.94,-0.02
0.82646,0.94,-0.02
0.82646,0.9,0
0.82646,0.9,-0.02
0.82647,0.9,-0.02
0.82647,0.9,-0.02
0.82648,0.9,0
0.82648,0.88,0
0.82648,0.88,-0.02
0.82649,0.9,-0.04
0.82649,0.92,-0.02
0.8265,0.88,0
0.8265,0.9,-0.06
0.8265,0.9,-0.1
0.82651,0.92,-0.1
0.82651,0.9,-0.14
0.82652,0.88,-0.16
0.82652,0.9,-0.14
0.82652,0.88,-0.12
0.82653,0.86,-0.08
0.82653,0.82,-0.06
0.82654,0.78,-0.1
0.82654,0.78,-0.1
0.82654,0.78,-0.12
0.82655,0.8,-0.14
0.82655,0.82,-0.12
0.82656,0.84,-0.12
0.82656,0.86,-0.12
0.82656,0.84,-0.1
0.82657,0.84,-0.1
0.82657,0.84,-0.12
0.82658,0.84,-0.08
0.82658,0.8,-0.12
0.82658,0.76,-0.14
0.82659,0.8,-0.16
0.82659,0.8,-0.18
0.8266,0.78,-0.2
0.8266,0.8,-0.2
0.8266,0.8,-0.16
0.82661,0.8,-0.16
0.82661,0.76,-0.08
0.82662,0.76,-0.06
0.82662,0.74,-0.04
0.82662,0.76,-0.06
0.82663,0.74,-0.08
0.82663,0.76,-0.1
0.82664,0.76,-0.08
0.82664,0.78,-0.06
0.82664,0.76,-0.06
0.82665,0.74,-0.08
0.82665,0.76,-0.1
0.82666,0.74,-0.14
0.82666,0.74,-0.18
0.82666,0.74,-0.2
0.82667,0.76,-0.2
0.82667,0.76,-0.18
0.82668,0.78,-0.16
0.82668,0.76,-0.14
0.82668,0.74,-0.16
0.82669,0.72,-0.14
0.82669,0.7,-0.16
0.8267,0.7,-0.14
0.8267,0.72,-0.16
0.8267,0.74,-0.14
0.82671,0.74,-0.12
0.82671,0.74,-0.12
0.82672,0.72,-0.14
0.82672,0.72,-0.16
0.82672,0.8,-0.16
0.82673,0.84,-0.16
0.82673,0.84,-0.14
0.82674,0.82,-0.16
0.82674,0.8,-0.18
0.82674,0.78,-0.16
0.82675,0.74,-0.14
0.82675,0.72,-0.12
0.82676,0.7,-0.14
0.82676,0.68,-0.18
0.82676,0.68,-0.16
0.82677,0.66,-0.16
0.82677,0.66,-0.16
0.82678,0.66,-0.18
0.82678,0.62,-0.2
0.82678,0.64,-0.2
0.82679,0.64,-0.2
0.82679,0.64,-0.16
0.8268,0.64,-0.14
0.8268,0.64,-0.16
0.8268,0.6,-0.22
0.82681,0.66,-0.24
0.82681,0.64,-0.22
0.82682,0.64,-0.24
0.82682,0.66,-0.24
0.82682,0.64,-0.22
0.82683,0.62,-0.2
0.82683,0.64,-0.18
0.82684,0.64,-0.14
0.82684,0.62,-0.18
0.82684,0.62,-0.2
0.82685,0.64,-0.22
0.82685,0.68,-0.22
0.82686,0.66,-0.2
0.82686,0.64,-0.12
0.82686,0.58,-0.12
0.82687,0.54,-0.14
0.82687,0.54,-0.16
0.82688,0.58,-0.18
0.82688,0.62,-0.18
0.82688,0.62,-0.2
0.82689,0.64,-0.2
0.82689,0.64,-0.22
0.8269,0.64,-0.2
0.8269,0.58,-0.16
0.8269,0.54,-0.16
0.82691,0.54,-0.16
0.82691,0.56,-0.16
0.82692,0.56,-0.2
0.82692,0.56,-0.22
0.82692,0.56,-0.2
0.82693,0.6,-0.24
0.82693,0.6,-0.26
0.82694,0.62,-0.26
0.82694,0.6,-0.22
0.82694,0.56,-0.24
0.82695,0.56,-0.24
0.82695,0.56,-0.18
0.82696,0.56,-0.18
0.82696,0.56,-0.18
0.82696,0.56,-0.2
0.82697,0.56,-0.2
0.82697,0.6,-0.2
0.82698,0.54,-0.22
0.82698,0.54,-0.2
0.82698,0.52,-0.2
0.82699,0.5,-0.22
0.82699,0.54,-0.18
0.827,0.56,-0.16
0.827,0.54,-0.18
0.827,0.5,-0.2
0.82701,0.52,-0.22
0.82701,0.56,-0.22
0.82702,0.54,-0.22
0.82702,0.54,-0.16
0.82702,0.56,-0.16
0.82703,0.54,-0.16
0.82703,0.5,-0.2
0.82704,0.48,-0.2
0.82704,0.48,-0.22
0.82704,0.48,-0.2
0.82705,0.5,-0.2
0.82705,0.48,-0.24
0.82706,0.44,-0.2
0.82706,0.44,-0.22
0.82706,0.46,-0.28
0.82707,0.48,-0.28
0.82707,0.46,-0.26
0.82708,0.5,-0.26
0.82708,0.52,-0.24
0.82708,0.5,-0.2
0.82709,0.48,-0.2
0.82709,0.48,-0.26
0.8271,0.46,-0.26
0.8271,0.46,-0.22
0.8271,0.42,-0.2
0.82711,0.38,-0.2
0.82711,0.38,-0.2
0.82712,0.4,-0.18
0.82712,0.44,-0.2
0.82712,0.44,-0.22
0.82713,0.38,-0.26
0.82713,0.38,-0.3
0.82714,0.38,-0.3
0.82714,0.38,-0.3
0.82714,0.4,-0.26
0.82715,0.38,-0.24
0.82715,0.34,-0.22
0.82716,0.32,-0.2
0.82716,0.3,-0.22
0.82716,0.3,-0.26
0.82717,0.32,-0.3
0.82717,0.32,-0.28
0.82718,0.34,-0.26
0.82718,0.38,-0.22
0.82718,0.36,-0.2
0.82719,0.34,-0.2
0.82719,0.38,-0.2
0.8272,0.42,-0.2
0.8272,0.4,-0.22
0.8272,0.4,-0.24
0.82721,0.38,-0.22
0.82721,0.38,-0.22
0.82722,0.4,-0.22
0.82722,0.42,-0.26
0.82722,0.44,-0.26
0.82723,0.4,-0.26
0.82723,0.36,-0.26
0.82724,0.34,-0.24
0.82724,0.3,-0.24
0.82724,0.28,-0.22
0.82725,0.24,-0.22
0.82725,0.28,-0.24
0.82726,0.3,-0.26
0.82726,0.32,-0.26
0.82726,0.32,-0.22
0.82727,0.28,-0.2
0.82727,0.24,-0.2
0.82728,0.28,-0.22
0.82728,0.3,-0.22
0.82728,0.26,-0.22
0.82729,0.26,-0.24
0.82729,0.28,-0.24
0.8273,0.26,-0.22
0.8273,0.26,-0.2
0.8273,0.28,-0.24
0.82731,0.28,-0.24
0.82731,0.28,-0.26
0.82732,0.28,-0.26
0.82732,0.26,-0.22
0.82732,0.24,-0.22
0.82733,0.24,-0.26
0.82733,0.24,-0.26
0.82734,0.28,-0.26
0.82734,0.3,-0.26
0.82734,0.28,-0.22
0.82735,0.28,-0.24
0.82735,0.28,-0.22
0.82736,0.24,-0.22
0.82736,0.22,-0.24
0.82736,0.24,-0.22
0.82737,0.24,-0.22
0.82737,0.26,-0.22
0.82738,0.28,-0.22
0.82738,0.34,-0.18
0.82738,0.3,-0.16
0.82739,0.26,-0.18
0.82739,0.22,-0.16
0.8274,0.2,-0.16
0.8274,0.18,-0.16
0.8274,0.2,-0.2
0.82741,0.22,-0.2
0.82741,0.22,-0.2
0.82742,0.24,-0.2
0.82742,0.24,-0.18
0.82742,0.22,-0.2
0.82743,0.24,-0.18
0.82743,0.22,-0.18
0.82744,0.2,-0.16
0.82744,0.22,-0.16
0.82744,0.26,-0.18
0.82745,0.24,-0.18
0.82745,0.2,-0.18
0.82746,0.16,-0.14
0.82746,0.14,-0.16
0.82746,0.14,-0.16
0.82747,0.12,-0.2
0.82747,0.1,-0.2
0.82748,0.14,-0.22
0.82748,0.16,-0.22
0.82748,0.16,-0.2
0.82749,0.16,-0.18
0.82749,0.16,-0.18
0.8275,0.18,-0.16
0.8275,0.16,-0.16
0.8275,0.18,-0.16
0.82751,0.18,-0.16
0.82751,0.18,-0.18
0.82752,0.12,-0.2
0.82752,0.14,-0.2
0.82752,0.14,-0.22
0.82753,0.12,-0.22
0.82753,0.12,-0.24
0.82754,0.1,-0.28
0.82754,0.12,-0.26
0.82754,0.14,-0.22
0.82755,0.12,-0.22
0.82755,0.14,-0.18
0.82756,0.18,-0.2
0.82756,0.16,-0.2
0.82756,0.18,-0.22
0.82757,0.14,-0.18
0.82757,0.08,-0.18
0.82758,0.06,-0.18
0.82758,0.08,-0.16
0.82758,0.12,-0.18
0.82759,0.14,-0.2
0.82759,0.2,-0.18
0.8276,0.22,-0.16
0.8276,0.24,-0.16
0.8276,0.2,-0.18
0.82761,0.18,-0.2
0.82761,0.2,-0.2
0.82762,0.14,-0.16
0.82762,0.12,-0.16
0.82762,0.12,-0.14
0.82763,0.1,-0.16
0.82763,0.1,-0.2
0.82764,0.12,-0.18
0.82764,0.1,-0.14
0.82764,0.12,-0.12
0.82765,0.12,-0.16
0.82765,0.12,-0.18
0.82766,0.1,-0.16
0.82766,0.1,-0.12
0.82766,0.08,-0.12
0.82767,0.1,-0.1
0.82767,0.1,-0.08
0.82768,0.06,-0.12
0.82768,0.1,-0.14
0.82768,0.08,-0.12
0.82769,0.1,-0.12
0.82769,0.06,-0.12
0.8277,0.08,-0.14
0.8277,0.06,-0.16
0.8277,0.04,-0.14
0.82771,0,-0.14
0.82771,0,-0.12
0.82772,0.06,-0.12
0.82772,0.1,-0.12
0.82772,0.1,-0.14
0.82773,0.08,-0.14
0.82773,0.06,-0.1
0.82774,0.04,-0.06
0.82774,-0.02,-0.06
0.82774,-0.02,-0.06
0.82775,-0.02,-0.06
0.82775,-0.02,-0.1
0.82776,-0.02,-0.12
0.82776,0,-0.14
0.82776,-0.02,-0.14
0.82777,0.02,-0.12
0.82777,-0.02,-0.12
0.82778,0.02,-0.12
0.82778,0.04,-0.14
0.82778,0.04,-0.14
0.82779,0.06,-0.14
0.82779,0.06,-0.14
0.8278,0.08,-0.12
0.8278,0.1,-0.12
0.8278,0.06,-0.12
0.82781,0.02,-0.14
0.82781,0,-0.16
0.82782,-0.02,-0.16
0.82782,0,-0.16
0.82782,0.04,-0.18
0.82783,0.1,-0.14
0.82783,0.1,-0.12
0.82784,0.08,-0.12
0.82784,0.08,-0.1
0.82784,0.06,-0.1
0.82785,0,-0.06
0.82785,0,-0.06
0.82786,0,-0.06
0.82786,-0.02,-0.12
0.82786,-0.02,-0.1
0.82787,-0.02,-0.1
0.82787,0,-0.1
0.82788,0,-0.08
0.82788,0.02,-0.08
0.82788,0,-0.08
0.82789,0.02,-0.1
0.82789,0,-0.08
0.8279,0,-0.06
0.8279,-0.02,-0.08
0.8279,-0.02,-0.08
0.82791,-0.04,-0.08
0.82791,-0.02,-0.1
0.82792,0,-0.1
0.82792,-0.02,-0.12
0.82792,-0.02,-0.12
0.82793,-0.02,-0.08
0.82793,0,-0.08
0.82794,0,-0.1
0.82794,0,-0.1
0.82794,0,-0.1
0.82795,0.02,-0.12
0.82795,0.06,-0.12
0.82796,0.08,-0.1
0.82796,0.08,-0.12
0.82796,0.08,-0.14
0.82797,0.04,-0.1
0.82797,0.02,-0.12
0.82798,-0.02,-0.12
0.82798,0,-0.08
0.82798,-0.02,-0.08
0.82799,-0.04,-0.06
0.82799,-0.08,-0.04
0.828,-0.08,-0.04
0.828,-0.04,-0.02
0.828,0,-0.06
0.82801,0,-0.06
0.82801,0,-0.1
0.82802,-0.02,-0.12
0.82802,-0.02,-0.14
0.82802,-0.04,-0.16
0.82803,-0.02,-0.2
0.82803,-0.02,-0.16
0.82804,-0.04,-0.1
0.82804,-0.06,-0.08
0.82804,-0.04,-0.08
0.82805,-0.04,-0.04
0.82805,-0.06,-0.02
0.82806,-0.08,0
0.82806,-0.08,0.04
0.82806,-0.08,0
0.82807,-0.1,-0.02
0.82807,-0.08,-0.04
0.82808,-0.06,-0.1
0.82808,-0.08,-0.12
0.82808,-0.06,-0.12
0.82809,-0.02,-0.12
0.82809,0,-0.14
0.8281,-0.02,-0.14
0.8281,-0.04,-0.12
0.8281,-0.06,-0.12
0.82811,-0.06,-0.1
0.82811,-0.06,-0.06
0.82812,-0.06,-0.04
0.82812,-0.08,-0.02
0.82812,-0.1,-0.04
0.82813,-0.06,-0.08
0.82813,-0.04,-0.08
0.82814,0,-0.08
0.82814,-0.02,-0.12
0.82814,-0.04,-0.14
0.82815,-0.02,-0.1
0.82815,-0.02,-0.04
0.82816,-0.02,-0.02
0.82816,-0.06,-0.02
0.82816,-0.02,-0.06
0.82817,0,-0.04
0.82817,0,-0.06
0.82818,0,-0.06
0.82818,-0.02,-0.04
0.82818,-0.02,-0.04
0.82819,-0.02,-0.04
0.82819,-0.02,-0.04
0.8282,0,-0.04
0.8282,0.02,-0.04
0.8282,0.02,-0.04
0.82821,0,-0.04
0.82821,-0.02,-0.04
0.82822,-0.02,-0.04
0.82822,-0.04,0
0.82822,-0.04,0
0.82823,-0.06,0
0.82823,-0.1,0.02
0.82824,-0.12,0
0.82824,-0.12,-0.02
0.82824,-0.08,-0.02
0.82825,-0.08,-0.02
0.82825,-0.06,-0.02
0.82826,-0.06,-0.02
0.82826,-0.06,0
0.82826,-0.06,-0.02
0.82827,-0.06,-0.04
0.82827,-0.02,-0.04
0.82828,-0.02,0
0.82828,-0.06,-0.04
0.82828,-0.08,-0.06
0.82829,-0.12,-0.04
0.82829,-0.12,-0.06
0.8283,-0.1,-0.08
0.8283,-0.1,0
0.8283,-0.1,0.02
0.82831,-0.1,0.02
0.82831,-0.1,0.02
0.82832,-0.1,0.02
0.82832,-0.08,0
0.82832,-0.02,-0.02
0.82833,-0.04,-0.02
0.82833,-0.06,-0.08
0.82834,-0.04,-0.1
0.82834,-0.02,-0.1
0.82834,0,-0.06
0.82835,-0.02,-0.06
0.82835,-0.04,-0.04
0.82836,-0.08,0
0.82836,-0.08,0
0.82836,-0.14,0
0.82837,-0.18,0.02
0.82837,-0.14,0
0.82838,-0.08,0
0.82838,-0.08,-0.02
0.82838,-0.08,-0.02
0.82839,-0.08,-0.02
0.82839,-0.08,-0.02
0.8284,-0.06,-0.02
0.8284,-0.08,-0.04
0.8284,-0.08,0.02
0.82841,-0.14,0.04
0.82841,-0.14,0.04
0.82842,-0.12,0
0.82842,-0.06,-0.04
0.82842,-0.06,-0.04
0.82843,-0.1,-0.04
0.82843,-0.1,-0.06
0.82844,-0.06,-0.04
0.82844,-0.06,-0.04
0.82844,-0.04,-0.04
0.82845,-0.04,-0.08
0.82845,-0.1,-0.06
0.82846,-0.1,-0.04
0.82846,-0.08,-0.02
0.82846,-0.1,0
0.82847,-0.08,0
0.82847,-0.1,-0.02
0.82848,-0.08,-0.02
0.82848,-0.08,-0.08
0.82848,-0.1,-0.1
0.82849,-0.12,-0.08
0.82849,-0.12,0
0.8285,-0.16,0.02
0.8285,-0.16,0.04
0.8285,-0.16,0.04
0.82851,-0.12,-0.02
0.82851,-0.06,0
0.82852,-0.06,0
0.82852,-0.1,0.02
0.82852,-0.14,0.04
0.82853,-0.14,0.04
0.82853,-0.16,0.02
0.82854,-0.12,0.02
0.82854,-0.08,0.02
0.82854,-0.04,0
0.82855,-0.08,0.02
0.82855,-0.06,0
0.82856,-0.06,-0.02
0.82856,-0.06,-0.02
0.82856,-0.08,0
0.82857,-0.08,-0.02
0.82857,-0.1,-0.04
0.82858,-0.06,-0.02
0.82858,-0.06,-0.02
0.82858,-0.08,0
0.82859,-0.1,0.02
0.82859,-0.12,-0.02
0.8286,-0.12,-0.02
0.8286,-0.1,-0.02
0.8286,-0.12,-0.02
0.82861,-0.14,-0.02
0.82861,-0.12,0
0.82862,-0.12,-0.02
0.82862,-0.1,0.04
0.82862,-0.08,0.08
0.82863,-0.04,0.06
0.82863,-0.02,0.06
0.82864,-0.02,0.06
0.82864,-0.08,0.04
0.82864,-0.12,0
0.82865,-0.08,0
0.82865,-0.04,0.02
0.82866,-0.04,0.02
0.82866,-0.06,0.02
0.82866,-0.08,0
0.82867,-0.1,0
0.82867,-0.1,0.02
0.82868,-0.1,0.02
0.82868,-0.12,0
0.82868,-0.08,0
0.82869,-0.06,0.02
0.82869,-0.02,0.02
0.8287,-0.02,0.06
0.8287,-0.04,0.02
0.8287,-0.06,-0.02
0.82871,-0.12,-0.02
0.82871,-0.14,0
0.82872,-0.16,-0.02
0.82872,-0.14,-0.02
0.82872,-0.14,0.02
0.82873,-0.12,0
0.82873,-0.08,-0.02
0.82874,-0.1,0.02
0.82874,-0.12,0.02
0.82874,-0.1,0.02
0.82875,-0.1,0.04
0.82875,-0.08,0.06
0.82876,-0.08,0.06
0.82876,-0.06,0.08
0.82876,-0.08,0.04
0.82877,-0.1,0
0.82877,-0.12,0
0.82878,-0.1,-0.04
0.82878,-0.08,-0.04
0.82878,-0.06,-0.06
0.82879,-0.04,-0.04
0.82879,-0.06,-0.04
0.8288,-0.08,0
0.8288,-0.1,0.02
0.8288,-0.12,0.02
0.82881,-0.12,0
0.82881,-0.12,-0.02
0.82882,-0.14,-0.02
0.82882,-0.14,0.02
0.82882,-0.14,0.08
0.82883,-0.12,0.06
0.82883,-0.1,0.04
0.82884,-0.1,-0.02
0.82884,-0.08,-0.04
0.82884,-0.08,-0.04
0.82885,-0.08,0
0.82885,-0.08,0
0.82886,-0.1,0.02
0.82886,-0.12,0
0.82886,-0.08,-0.02
0.82887,-0.08,0
0.82887,-0.1,-0.02
0.82888,-0.14,0.02
0.82888,-0.14,0.04
0.82888,-0.12,0.04
0.82889,-0.1,0
0.82889,-0.12,-0.02
0.8289,-0.1,0.02
0.8289,-0.14,0
0.8289,-0.08,0.02
0.82891,-0.08,0
0.82891,-0.08,0.02
0.82892,-0.08,0.06
0.82892,-0.06,0.1
0.82892,-0.06,0.1
0.82893,-0.06,0.08
0.82893,-0.06,0.04
0.82894,-0.06,0
0.82894,-0.12,0
0.82894,-0.14,0
0.82895,-0.16,0.04
0.82895,-0.12,0
0.82896,-0.1,0.02
0.82896,-0.08,-0.02
0.82896,-0.08,-0.02
0.82897,-0.1,0
0.82897,-0.16,-0.02
0.82898,-0.16,-0.02
0.82898,-0.16,-0.02
0.82898,-0.16,0
0.82899,-0.12,0.04
0.82899,-0.1,0
0.829,-0.08,0
0.829,-0.08,-0.02
0.829,-0.1,-0.04
0.82901,-0.12,-0.04
0.82901,-0.12,-0.06
0.82902,-0.1,0
0.82902,-0.1,0
0.82902,-0.12,0
0.82903,-0.1,0
0.82903,-0.1,0
0.82904,-0.04,0.02
0.82904,-0.04,0
0.82904,-0.06,0.04
0.82905,-0.06,0.04
0.82905,-0.08,0.08
0.82906,-0.06,0.06
0.82906,-0.04,0.06
0.82906,-0.06,0.04
0.82907,-0.08,0.04
0.82907,-0.1,0
0.82908,-0.14,0
0.82908,-0.12,0
0.82908,-0.08,0
0.82909,-0.08,-0.02
0.82909,-0.06,-0.04
0.8291,-0.06,-0.06
0.8291,-0.08,-0.04
0.8291,-0.08,-0.04
0.82911,-0.08,-0.04
0.82911,-0.08,-0.06
0.82912,-0.08,-0.08
0.82912,-0.06,-0.06
0.82912,-0.06,-0.04
0.82913,-0.08,-0.04
0.82913,-0.06,0
0.82914,-0.08,0
0.82914,-0.12,0.04
0.82914,-0.12,0.04
0.82915,-0.12,0.02
0.82915,-0.12,0.02
0.82916,-0.12,0.02
0.82916,-0.12,0
0.82916,-0.14,0.02
0.82917,-0.14,0.02
0.82917,-0.12,0
0.82918,-0.12,-0.04
0.82918,-0.1,-0.04
0.82918,-0.08,-0.06
0.82919,-0.06,-0.02
0.82919,-0.08,0
0.8292,-0.1,0.02
0.8292,-0.1,0.04
0.8292,-0.12,0.04
0.82921,-0.1,0.04
0.82921,-0.08,0.04
0.82922,-0.08,0.04
0.82922,-0.06,0.06
0.82922,-0.08,0.04
0.82923,-0.08,0.02
0.82923,-0.12,0
0.82924,-0.12,0.02
0.82924,-0.16,0
0.82924,-0.12,0
0.82925,-0.12,-0.04
0.82925,-0.12,-0.04
0.82926,-0.1,-0.02
0.82926,-0.12,0
0.82926,-0.1,0.02
0.82927,-0.12,-0.02
0.82927,-0.12,-0.02
0.82928,-0.14,-0.02
0.82928,-0.12,0.02
0.82928,-0.08,0
0.82929,-0.08,-0.02
0.82929,-0.1,0
0.8293,-0.14,0.02
0.8293,-0.12,0
0.8293,-0.1,0
0.82931,-0.06,0.02
0.82931,-0.06,0
0.82932,-0.02,-0.04
0.82932,-0.02,0
0.82932,-0.04,-0.02
0.82933,-0.04,-0.02
0.82933,-0.06,0
0.82934,-0.06,0
0.82934,-0.08,0
0.82934,-0.1,0.02
0.82935,-0.14,0.04
0.82935,-0.16,0.02
0.82936,-0.16,0
0.82936,-0.1,0
0.82936,-0.1,0.02
0.82937,-0.1,0.02
0.82937,-0.08,0.02
0.82938,-0.08,-0.02
0.82938,-0.06,-0.04
0.82938,-0.02,-0.02
0.82939,0,0
0.82939,-0.04,0.02
0.8294,-0.04,0
0.8294,-0.06,0
0.8294,-0.02,0.02
0.82941,-0.02,0.02
0.82941,-0.06,0.02
0.82942,-0.08,0.04
0.82942,-0.08,0.02
0.82942,-0.06,-0.02
0.82943,-0.08,-0.02
0.82943,-0.08,0
0.82944,-0.1,0
0.82944,-0.08,0.02
0.82944,-0.08,0.02
0.82945,-0.08,0
0.82945,-0.08,0
0.82946,-0.06,0
0.82946,-0.1,-0.04
0.82946,-0.08,-0.04
0.82947,-0.06,-0.04
0.82947,-0.06,-0.02
0.82948,-0.06,-0.02
0.82948,-0.06,0.04
0.82948,-0.08,0.04
0.82949,-0.1,0.06
0.82949,-0.1,0.08
0.8295,-0.1,0.06
0.8295,-0.08,0
0.8295,-0.06,0
0.82951,-0.02,-0.02
0.82951,-0.02,-0.02
0.82952,-0.04,-0.04
0.82952,-0.04,-0.02
0.82952,-0.02,0
0.82953,-0.02,0.02
0.82953,-0.06,0.02
0.82954,-0.06,0
0.82954,-0.08,0.04
0.82954,-0.12,0.02
0.82955,-0.12,0.02
0.82955,-0.12,-0.02
0.82956,-0.12,-0.04
0.82956,-0.1,0
0.82956,-0.1,-0.02
0.82957,-0.1,-0.04
0.82957,-0.1,-0.02
0.82958,-0.1,0
0.82958,-0.08,0.04
0.82958,-0.04,0.04
0.82959,-0.04,0.04
0.82959,0,0.04
0.8296,-0.02,0.02
0.8296,-0.06,-0.04
0.8296,-0.02,-0.04
0.82961,-0.02,-0.04
0.82961,-0.02,-0.02
0.82962,-0.02,0
0.82962,0,0
0.82962,0,-0.04
0.82963,-0.04,-0.02
0.82963,-0.04,-0.02
0.82964,0,-0.02
0.82964,0,-0.04
0.82964,-0.04,0
0.82965,-0.04,0
0.82965,-0.1,0
0.82966,-0.12,0.02
0.82966,-0.16,0
0.82966,-0.12,-0.02
0.82967,-0.14,-0.04
0.82967,-0.12,-0.08
0.82968,-0.08,-0.08
0.82968,-0.08,-0.04
0.82968,-0.06,0
0.82969,-0.08,-0.02
0.82969,-0.06,0
0.8297,-0.02,0
0.8297,-0.02,0
0.8297,0,-0.02
0.82971,-0.02,-0.06
0.82971,-0.02,-0.06
0.82972,-0.06,-0.08
0.82972,-0.08,-0.08
0.82972,-0.08,-0.08
0.82973,-0.08,-0.08
0.82973,-0.06,-0.06
0.82974,-0.06,-0.08
0.82974,-0.02,-0.08
0.82974,-0.02,-0.06
0.82975,-0.02,-0.06
0.82975,-0.02,-0.04
0.82976,-0.04,0
0.82976,-0.06,0
0.82976,-0.06,-0.02
0.82977,-0.06,-0.02
0.82977,-0.06,-0.06
0.82978,-0.06,-0.06
0.82978,-0.1,-0.08
0.82978,-0.12,-0.1
0.82979,-0.12,-0.1
0.82979,-0.1,-0.06
0.8298,-0.1,-0.02
0.8298,-0.12,-0.02
0.8298,-0.12,-0.02
0.82981,-0.08,0
0.82981,-0.02,0.02
0.82982,-0.06,0.02
0.82982,-0.06,-0.02
0.82982,-0.06,-0.02
0.82983,-0.04,-0.02
0.82983,-0.06,-0.04
0.82984,-0.06,-0.04
0.82984,-0.08,-0.06
0.82984,-0.1,-0.06
0.82985,-0.08,-0.06
0.82985,-0.08,-0.08
0.82986,-0.04,-0.04
0.82986,-0.04,-0.02
0.82986,-0.08,0
0.82987,-0.06,0.02
0.82987,-0.04,0.04
0.82988,-0.06,0.02
0.82988,-0.1,0
0.82988,-0.1,0
0.82989,-0.12,0
0.82989,-0.14,0
0.8299,-0.14,-0.04
0.8299,-0.16,-0.06
0.8299,-0.12,-0.08
0.82991,-0.12,-0.06
0.82991,-0.12,-0.06
0.82992,-0.08,-0.06
0.82992,-0.04,-0.04
0.82992,-0.02,-0.06
0.82993,-0.02,0
0.82993,-0.04,0
0.82994,-0.06,0.06
0.82994,-0.02,0.06
0.82994,-0.02,0.04
0.82995,-0.02,0
0.82995,-0.02,-0.06
0.82996,-0.06,-0.08
0.82996,-0.08,-0.08
0.82996,-0.1,-0.04
0.82997,-0.12,-0.02
0.82997,-0.12,-0.02
0.82998,-0.12,-0.04
0.82998,-0.14,-0.06
0.82998,-0.16,-0.06
0.82999,-0.12,-0.02
0.82999,-0.12,0
0.83,-0.08,0
0.83,-0.08,0
0.83,-0.04,0.02
0.83001,-0.06,0.02
0.83001,-0.06,0.04
0.83002,-0.04,0.02
0.83002,-0.06,0
0.83002,-0.06,0
0.83003,-0.04,0.02
0.83003,-0.04,0
0.83004,0,0
0.83004,-0.04,0.02
0.83004,-0.04,-0.02
0.83005,-0.04,-0.04
0.83005,-0.08,-0.02
0.83006,-0.1,-0.04
0.83006,-0.1,-0.02
0.83006,-0.08,0
0.83007,-0.08,0.02
0.83007,-0.12,0.02
0.83008,-0.08,0
0.83008,-0.08,-0.04
0.83008,-0.08,-0.06
0.83009,-0.08,-0.02
0.83009,-0.1,-0.02
0.8301,-0.12,0
0.8301,-0.1,0
0.8301,-0.1,0.02
0.83011,-0.08,-0.02
0.83011,-0.12,-0.02
0.83012,-0.12,-0.04
0.83012,-0.14,-0.04
0.83012,-0.1,-0.04
0.83013,-0.08,-0.02
0.83013,-0.08,0
0.83014,-0.06,0
0.83014,-0.06,0
0.83014,-0.04,-0.04
0.83015,-0.06,-0.04
0.83015,-0.06,-0.02
0.83016,-0.08,0
0.83016,-0.08,0
0.83016,-0.06,0
0.83017,-0.02,0.04
0.83017,-0.04,0.02
0.83018,-0.04,0.02
0.83018,-0.02,0
0.83018,-0.04,0.02
0.83019,-0.06,0.04
0.83019,-0.06,0.06
0.8302,-0.02,0.04
0.8302,0,0.02
0.8302,0,0
0.83021,0,0.02
0.83021,-0.02,0
0.83022,-0.06,-0.02
0.83022,-0.06,-0.04
0.83022,-0.02,-0.02
0.83023,-0.06,0.02
0.83023,-0.08,0.02
0.83024,-0.08,0
0.83024,-0.06,0.02
0.83024,-0.04,0.04
0.83025,-0.08,0.08
0.83025,-0.08,0.08
0.83026,-0.08,0.06
0.83026,-0.08,0.08
0.83026,-0.08,0.06
0.83027,-0.08,0.06
0.83027,-0.08,0.06
0.83028,-0.06,0.06
0.83028,-0.06,0.06
0.83028,-0.08,0.04
0.83029,-0.1,0
0.83029,-0.1,0
0.8303,-0.1,-0.02
0.8303,-0.06,0
0.8303,-0.08,0.04
0.83031,-0.12,0
0.83031,-0.1,-0.02
0.83032,-0.08,-0.06
0.83032,-0.08,-0.06
0.83032,-0.08,-0.08
0.83033,-0.12,-0.04
0.83033,-0.06,-0.02
0.83034,-0.08,0
0.83034,-0.04,0
0.83034,-0.12,0
0.83035,-0.12,-0.02
0.83035,-0.12,0
0.83036,-0.14,-0.02
0.83036,-0.12,-0.04
0.83036,-0.12,-0.06
0.83037,-0.08,-0.06
0.83037,-0.08,-0.04
0.83038,-0.1,-0.02
0.83038,-0.12,-0.02
0.83038,-0.1,-0.02
0.83039,-0.08,-0.04
0.83039,-0.04,-0.04
0.8304,-0.06,-0.02
0.8304,-0.06,0
0.8304,-0.08,0.02
0.83041,-0.1,0.02
0.83041,-0.08,0
0.83042,-0.08,0
0.83042,-0.08,0
0.83042,-0.1,0
0.83043,-0.08,-0.06
0.83043,-0.08,-0.08
0.83044,-0.08,-0.1
0.83044,-0.06,-0.08
0.83044,-0.02,-0.06
0.83045,-0.02,-0.04
0.83045,-0.02,-0.04
0.83046,-0.02,-0.02
0.83046,-0.02,-0.04
0.83046,0,0
0.83047,-0.02,0
0.83047,-0.04,-0.04
0.83048,-0.06,-0.02
0.83048,-0.1,-0.04
0.83048,-0.14,-0.04
0.83049,-0.18,-0.06
0.83049,-0.16,-0.04
0.8305,-0.14,0
0.8305,-0.12,-0.02
0.8305,-0.18,-0.06
0.83051,-0.18,-0.04
0.83051,-0.16,-0.04
0.83052,-0.14,-0.02
0.83052,-0.1,-0.02
0.83052,-0.08,-0.04
0.83053,-0.04,-0.04
0.83053,-0.02,-0.04
0.83054,-0.04,0
0.83054,-0.04,0
0.83054,-0.02,0
0.83055,-0.06,0
0.83055,-0.02,-0.02
0.83056,-0.02,-0.02
0.83056,-0.06,-0.02
0.83056,-0.06,0
0.83057,-0.08,0
0.83057,-0.08,-0.04
0.83058,-0.12,-0.02
0.83058,-0.1,-0.04
0.83058,-0.14,-0.02
0.83059,-0.16,-0.02
0.83059,-0.16,0
0.8306,-0.16,-0.02
0.8306,-0.12,-0.02
0.8306,-0.12,0
0.83061,-0.12,0
0.83061,-0.12,0.02
0.83062,-0.14,0
0.83062,-0.12,0.02
0.83062,-0.12,0.02
0.83063,-0.1,0
0.83063,-0.08,0
0.83064,-0.1,-0.04
0.83064,-0.08,-0.06
0.83064,-0.08,-0.04
0.83065,-0.08,0
0.83065,-0.12,0
0.83066,-0.14,-0.06
0.83066,-0.12,-0.02
0.83066,-0.12,-0.04
0.83067,-0.1,0
0.83067,-0.12,0
0.83068,-0.08,0
0.83068,-0.06,0.02
0.83068,-0.06,0.02
0.83069,-0.02,0.02
0.83069,-0.1,0
0.8307,-0.12,0.02
0.8307,-0.14,0.04
0.8307,-0.16,0.04
0.83071,-0.16,0.04
0.83071,-0.16,0
0.83072,-0.12,-0.04
0.83072,-0.1,-0.06
0.83072,-0.1,-0.04
0.83073,-0.08,-0.02
0.83073,-0.02,-0.02
0.83074,0,-0.04
0.83074,-0.06,-0.02
0.83074,-0.02,0
0.83075,-0.06,-0.02
0.83075,-0.08,0.02
0.83076,-0.08,0.04
0.83076,-0.08,0.04
0.83076,-0.16,0.02
0.83077,-0.18,0
0.83077,-0.14,-0.06
0.83078,-0.12,-0.08
0.83078,-0.08,-0.04
0.83078,-0.02,-0.04
0.83079,-0.04,0
0.83079,-0.06,0
0.8308,-0.04,0
0.8308,0,0.02
0.8308,0.02,0.02
0.83081,0.02,0
0.83081,0,0
0.83082,0,0.02
0.83082,-0.02,0.04
0.83082,-0.02,0.04
0.83083,-0.06,0.04
0.83083,-0.06,0.02
0.83084,0,0.02
0.83084,0,0
0.83084,0,-0.02
0.83085,0,0
0.83085,0,0
0.83086,0.02,0
0.83086,0,-0.04
0.83086,-0.04,-0.02
0.83087,-0.02,0
0.83087,-0.04,0
0.83088,-0.02,-0.04
0.83088,-0.06,-0.04
0.83088,-0.1,-0.04
0.83089,-0.1,-0.04
0.83089,-0.04,0
0.8309,-0.02,0.02
0.8309,-0.04,0.02
0.8309,-0.04,-0.02
0.83091,-0.12,-0.02
0.83091,-0.1,0
0.83092,-0.06,-0.02
0.83092,-0.08,-0.02
0.83092,-0.08,0.02
0.83093,-0.1,0.04
0.83093,-0.08,0.06
0.83094,-0.12,0.06
0.83094,-0.12,0.04
0.83094,-0.1,0.04
0.83095,-0.08,-0.02
0.83095,-0.06,-0.02
0.83096,-0.06,-0.02
0.83096,-0.06,0.04
0.83096,-0.06,0.06
0.83097,-0.04,0.04
0.83097,-0.02,0.02
0.83098,-0.04,0
0.83098,-0.02,0.04
0.83098,-0.02,0.02
0.83099,0,0.02
0.83099,-0.02,0.02
0.831,0,0.02
0.831,-0.04,0
0.831,-0.02,-0.02
0.83101,-0.06,-0.06
0.83101,-0.02,-0.04
0.83102,-0.04,-0.02
0.83102,-0.08,-0.04
0.83102,-0.1,-0.04
0.83103,-0.12,-0.04
0.83103,-0.12,-0.02
0.83104,-0.12,-0.02
0.83104,-0.08,0
0.83104,-0.06,0
0.83105,-0.02,0
0.83105,-0.06,0
0.83106,-0.06,0.02
0.83106,-0.08,0
0.83106,-0.1,-0.02
0.83107,-0.1,-0.04
0.83107,-0.08,-0.02
0.83108,-0.08,0.02
0.83108,-0.06,0
0.83108,-0.06,0
0.83109,-0.06,0
0.83109,-0.06,0
0.8311,-0.08,0.02
0.8311,-0.08,0
0.8311,-0.1,0.04
0.83111,-0.08,0.02
0.83111,-0.1,-0.02
0.83112,-0.1,-0.04
0.83112,-0.08,-0.04
0.83112,-0.1,-0.08
0.83113,-0.06,-0.08
0.83113,-0.1,-0.1
0.83114,-0.12,-0.1
0.83114,-0.14,-0.08
0.83114,-0.1,-0.02
0.83115,-0.12,-0.02
0.83115,-0.1,-0.02
0.83116,-0.12,-0.02
0.83116,-0.14,0
0.83116,-0.12,0.02
0.83117,-0.12,0
0.83117,-0.12,0.02
0.83118,-0.12,0.02
0.83118,-0.12,0.02
0.83118,-0.1,0.02
0.83119,-0.06,0.04
0.83119,-0.08,0.02
0.8312,-0.04,0.02
0.8312,-0.02,0.04
0.8312,-0.02,0.04
0.83121,-0.08,0.02
0.83121,-0.08,0
0.83122,-0.08,-0.02
0.83122,-0.04,0
0.83122,-0.06,0
0.83123,-0.06,0
0.83123,-0.06,0
0.83124,-0.04,0.02
0.83124,-0.06,0.02
0.83124,-0.06,0.04
0.83125,-0.06,0.02
0.83125,-0.04,0.02
0.83126,-0.08,0.02
0.83126,-0.08,0
0.83126,-0.1,0.04
0.83127,-0.08,0.06
0.83127,-0.06,0.08
0.83128,-0.04,0.06
0.83128,-0.04,0.04
0.83128,-0.08,0.02
0.83129,-0.04,0.02
0.83129,-0.04,0
0.8313,-0.08,0
0.8313,-0.06,0
0.8313,-0.1,0
0.83131,-0.12,0
0.83131,-0.12,0
0.83132,-0.12,0
0.83132,-0.08,0.02
0.83132,-0.04,0.04
0.83133,-0.04,0.02
0.83133,-0.06,-0.02
0.83134,-0.06,0
0.83134,-0.06,0
0.83134,-0.08,-0.02
0.83135,-0.06,-0.02
0.83135,-0.08,0
0.83136,-0.08,0.02
0.83136,-0.08,0
0.83136,-0.08,0.02
0.83137,-0.1,0
0.83137,-0.12,-0.02
0.83138,-0.12,-0.02
0.83138,-0.12,-0.02
0.83138,-0.12,0.04
0.83139,-0.12,0.06
0.83139,-0.12,0.08
0.8314,-0.1,0.02
0.8314,-0.08,-0.02
0.8314,-0.1,-0.08
0.83141,-0.08,-0.1
0.83141,-0.06,-0.06
0.83142,-0.06,-0.06
0.83142,-0.06,-0.06
0.83142,-0.02,-0.08
0.83143,-0.06,-0.04
0.83143,-0.06,-0.04
0.83144,-0.04,-0.04
0.83144,-0.06,0
0.83144,-0.04,0.04
0.83145,-0.06,0.02
0.83145,-0.06,0.02
0.83146,-0.1,0
0.83146,-0.12,0
0.83146,-0.1,0
0.83147,-0.1,0.02
0.83147,-0.08,0.02
0.83148,-0.06,0.02
0.83148,-0.08,0.04
0.83148,-0.06,0.02
0.83149,-0.06,0.06
0.83149,-0.08,0.04
0.8315,-0.14,0.04
0.8315,-0.12,0.02
0.8315,-0.08,0.04
0.83151,-0.08,0
0.83151,-0.08,0
0.83152,-0.12,-0.04
0.83152,-0.08,-0.06
0.83152,-0.08,-0.08
0.83153,-0.1,-0.04
0.83153,-0.12,-0.04
0.83154,-0.1,-0.06
0.83154,-0.08,-0.06
0.83154,-0.06,-0.06
0.83155,-0.08,-0.02
0.83155,-0.08,0
0.83156,-0.04,0
