0.4754,-0.048,0.024
0.4754,-0.04,0.056
0.47541,-0.056,0.04
0.47541,-0.104,0.04
0.47542,-0.12,0.048
0.47542,-0.12,0.008
0.47542,-0.104,0.008
0.47543,-0.096,0.008
0.47543,-0.072,-0.008
0.47544,-0.072,0.008
0.47544,-0.088,0.008
0.47544,-0.088,0.008
0.47545,-0.096,-0.016
0.47545,-0.096,-0.024
0.47546,-0.096,0
0.47546,-0.072,0.032
0.47546,-0.088,0
0.47547,-0.056,0
0.47547,-0.016,0
0.47548,0.008,-0.024
0.47548,0.008,-0.008
0.47548,-0.016,0
0.47549,-0.024,0
0.47549,-0.056,0.024
0.4755,-0.056,0.016
0.4755,-0.088,0.032
0.4755,-0.08,0.008
0.47551,-0.048,0.016
0.47551,-0.024,0.024
0.47552,-0.032,0.032
0.47552,-0.096,0.024
0.47552,-0.12,0.048
0.47553,-0.128,0.032
0.47553,-0.128,0.032
0.47554,-0.088,0.024
0.47554,-0.048,0.056
0.47554,-0.064,0.064
0.47555,-0.048,0.032
0.47555,-0.064,0.024
0.47556,-0.088,0.032
0.47556,-0.096,0.048
0.47556,-0.072,0.072
0.47557,-0.056,0.056
0.47557,-0.056,0.032
0.47558,-0.088,0.032
0.47558,-0.096,0.008
0.47558,-0.08,0.016
0.47559,-0.048,0.016
0.47559,-0.048,0.008
0.4756,-0.056,0
0.4756,-0.064,0.016
0.4756,-0.104,0.008
0.47561,-0.096,-0.008
0.47561,-0.104,-0.032
0.47562,-0.12,-0.024
0.47562,-0.12,-0.008
0.47562,-0.072,-0.008
0.47563,-0.056,-0.032
0.47563,-0.024,-0.064
0.47564,-0.024,-0.056
0.47564,-0.04,-0.04
0.47564,-0.04,-0.048
0.47565,-0.024,-0.04
0.47565,-0.032,-0.032
0.47566,-0.024,0.008
0.47566,-0.064,0
0.47566,-0.072,-0.032
0.47567,-0.048,-0.056
0.47567,-0.072,-0.04
0.47568,-0.056,-0.016
0.47568,-0.064,-0.024
0.47568,-0.088,-0.032
0.47569,-0.088,-0.016
0.47569,-0.096,-0.016
0.4757,-0.08,0
0.4757,-0.072,0.032
0.4757,-0.064,0.056
0.47571,-0.088,0.032
0.47571,-0.08,0.024
0.47572,-0.096,0.024
0.47572,-0.112,0.048
0.47572,-0.112,0.08
0.47573,-0.096,0.064
0.47573,-0.088,0.008
0.47574,-0.072,-0.04
0.47574,-0.096,-0.056
0.47574,-0.08,-0.04
0.47575,-0.088,0
0.47575,-0.08,0
0.47576,-0.064,-0.016
0.47576,-0.056,0.016
0.47576,-0.064,0
0.47577,-0.064,0.008
0.47577,-0.088,-0.016
0.47578,-0.088,-0.016
0.47578,-0.064,0.008
0.47578,-0.064,0.048
0.47579,-0.08,0.072
0.47579,-0.096,0.072
0.4758,-0.104,0.048
0.4758,-0.104,0.016
0.4758,-0.096,-0.016
0.47581,-0.064,-0.024
0.47581,-0.056,-0.024
0.47582,-0.048,-0.032
0.47582,-0.032,0
0.47582,-0.048,-0.008
0.47583,-0.056,-0.016
0.47583,-0.08,-0.032
0.47584,-0.112,-0.024
0.47584,-0.112,-0.008
0.47584,-0.136,0.016
0.47585,-0.168,0
0.47585,-0.152,-0.008
0.47586,-0.152,-0.032
0.47586,-0.152,-0.024
0.47586,-0.144,-0.032
0.47587,-0.112,-0.016
0.47587,-0.08,0
0.47588,-0.048,0.04
0.47588,-0.048,0.056
0.47588,-0.04,0.072
0.47589,-0.04,0.048
0.47589,0.016,0.056
0.4759,0.016,0.056
0.4759,-0.008,0.048
0.4759,-0.016,0.04
0.47591,-0.048,0.04
0.47591,-0.048,0.048
0.47592,-0.024,0.032
0.47592,-0.024,0.056
0.47592,-0.048,0.032
0.47593,-0.064,0.024
0.47593,-0.048,0.024
0.47594,-0.04,0.024
0.47594,-0.096,0
0.47594,-0.12,-0.008
0.47595,-0.112,0
0.47595,-0.112,-0.008
0.47596,-0.096,-0.016
0.47596,-0.096,0.008
0.47596,-0.088,0.016
0.47597,-0.08,0
0.47597,-0.08,0.008
0.47598,-0.072,0
0.47598,-0.056,0.016
0.47598,-0.08,0.008
0.47599,-0.08,-0.016
0.47599,-0.056,-0.016
0.476,-0.032,-0.008
0.476,-0.016,0
0.476,-0.048,-0.008
0.47601,-0.104,-0.016
0.47601,-0.112,-0.008
0.47602,-0.152,0
0.47602,-0.152,0.008
0.47602,-0.104,0
0.47603,-0.08,0.008
0.47603,-0.104,0.008
0.47604,-0.128,0.032
0.47604,-0.12,0.032
0.47604,-0.096,0.072
0.47605,-0.056,0.064
0.47605,-0.008,0.024
0.47606,0.008,0
0.47606,0.008,0.016
0.47606,-0.024,0.016
0.47607,-0.064,0.024
0.47607,-0.08,0.016
0.47608,-0.112,-0.008
0.47608,-0.096,-0.016
0.47608,-0.112,0
0.47609,-0.096,0.008
0.47609,-0.096,0.008
0.4761,-0.096,-0.008
0.4761,-0.104,-0.016
0.4761,-0.088,-0.016
0.47611,-0.088,-0.008
0.47611,-0.048,0
0.47612,-0.024,0.024
0.47612,-0.048,0.048
0.47612,-0.08,0.04
0.47613,-0.064,0.024
0.47613,-0.056,0.008
0.47614,-0.048,-0.016
0.47614,-0.064,-0.008
0.47614,-0.072,0.032
0.47615,-0.072,0.048
0.47615,-0.056,0.032
0.47616,-0.072,0.016
0.47616,-0.072,0
0.47616,-0.056,0.008
0.47617,-0.024,0.008
0.47617,0.008,-0.024
0.47618,-0.016,-0.04
0.47618,-0.016,-0.008
0.47618,-0.016,0
0.47619,-0.048,-0.016
0.47619,-0.056,0
0.4762,-0.048,-0.008
0.4762,-0.04,-0.032
0.4762,-0.056,0
0.47621,-0.072,0.016
0.47621,-0.104,0.008
0.47622,-0.12,0
0.47622,-0.096,0
0.47622,-0.072,0
0.47623,-0.072,-0.008
0.47623,-0.08,0.008
0.47624,-0.072,0
0.47624,-0.048,-0.024
0.47624,-0.048,-0.024
0.47625,-0.04,-0.008
0.47625,-0.016,-0.008
0.47626,-0.016,0
0.47626,-0.008,0.008
0.47626,-0.024,0.016
0.47627,-0.048,0.048
0.47627,-0.048,0.016
0.47628,-0.048,0.008
0.47628,-0.048,-0.024
0.47628,-0.024,-0.032
0.47629,-0.024,0
0.47629,-0.024,0.008
0.4763,-0.032,-0.032
0.4763,-0.048,-0.04
0.4763,-0.08,-0.032
0.47631,-0.096,-0.016
0.47631,-0.08,0
0.47632,-0.088,0.032
0.47632,-0.104,0.024
0.47632,-0.104,0.024
0.47633,-0.104,0.024
0.47633,-0.096,0.016
0.47634,-0.072,0.024
0.47634,-0.064,0.008
0.47634,-0.04,0.016
0.47635,-0.04,0
0.47635,-0.032,0
0.47636,-0.008,0.024
0.47636,-0.04,0.024
0.47636,-0.048,0.024
0.47637,-0.088,0.008
0.47637,-0.112,0.016
0.47638,-0.088,0.008
0.47638,-0.08,0.008
0.47638,-0.096,-0.016
0.47639,-0.08,-0.016
0.47639,-0.072,0
0.4764,-0.04,-0.008
0.4764,-0.024,-0.024
0.4764,-0.024,-0.04
0.47641,-0.04,-0.048
0.47641,-0.048,-0.04
0.47642,-0.072,-0.048
0.47642,-0.072,-0.064
0.47642,-0.088,-0.096
0.47643,-0.064,-0.088
0.47643,-0.048,-0.056
0.47644,-0.048,-0.024
0.47644,-0.048,-0.024
0.47644,-0.064,-0.024
0.47645,-0.04,-0.016
0.47645,-0.024,0
0.47646,-0.032,0.024
0.47646,-0.04,0.032
0.47646,-0.032,0.016
0.47647,-0.016,0.016
0.47647,-0.048,0.008
0.47648,-0.08,-0.04
0.47648,-0.08,-0.048
0.47648,-0.056,-0.032
0.47649,-0.024,-0.032
0.47649,-0.048,-0.032
0.4765,-0.048,-0.04
0.4765,-0.04,-0.032
0.4765,-0.056,-0.016
0.47651,-0.088,-0.008
0.47651,-0.08,-0.016
0.47652,-0.072,-0.016
0.47652,-0.072,-0.016
0.47652,-0.088,-0.008
0.47653,-0.08,0.008
0.47653,-0.064,0
0.47654,-0.112,0
0.47654,-0.128,-0.016
0.47654,-0.12,-0.048
0.47655,-0.088,-0.064
0.47655,-0.064,-0.048
0.47656,-0.048,-0.04
0.47656,-0.072,0
0.47656,-0.08,0
0.47657,-0.088,0.008
0.47657,-0.088,-0.008
0.47658,-0.08,-0.024
0.47658,-0.072,-0.048
0.47658,-0.08,-0.032
0.47659,-0.096,-0.016
0.47659,-0.096,0.008
0.4766,-0.064,0.04
0.4766,-0.064,0.04
0.4766,-0.08,0.032
0.47661,-0.056,0.032
0.47661,-0.032,0.032
0.47662,-0.04,0.04
0.47662,-0.056,0.04
0.47662,-0.064,0.032
0.47663,-0.072,-0.008
0.47663,-0.064,-0.016
0.47664,-0.056,-0.032
0.47664,-0.072,-0.016
0.47664,-0.088,0.008
0.47665,-0.08,-0.016
0.47665,-0.048,-0.016
0.47666,0.008,-0.024
0.47666,-0.016,0
0.47666,-0.016,-0.008
0.47667,0,-0.016
0.47667,0,0
0.47668,-0.016,0.032
0.47668,-0.024,0.056
0.47668,-0.032,0.056
0.47669,-0.024,0.024
0.47669,-0.008,-0.016
0.4767,-0.016,-0.016
0.4767,-0.024,-0.016
0.4767,-0.024,-0.008
0.47671,-0.032,0
0.47671,-0.056,0.024
0.47672,-0.064,0.032
0.47672,-0.056,0.04
0.47672,-0.056,0.032
0.47673,-0.072,0.032
0.47673,-0.08,0.016
0.47674,-0.056,0.008
0.47674,-0.048,-0.016
0.47674,-0.032,-0.04
0.47675,-0.064,-0.016
0.47675,-0.08,0
0.47676,-0.088,-0.024
0.47676,-0.096,0
0.47676,-0.088,0
0.47677,-0.08,0.008
0.47677,-0.096,0.008
0.47678,-0.064,-0.008
0.47678,-0.04,-0.04
0.47678,-0.048,-0.08
0.47679,-0.064,-0.096
0.47679,-0.088,-0.08
0.4768,-0.088,-0.056
0.4768,-0.112,-0.056
0.4768,-0.096,-0.024
0.47681,-0.112,0.016
0.47681,-0.112,0.016
0.47682,-0.096,0.016
0.47682,-0.088,0
0.47682,-0.096,0
0.47683,-0.08,-0.016
0.47683,-0.072,-0.016
0.47684,-0.08,-0.016
0.47684,-0.064,0
0.47684,-0.064,0.008
0.47685,-0.072,0.008
0.47685,-0.088,0.048
0.47686,-0.08,0.04
0.47686,-0.04,0.048
0.47686,-0.016,0.064
0.47687,-0.032,0.064
0.47687,-0.056,0.08
0.47688,-0.08,0.072
0.47688,-0.08,0.072
0.47688,-0.064,0.048
0.47689,-0.04,0.064
0.47689,-0.008,0.032
0.4769,0,0.032
0.4769,-0.016,0.048
0.4769,-0.04,0.048
0.47691,-0.048,0.056
0.47691,-0.08,0.032
0.47692,-0.112,0.048
0.47692,-0.112,0.048
0.47692,-0.096,0.024
0.47693,-0.048,0.016
0.47693,-0.048,0.04
0.47694,-0.032,0.056
0.47694,-0.016,0.024
0.47694,-0.016,0.032
0.47695,-0.032,0.032
0.47695,-0.064,0.008
0.47696,-0.072,-0.04
0.47696,-0.072,-0.08
0.47696,-0.072,-0.064
0.47697,-0.064,-0.056
0.47697,-0.048,0
0.47698,-0.016,0.008
0.47698,0.008,0.024
0.47698,-0.048,0.008
0.47699,-0.064,0
0.47699,-0.08,-0.008
0.477,-0.088,0
0.477,-0.072,-0.016
0.477,-0.064,0
0.47701,-0.056,0.04
0.47701,-0.056,0.032
0.47702,-0.064,0.024
0.47702,-0.064,0.008
0.47702,-0.048,-0.016
0.47703,-0.016,-0.04
0.47703,-0.008,-0.048
0.47704,-0.04,-0.056
0.47704,-0.04,-0.032
0.47704,-0.04,-0.008
0.47705,-0.056,0.016
0.47705,-0.024,-0.008
0.47706,-0.016,-0.016
0.47706,0.008,0
0.47706,-0.024,-0.048
0.47707,-0.064,-0.04
0.47707,-0.032,-0.04
0.47708,-0.048,-0.032
0.47708,-0.12,-0.016
0.47708,-0.112,0.008
0.47709,-0.12,0
0.47709,-0.088,0.016
0.4771,-0.072,0.04
0.4771,-0.08,0.048
0.4771,-0.064,0.024
0.47711,-0.088,-0.032
0.47711,-0.072,-0.048
0.47712,-0.08,-0.008
0.47712,-0.112,0.008
0.47712,-0.096,0.032
0.47713,-0.096,0.024
0.47713,-0.112,0.008
0.47714,-0.128,-0.008
0.47714,-0.12,-0.032
0.47714,-0.112,-0.08
0.47715,-0.096,-0.056
0.47715,-0.048,-0.032
0.47716,-0.016,0.032
0.47716,0,0.016
0.47716,-0.032,0
0.47717,-0.112,0
0.47717,-0.144,0
0.47718,-0.128,0.016
0.47718,-0.128,0.064
0.47718,-0.112,0.048
0.47719,-0.096,0.04
0.47719,-0.096,0.016
0.4772,-0.08,0.008
0.4772,-0.088,0.024
0.4772,-0.088,0.016
0.47721,-0.096,0.04
0.47721,-0.096,0.024
0.47722,-0.08,-0.016
0.47722,-0.056,-0.024
0.47722,-0.056,-0.024
0.47723,-0.088,-0.016
0.47723,-0.096,-0.024
0.47724,-0.12,-0.04
0.47724,-0.104,-0.024
0.47724,-0.04,-0.016
0.47725,-0.032,0
0.47725,-0.048,-0.016
0.47726,-0.048,-0.016
0.47726,-0.064,0.016
0.47726,-0.04,0.056
0.47727,-0.056,0.032
0.47727,-0.072,0.032
0.47728,-0.072,0.04
0.47728,-0.072,0.032
0.47728,-0.08,0.056
0.47729,-0.096,0.064
0.47729,-0.112,0.072
0.4773,-0.12,0.048
0.4773,-0.12,0.024
0.4773,-0.096,0
0.47731,-0.08,0.024
0.47731,-0.072,0.008
0.47732,-0.088,0.016
0.47732,-0.064,0.04
0.47732,-0.056,0.056
0.47733,-0.064,0.032
0.47733,-0.064,0.024
0.47734,-0.064,0.04
0.47734,-0.088,0.008
0.47734,-0.08,0
0.47735,-0.056,-0.008
0.47735,-0.072,-0.008
0.47736,-0.072,-0.016
0.47736,-0.064,-0.032
0.47736,-0.04,-0.008
0.47737,-0.048,0
0.47737,-0.04,0
0.47738,-0.048,0.016
0.47738,-0.064,0.008
0.47738,-0.08,0.024
0.47739,-0.08,0.024
0.47739,-0.088,-0.016
0.4774,-0.088,0
0.4774,-0.072,0.024
0.4774,-0.056,0.024
0.47741,-0.016,0
0.47741,-0.016,0.008
0.47742,-0.024,0
0.47742,-0.056,0.008
0.47742,-0.064,0.032
0.47743,-0.056,0.016
0.47743,-0.056,0.032
0.47744,-0.088,0.04
0.47744,-0.12,0.056
0.47744,-0.136,0.064
0.47745,-0.12,0.064
0.47745,-0.12,0.04
0.47746,-0.112,0.008
0.47746,-0.12,-0.008
0.47746,-0.136,-0.016
0.47747,-0.096,-0.016
0.47747,-0.056,-0.04
0.47748,-0.072,-0.016
0.47748,-0.088,0
0.47748,-0.064,0.008
0.47749,-0.08,0.016
0.47749,-0.096,0.032
0.4775,-0.112,0.032
0.4775,-0.112,0.056
0.4775,-0.096,0.064
0.47751,-0.088,0.064
0.47751,-0.096,0.032
0.47752,-0.088,0.024
0.47752,-0.104,0.024
0.47752,-0.12,0.056
0.47753,-0.088,0.072
0.47753,-0.048,0.048
0.47754,-0.032,0
0.47754,-0.032,-0.032
0.47754,-0.04,-0.032
0.47755,-0.08,-0.008
0.47755,-0.144,0.032
0.47756,-0.184,0.008
0.47756,-0.168,0.024
0.47756,-0.144,0.008
0.47757,-0.136,0.008
0.47757,-0.088,0
0.47758,-0.04,0
0.47758,-0.048,0.008
0.47758,-0.096,0
0.47759,-0.112,0.008
0.47759,-0.104,0.008
0.4776,-0.096,-0.016
0.4776,-0.08,-0.048
0.4776,-0.048,-0.048
0.47761,-0.08,-0.024
0.47761,-0.128,0
0.47762,-0.128,0.024
0.47762,-0.12,0.024
0.47762,-0.12,0.008
0.47763,-0.128,-0.024
0.47763,-0.136,-0.032
0.47764,-0.12,-0.04
0.47764,-0.112,-0.048
0.47764,-0.08,-0.032
0.47765,-0.04,-0.024
0.47765,-0.064,0
0.47766,-0.12,0.024
0.47766,-0.12,0.048
0.47766,-0.128,0.072
0.47767,-0.144,0.048
0.47767,-0.184,0.064
0.47768,-0.184,0.08
0.47768,-0.136,0.072
0.47768,-0.112,0.056
0.47769,-0.088,0.008
0.47769,-0.088,-0.04
0.4777,-0.096,-0.024
0.4777,-0.088,-0.032
0.4777,-0.08,-0.008
0.47771,-0.08,-0.04
0.47771,-0.096,-0.032
0.47772,-0.096,-0.008
0.47772,-0.064,0
0.47772,-0.096,0.024
0.47773,-0.104,0.016
0.47773,-0.12,0.024
0.47774,-0.096,0.016
0.47774,-0.12,0.008
0.47774,-0.112,0.048
0.47775,-0.096,0.064
0.47775,-0.096,0.048
0.47776,-0.056,0.048
0.47776,-0.016,0.024
0.47776,-0.016,-0.016
0.47777,-0.024,0
0.47777,-0.04,0.024
0.47778,-0.024,0.016
0.47778,-0.032,0.032
0.47778,-0.072,0.016
0.47779,-0.088,0.024
0.47779,-0.112,0.032
0.4778,-0.072,0.016
0.4778,-0.064,0.032
0.4778,-0.048,0
0.47781,-0.072,0.008
0.47781,-0.096,-0.048
0.47782,-0.072,-0.064
0.47782,-0.08,-0.072
0.47782,-0.056,-0.048
0.47783,-0.064,-0.024
0.47783,-0.112,-0.008
0.47784,-0.12,-0.016
0.47784,-0.12,-0.032
0.47784,-0.12,-0.024
0.47785,-0.088,-0.024
0.47785,-0.088,-0.024
0.47786,-0.064,-0.024
0.47786,-0.016,-0.048
0.47786,-0.008,-0.016
0.47787,-0.048,-0.016
0.47787,-0.04,0.008
0.47788,-0.04,0.064
0.47788,-0.032,0.08
0.47788,-0.008,0.08
0.47789,-0.056,0.056
0.47789,-0.064,0.04
0.4779,-0.08,0.064
0.4779,-0.072,0.08
0.4779,-0.064,0.024
0.47791,-0.072,0.016
0.47791,-0.048,0.008
0.47792,-0.064,0.016
0.47792,-0.048,0.032
0.47792,-0.04,0.024
0.47793,-0.032,0.024
0.47793,-0.04,0
0.47794,-0.048,-0.024
0.47794,-0.048,-0.04
0.47794,-0.064,0
0.47795,-0.056,0.032
0.47795,-0.048,0.024
0.47796,-0.056,0
0.47796,-0.056,0
0.47796,-0.04,-0.008
0.47797,-0.024,0
0.47797,-0.032,-0.024
0.47798,-0.032,-0.008
0.47798,-0.016,0.008
0.47798,-0.024,0.024
0.47799,-0.048,0.016
0.47799,-0.072,0.024
0.478,-0.096,0
0.478,-0.104,0
0.478,-0.12,0.008
0.47801,-0.12,0.024
0.47801,-0.104,0.024
0.47802,-0.12,-0.008
0.47802,-0.088,-0.032
0.47802,-0.056,-0.016
0.47803,-0.032,0.032
0.47803,-0.016,0.048
0.47804,-0.032,0.056
0.47804,-0.064,0.032
0.47804,-0.112,0.024
0.47805,-0.072,-0.008
0.47805,-0.048,-0.024
0.47806,-0.032,-0.016
0.47806,-0.024,0
0.47806,-0.024,0.016
0.47807,-0.04,0.016
0.47807,-0.088,0
0.47808,-0.088,-0.016
0.47808,-0.096,0.008
0.47808,-0.104,0.016
0.47809,-0.064,0.008
0.47809,-0.056,-0.008
0.4781,-0.064,-0.016
0.4781,-0.064,0.024
0.4781,-0.056,0.064
0.47811,-0.056,0.08
0.47811,-0.056,0.072
0.47812,-0.056,0.048
0.47812,-0.048,0.016
0.47812,-0.048,0.008
0.47813,-0.032,0.04
0.47813,-0.016,0.024
0.47814,-0.016,0.008
0.47814,-0.04,-0.016
0.47814,-0.048,-0.024
0.47815,-0.072,-0.024
0.47815,-0.08,0
0.47816,-0.064,0.016
0.47816,-0.04,0.032
0.47816,-0.024,0.056
0.47817,-0.016,0.08
0.47817,-0.016,0.088
0.47818,-0.024,0.056
0.47818,-0.056,0.032
0.47818,-0.088,0.08
0.47819,-0.088,0.088
0.47819,-0.096,0.096
0.4782,-0.08,0.112
0.4782,-0.08,0.08
0.4782,-0.048,0.048
0.47821,-0.04,0
0.47821,-0.032,0.016
0.47822,-0.04,0.032
0.47822,-0.064,0.032
0.47822,-0.048,0.048
0.47823,-0.04,0.056
0.47823,-0.048,0.04
0.47824,-0.064,0.016
0.47824,-0.04,0.04
0.47824,-0.032,0.024
0.47825,-0.056,0.008
0.47825,-0.072,0
0.47826,-0.096,0.008
0.47826,-0.112,0.032
0.47826,-0.12,0.032
0.47827,-0.104,0.008
0.47827,-0.104,0.016
0.47828,-0.104,0.04
0.47828,-0.104,0.032
0.47828,-0.088,0.04
0.47829,-0.072,0.048
0.47829,-0.048,0
0.4783,-0.024,-0.008
0.4783,-0.032,-0.008
0.4783,-0.048,0
0.47831,-0.056,-0.008
0.47831,-0.048,0.016
0.47832,-0.04,0.032
0.47832,-0.032,0.064
0.47832,-0.024,0.064
0.47833,-0.04,0.064
0.47833,-0.064,0.048
0.47834,-0.04,0.016
0.47834,-0.024,-0.024
0.47834,-0.016,0
0.47835,-0.048,0.032
0.47835,-0.056,0.056
0.47836,-0.048,0.032
0.47836,-0.032,0.024
0.47836,-0.04,-0.016
0.47837,-0.016,0.008
0.47837,-0.016,0.032
0.47838,-0.024,0.048
0.47838,0,0.056
0.47838,0.032,0.056
0.47839,0.048,0.048
0.47839,0.024,0.064
0.4784,-0.016,0.064
0.4784,-0.056,0.072
0.4784,-0.04,0.04
0.47841,-0.032,0.024
0.47841,-0.032,0.024
0.47842,-0.04,0
0.47842,-0.016,-0.016
0.47842,-0.008,0
0.47843,-0.04,0
0.47843,-0.04,0.016
0.47844,-0.056,-0.024
0.47844,-0.048,-0.024
0.47844,-0.056,-0.024
0.47845,-0.096,-0.032
0.47845,-0.072,-0.032
0.47846,-0.064,-0.032
0.47846,-0.04,-0.04
0.47846,-0.056,-0.056
0.47847,-0.072,-0.04
0.47847,-0.072,-0.04
0.47848,-0.088,-0.032
0.47848,-0.088,-0.032
0.47848,-0.056,-0.032
0.47849,-0.032,0
0.47849,-0.048,0.008
0.4785,-0.024,0.024
0.4785,-0.016,0.032
0.4785,-0.024,0.04
0.47851,-0.04,0.056
0.47851,-0.032,0.064
0.47852,-0.048,0.032
0.47852,-0.048,0
0.47852,-0.04,0.008
0.47853,-0.032,-0.016
0.47853,0,0.024
0.47854,0,0.04
0.47854,-0.024,0.056
0.47854,-0.016,0.032
0.47855,-0.024,0.032
0.47855,-0.056,0.04
0.47856,-0.064,0.048
0.47856,-0.08,0.088
0.47856,-0.112,0.088
0.47857,-0.104,0.08
0.47857,-0.096,0.056
0.47858,-0.088,0.04
0.47858,-0.072,0.056
0.47858,-0.064,0.032
0.47859,-0.072,0.032
0.47859,-0.072,-0.016
0.4786,-0.056,-0.008
0.4786,-0.032,-0.024
0.4786,-0.016,-0.024
0.47861,-0.016,0
0.47861,-0.016,0.024
0.47862,-0.016,0.064
0.47862,-0.048,0.088
0.47862,-0.056,0.064
0.47863,-0.056,0.056
0.47863,-0.016,0.064
0.47864,-0.016,0.064
0.47864,-0.016,0.064
0.47864,-0.016,0.048
0.47865,-0.008,0.032
0.47865,-0.008,0.016
0.47866,-0.016,0.024
0.47866,0,0.008
0.47866,0.008,-0.016
0.47867,0.008,-0.032
0.47867,-0.016,-0.008
0.47868,-0.032,0.024
0.47868,-0.04,0.056
0.47868,-0.056,0.064
0.47869,-0.048,0.04
0.47869,-0.072,0.056
0.4787,-0.072,0.048
0.4787,-0.048,0.032
0.4787,-0.04,0.032
0.47871,-0.016,0.024
0.47871,-0.016,0.04
0.47872,-0.048,0.048
0.47872,-0.056,0.04
0.47872,-0.04,0.008
0.47873,-0.032,-0.016
0.47873,-0.024,0.008
0.47874,-0.04,0.016
0.47874,-0.04,0.048
0.47874,-0.024,0.024
0.47875,-0.032,0
0.47875,0,-0.024
0.47876,0.016,-0.024
0.47876,0.024,0.008
0.47876,0.016,0
0.47877,0.008,-0.056
0.47877,0.008,-0.04
0.47878,0.008,0
0.47878,0,0.024
0.47878,-0.032,0.032
0.47879,-0.048,0.04
0.47879,-0.072,0.048
0.4788,-0.064,0.08
0.4788,-0.056,0.072
0.4788,-0.032,0.064
0.47881,-0.04,0.04
0.47881,-0.016,0
0.47882,0.032,-0.032
0.47882,0.04,-0.048
0.47882,0.024,-0.016
0.47883,0.032,0
0.47883,0.048,0.008
0.47884,0.056,0.008
0.47884,0.048,0.024
0.47884,0.032,0.032
0.47885,0,0.016
0.47885,0,0.008
0.47886,-0.008,-0.008
0.47886,-0.016,0.016
0.47886,-0.032,0
0.47887,-0.064,-0.008
0.47887,-0.04,-0.032
0.47888,-0.016,-0.008
0.47888,0.016,0.008
0.47888,-0.016,0.016
0.47889,-0.024,0.032
0.47889,-0.024,0.04
0.4789,-0.024,0.048
0.4789,0.016,0.04
0.4789,0.008,0.048
0.47891,0.008,0.04
0.47891,0,0.024
0.47892,-0.056,0.024
0.47892,-0.088,0.048
0.47892,-0.08,0.056
0.47893,-0.072,0.072
0.47893,-0.056,0.088
0.47894,-0.024,0.088
0.47894,-0.024,0.072
0.47894,-0.04,0.056
0.47895,-0.048,0.04
0.47895,-0.04,0.056
0.47896,-0.032,0.056
0.47896,-0.024,0.04
0.47896,-0.056,0.024
0.47897,-0.064,0.016
0.47897,-0.08,0.032
0.47898,-0.064,0.024
0.47898,-0.048,0.016
0.47898,-0.048,0.048
0.47899,-0.032,0.056
0.47899,-0.032,0.048
0.479,-0.048,0.04
0.479,-0.04,0.048
0.479,-0.048,0.04
0.47901,-0.048,0.04
0.47901,-0.04,0.048
0.47902,-0.04,0.072
0.47902,-0.048,0.072
0.47902,-0.032,0.016
0.47903,-0.04,0.024
0.47903,0.008,0.032
0.47904,0.032,0.032
0.47904,0.016,0.008
0.47904,-0.016,0.008
0.47905,-0.056,0
0.47905,-0.064,-0.04
0.47906,-0.048,-0.016
0.47906,-0.04,0.024
0.47906,-0.04,0.024
0.47907,-0.048,0.016
0.47907,0,0.048
0.47908,0,0.064
0.47908,0,0.048
0.47908,-0.024,0.024
0.47909,-0.024,0.048
0.47909,-0.04,0.032
0.4791,-0.048,0.008
0.4791,-0.024,0.016
0.4791,-0.032,0.032
0.47911,-0.048,0.024
0.47911,-0.032,0.032
0.47912,0.008,0.032
0.47912,0.024,0.056
0.47912,0.016,0.056
0.47913,0.008,0.032
0.47913,0.032,0
0.47914,0.04,0.024
0.47914,0.008,0.032
0.47914,0.008,0.04
0.47915,0.032,0.032
0.47915,0.04,0.056
0.47916,0.008,0.088
0.47916,0.016,0.072
0.47916,0.008,0.072
0.47917,0.04,0.04
0.47917,0.056,0.032
0.47918,0.032,0.008
0.47918,0.008,0
0.47918,0.024,0.024
0.47919,0.024,0
0.47919,0.008,0.016
0.4792,-0.008,-0.008
0.4792,0.008,-0.024
0.4792,0.032,-0.04
0.47921,0.032,-0.04
0.47921,0.048,-0.024
0.47922,0.072,0
0.47922,0.104,0.024
0.47922,0.104,0.032
0.47923,0.064,0.064
0.47923,0.04,0.072
0.47924,0.024,0.072
0.47924,0.032,0.064
0.47924,0.04,0.064
0.47925,0.024,0.048
0.47925,0.008,0.016
0.47926,0.024,0.016
0.47926,0.032,0.032
0.47926,0.04,0.072
0.47927,0.032,0.088
0.47927,0.024,0.064
0.47928,0.008,0.032
0.47928,0.024,0.008
0.47928,0.04,-0.008
0.47929,0.056,-0.008
0.47929,0.064,0
0.4793,0.032,0.008
0.4793,0.016,-0.008
0.4793,0,0
0.47931,0.016,0.024
0.47931,0.024,0.048
0.47932,0.032,0.056
0.47932,0.032,0.056
0.47932,0.032,0.072
0.47933,0.072,0.08
0.47933,0.096,0.056
0.47934,0.064,0.048
0.47934,0.008,0.04
0.47934,0.008,0.024
0.47935,0.024,0.024
0.47935,0.048,0.008
0.47936,0.064,0.032
0.47936,0.056,0.024
0.47936,0.072,0.056
0.47937,0.056,0.048
0.47937,0.032,0.072
0.47938,0.048,0.064
0.47938,0.056,0.048
0.47938,0.04,0.064
0.47939,0.056,0.072
0.47939,0.048,0.048
0.4794,0.048,0.032
0.4794,0.048,0.016
0.4794,0.064,0.008
0.47941,0.056,0
0.47941,0.032,-0.016
0.47942,0.032,-0.016
0.47942,0.048,-0.016
0.47942,0.08,-0.008
0.47943,0.08,0.008
0.47943,0.064,0.016
0.47944,0.064,0.008
0.47944,0.072,0.032
0.47944,0.064,0.024
0.47945,0.072,0.024
0.47945,0.064,-0.016
0.47946,0.048,-0.024
0.47946,0.056,0
0.47946,0.08,0
0.47947,0.08,0.032
0.47947,0.04,0.056
0.47948,0.064,0.008
0.47948,0.088,0.024
0.47948,0.088,0.08
0.47949,0.064,0.096
0.47949,0.04,0.096
0.4795,0.04,0.104
0.4795,0.064,0.088
0.4795,0.056,0.064
0.47951,0.04,0.032
0.47951,0.04,0.096
0.47952,0.032,0.096
0.47952,0.032,0.064
0.47952,0.04,0.04
0.47953,0.04,0.024
0.47953,0.032,0
0.47954,0.032,0.024
0.47954,0.024,0.072
0.47954,0.024,0.08
0.47955,0.064,0.088
0.47955,0.08,0.096
0.47956,0.08,0.08
0.47956,0.056,0.072
0.47956,0.032,0.056
0.47957,0.04,0.072
0.47957,0.072,0.056
0.47958,0.096,0.064
0.47958,0.088,0.096
0.47958,0.064,0.104
0.47959,0.056,0.104
0.47959,0.048,0.072
0.4796,0.024,0.072
0.4796,0.008,0.12
0.4796,0.008,0.096
0.47961,0.032,0.088
0.47961,0.04,0.064
0.47962,0.072,0.048
0.47962,0.096,0.04
0.47962,0.072,0.032
0.47963,0.072,0.024
0.47963,0.056,0.048
0.47964,0.04,0.016
0.47964,0.016,0.016
0.47964,0.032,0.016
0.47965,0.048,0.008
0.47965,0.088,0.008
0.47966,0.072,0.008
0.47966,0.088,0.024
0.47966,0.088,0.032
0.47967,0.08,0.048
0.47967,0.064,0.064
0.47968,0.056,0.064
0.47968,0.04,0.048
0.47968,0.056,0.024
0.47969,0.048,0.024
0.47969,0.056,0.024
0.4797,0.056,0.032
0.4797,0.072,0.032
0.4797,0.04,0.032
0.47971,0.032,0.032
0.47971,0.016,0.016
0.47972,0.032,0.032
0.47972,0.072,0.056
0.47972,0.088,0.056
0.47973,0.096,0.056
0.47973,0.088,0.048
0.47974,0.064,0.064
0.47974,0.024,0.072
0.47974,0.024,0.088
0.47975,0.04,0.096
0.47975,0.056,0.104
0.47976,0.088,0.104
0.47976,0.096,0.088
0.47976,0.128,0.072
0.47977,0.112,0.056
0.47977,0.128,0.016
0.47978,0.112,0.008
0.47978,0.104,0.032
0.47978,0.08,0.056
0.47979,0.072,0.088
0.47979,0.064,0.096
0.4798,0.064,0.072
0.4798,0.088,0.08
0.4798,0.112,0.064
0.47981,0.144,0.04
0.47981,0.152,0.048
0.47982,0.16,0.048
0.47982,0.176,0.056
0.47982,0.176,0.048
0.47983,0.176,0.072
0.47983,0.168,0.072
0.47984,0.136,0.072
0.47984,0.112,0.056
0.47984,0.056,0.056
0.47985,0.04,0.048
0.47985,0.032,0.032
0.47986,0.032,0.04
0.47986,0.032,0.008
0.47986,0.048,0.016
0.47987,0.064,0.032
0.47987,0.08,0.024
0.47988,0.064,0.04
0.47988,0.048,0.064
0.47988,0.08,0.096
0.47989,0.08,0.088
0.47989,0.072,0.048
0.4799,0.064,0.064
0.4799,0.088,0.064
0.4799,0.08,0.096
0.47991,0.072,0.088
0.47991,0.072,0.056
0.47992,0.104,0.024
0.47992,0.128,0.048
0.47992,0.152,0.064
0.47993,0.176,0.064
0.47993,0.152,0.088
0.47994,0.112,0.088
0.47994,0.08,0.072
0.47994,0.056,0.056
0.47995,0.064,0.04
0.47995,0.072,0.04
0.47996,0.112,0.048
0.47996,0.104,0.024
0.47996,0.096,0.016
0.47997,0.088,0.016
0.47997,0.088,0.024
0.47998,0.112,0.056
0.47998,0.128,0.072
0.47998,0.104,0.088
0.47999,0.112,0.088
0.47999,0.104,0.088
0.48,0.136,0.08
0.48,0.12,0.064
0.48,0.12,0.032
0.48001,0.104,0.008
0.48001,0.064,0.008
0.48002,0.072,0.016
0.48002,0.12,0.024
0.48002,0.112,0.032
0.48003,0.08,0.048
0.48003,0.072,0.072
0.48004,0.064,0.064
0.48004,0.104,0.072
0.48004,0.112,0.064
0.48005,0.136,0.048
0.48005,0.144,0.024
0.48006,0.128,0
0.48006,0.12,-0.04
0.48006,0.128,-0.024
0.48007,0.12,0.016
0.48007,0.104,0.008
0.48008,0.08,-0.008
0.48008,0.096,-0.016
0.48008,0.112,0.008
0.48009,0.136,0.032
0.48009,0.16,0.024
0.4801,0.168,0.04
0.4801,0.152,0.032
0.4801,0.16,0.008
0.48011,0.184,-0.008
0.48011,0.192,0.008
0.48012,0.144,0.032
0.48012,0.104,0.032
0.48012,0.104,0.032
0.48013,0.112,0.016
0.48013,0.12,0.032
0.48014,0.136,0.04
0.48014,0.152,0.032
0.48014,0.168,-0.008
0.48015,0.168,-0.024
0.48015,0.136,0.008
0.48016,0.104,0.04
0.48016,0.104,0.032
0.48016,0.096,0.032
0.48017,0.08,0.008
0.48017,0.08,0.024
0.48018,0.112,0.04
0.48018,0.112,0.032
0.48018,0.112,0
0.48019,0.104,0.008
0.48019,0.096,0.032
0.4802,0.08,0.04
0.4802,0.104,0.032
0.4802,0.096,0.016
0.48021,0.128,0.016
0.48021,0.16,0.04
0.48022,0.152,0.032
0.48022,0.136,0.016
0.48022,0.136,-0.016
0.48023,0.104,-0.008
0.48023,0.112,0.048
0.48024,0.104,0.064
0.48024,0.112,0.064
0.48024,0.128,0.064
0.48025,0.136,0.048
0.48025,0.16,0.048
0.48026,0.152,0.04
0.48026,0.144,0.04
0.48026,0.12,0.056
0.48027,0.12,0.016
0.48027,0.144,0.008
0.48028,0.16,0.016
0.48028,0.168,0.04
0.48028,0.184,0.032
0.48029,0.192,0.064
0.48029,0.168,0.072
0.4803,0.136,0.064
0.4803,0.152,0.056
0.4803,0.168,0.064
0.48031,0.16,0.072
0.48031,0.16,0.048
0.48032,0.144,0.032
0.48032,0.152,0.048
0.48032,0.136,0.024
0.48033,0.136,0
0.48033,0.12,-0.016
0.48034,0.08,0
0.48034,0.096,-0.016
0.48034,0.12,0
0.48035,0.12,0.024
0.48035,0.072,0.024
0.48036,0.072,0.032
0.48036,0.08,0.032
0.48036,0.104,-0.024
0.48037,0.152,-0.04
0.48037,0.184,-0.032
0.48038,0.176,-0.032
0.48038,0.16,-0.024
0.48038,0.136,0.024
0.48039,0.16,0.064
0.48039,0.192,0.104
0.4804,0.192,0.096
0.4804,0.136,0.08
0.4804,0.104,0.048
0.48041,0.128,0
0.48041,0.144,-0.008
0.48042,0.128,-0.008
0.48042,0.056,0.016
0.48042,0.024,0.024
0.48043,0.008,0.024
0.48043,0.008,0.016
0.48044,0.032,-0.016
0.48044,0.072,-0.016
0.48044,0.104,0.016
0.48045,0.136,0.016
0.48045,0.184,0
0.48046,0.176,-0.008
0.48046,0.168,0
0.48046,0.168,0.016
0.48047,0.152,0.016
0.48047,0.16,0
0.48048,0.152,0
0.48048,0.152,0.008
0.48048,0.176,0.008
0.48049,0.192,0.024
0.48049,0.152,0.032
0.4805,0.144,0.008
0.4805,0.128,0.024
0.4805,0.144,-0.008
0.48051,0.16,-0.008
0.48051,0.152,-0.008
0.48052,0.192,0
0.48052,0.176,0.016
0.48052,0.144,0.048
0.48053,0.104,0.048
0.48053,0.112,0.032
0.48054,0.144,0
0.48054,0.136,0.016
0.48054,0.112,0.016
0.48055,0.104,0
0.48055,0.104,0.024
0.48056,0.104,0.032
0.48056,0.088,0.072
0.48056,0.096,0.072
0.48057,0.12,0.032
0.48057,0.112,0.032
0.48058,0.112,0.048
0.48058,0.112,0.04
0.48058,0.12,0.032
0.48059,0.112,0.008
0.48059,0.128,-0.008
0.4806,0.128,0.008
0.4806,0.136,0.032
0.4806,0.12,0.008
0.48061,0.128,-0.016
0.48061,0.088,-0.04
0.48062,0.104,-0.056
0.48062,0.128,-0.032
0.48062,0.128,-0.04
0.48063,0.136,-0.008
0.48063,0.144,0.008
0.48064,0.128,0.016
0.48064,0.12,0.008
0.48064,0.112,0.008
0.48065,0.152,0.008
0.48065,0.16,0
0.48066,0.168,-0.016
0.48066,0.144,-0.024
0.48066,0.12,0.024
0.48067,0.128,0.048
0.48067,0.128,0.04
0.48068,0.128,0.04
0.48068,0.104,0.024
0.48068,0.088,0.056
0.48069,0.128,0.064
0.48069,0.096,0.04
0.4807,0.096,0.024
0.4807,0.104,0
0.4807,0.112,-0.008
0.48071,0.088,0
0.48071,0.096,0.024
0.48072,0.128,0.032
0.48072,0.136,0.04
0.48072,0.128,0.048
0.48073,0.088,0.072
0.48073,0.08,0.064
0.48074,0.096,0.04
0.48074,0.088,-0.008
0.48074,0.104,0.008
0.48075,0.088,0
0.48075,0.104,0
0.48076,0.128,-0.032
0.48076,0.112,-0.016
0.48076,0.112,-0.016
0.48077,0.12,0.008
0.48077,0.128,0
0.48078,0.136,0.016
0.48078,0.152,0.024
0.48078,0.168,0.008
0.48079,0.208,0.024
0.48079,0.208,0.048
0.4808,0.2,0.032
0.4808,0.192,0
0.4808,0.184,-0.016
0.48081,0.16,-0.024
0.48081,0.16,-0.032
0.48082,0.176,-0.016
0.48082,0.144,0
0.48082,0.136,0
0.48083,0.112,-0.016
0.48083,0.144,0
0.48084,0.192,0.008
0.48084,0.184,0.016
0.48084,0.168,0.016
0.48085,0.16,-0.008
0.48085,0.176,-0.032
0.48086,0.2,-0.032
0.48086,0.216,-0.04
0.48086,0.224,-0.016
0.48087,0.184,-0.016
0.48087,0.152,0.016
0.48088,0.136,0.024
0.48088,0.12,0.008
0.48088,0.128,0
0.48089,0.112,-0.032
0.48089,0.104,-0.056
0.4809,0.104,-0.064
0.4809,0.104,-0.056
0.4809,0.096,-0.032
0.48091,0.088,-0.016
0.48091,0.104,0
0.48092,0.112,0.008
0.48092,0.152,0.008
0.48092,0.152,0
0.48093,0.128,0.024
0.48093,0.12,0.008
0.48094,0.08,0.016
0.48094,0.088,0.032
0.48094,0.12,0.064
0.48095,0.104,0.048
0.48095,0.104,0.032
0.48096,0.136,0.04
0.48096,0.176,0.048
0.48096,0.152,0.048
0.48097,0.152,0
0.48097,0.16,-0.016
0.48098,0.136,0.008
0.48098,0.064,0.032
0.48098,0.048,0.024
0.48099,0.088,0.032
0.48099,0.088,0.016
0.481,0.104,0
0.481,0.088,-0.016
0.481,0.096,0
0.48101,0.088,0.008
0.48101,0.112,-0.008
0.48102,0.128,0
0.48102,0.144,0.008
0.48102,0.176,0.016
0.48103,0.176,0.016
0.48103,0.152,-0.008
0.48104,0.128,-0.048
0.48104,0.112,-0.056
0.48104,0.088,-0.024
0.48105,0.104,-0.024
0.48105,0.128,-0.008
0.48106,0.136,-0.032
0.48106,0.16,-0.04
0.48106,0.128,-0.048
0.48107,0.112,-0.04
0.48107,0.104,0
0.48108,0.112,0.016
0.48108,0.12,0.024
0.48108,0.128,0.008
0.48109,0.104,0.008
0.48109,0.096,-0.032
0.4811,0.112,-0.032
0.4811,0.12,0.008
0.4811,0.12,0.04
0.48111,0.08,0.032
0.48111,0.064,0.016
0.48112,0.112,0.032
0.48112,0.152,0.032
0.48112,0.136,0
0.48113,0.112,-0.008
0.48113,0.088,-0.04
0.48114,0.104,-0.032
0.48114,0.136,-0.032
0.48114,0.128,-0.024
0.48115,0.096,0.016
0.48115,0.08,0.016
0.48116,0.08,0.04
0.48116,0.088,0.032
0.48116,0.088,0.008
0.48117,0.04,-0.024
0.48117,0.04,-0.032
0.48118,0.04,-0.016
0.48118,0.048,0
0.48118,0.088,0.024
0.48119,0.072,0.024
0.48119,0.088,0.032
0.4812,0.08,0.016
0.4812,0.08,-0.024
0.4812,0.072,-0.032
0.48121,0.088,-0.04
0.48121,0.136,-0.016
0.48122,0.128,0
0.48122,0.12,0.04
0.48122,0.128,0.008
0.48123,0.096,-0.016
0.48123,0.04,-0.016
0.48124,0.016,-0.024
0.48124,0.024,-0.024
0.48124,0.032,0.008
0.48125,0.056,-0.016
0.48125,0.064,-0.032
0.48126,0.072,-0.008
0.48126,0.104,-0.016
0.48126,0.12,-0.048
0.48127,0.072,-0.072
0.48127,0.056,-0.04
0.48128,0.04,-0.04
0.48128,0.032,-0.04
0.48128,0.04,-0.016
0.48129,0.072,-0.024
0.48129,0.08,-0.048
0.4813,0.08,-0.08
0.4813,0.064,-0.112
0.4813,0.04,-0.096
0.48131,0.024,-0.04
0.48131,0.04,0
0.48132,0.048,0.008
0.48132,0.032,0
0.48132,0.032,0
0.48133,0.04,0.024
0.48133,0.048,-0.016
0.48134,0.04,-0.016
0.48134,0.056,-0.016
0.48134,0.04,-0.008
0.48135,0.04,0.016
0.48135,0.048,0.008
0.48136,0.08,0.016
0.48136,0.064,0.008
0.48136,0.04,0
0.48137,0.032,0.008
0.48137,0.024,-0.016
0.48138,0.016,-0.024
0.48138,-0.016,-0.024
0.48138,-0.016,-0.032
0.48139,-0.008,-0.008
0.48139,-0.024,0.008
0.4814,-0.016,0.032
0.4814,0.008,0.04
0.4814,0.04,0.024
0.48141,0.032,-0.024
0.48141,0.072,-0.04
0.48142,0.08,-0.032
0.48142,0.072,-0.008
0.48142,0.04,-0.008
0.48143,0.032,0
0.48143,0.032,0
0.48144,0.064,-0.008
0.48144,0.072,-0.016
0.48144,0.064,-0.04
0.48145,0.056,-0.032
0.48145,0.024,0
0.48146,0.008,-0.016
0.48146,0.016,-0.024
0.48146,0.008,-0.016
0.48147,0.016,-0.008
0.48147,0.016,0.008
0.48148,0.032,0
0.48148,0.072,0
0.48148,0.056,0.016
0.48149,0.056,0
0.48149,0.056,-0.016
0.4815,0.032,-0.016
0.4815,-0.008,-0.008
0.4815,-0.016,0
0.48151,-0.032,0.016
0.48151,-0.04,0
0.48152,-0.016,-0.032
0.48152,-0.024,-0.024
0.48152,0.016,-0.016
0.48153,0.008,-0.016
0.48153,0.008,-0.056
0.48154,0.008,-0.064
0.48154,0.064,-0.04
0.48154,0.056,-0.008
0.48155,0.048,0.016
0.48155,0.056,0
0.48156,0.048,0.032
0.48156,0.064,0.032
0.48156,0.056,0.008
0.48157,0.04,-0.008
0.48157,0.032,-0.024
0.48158,0.008,-0.024
0.48158,0.048,-0.016
0.48158,0.072,0.016
0.48159,0.08,0
0.48159,0.064,-0.008
0.4816,0.032,-0.048
0.4816,0,-0.048
0.4816,-0.056,-0.032
0.48161,-0.064,-0.032
0.48161,-0.056,-0.04
0.48162,-0.04,-0.032
0.48162,-0.048,-0.032
0.48162,-0.064,-0.024
0.48163,-0.064,-0.008
0.48163,-0.04,-0.008
0.48164,-0.024,-0.04
0.48164,0.008,-0.032
0.48164,-0.016,0.008
0.48165,-0.032,-0.024
0.48165,-0.008,-0.024
0.48166,0.032,-0.024
0.48166,0.024,-0.008
0.48166,-0.008,-0.032
0.48167,-0.04,-0.04
0.48167,-0.064,-0.04
0.48168,-0.072,-0.032
0.48168,-0.048,-0.024
0.48168,-0.056,-0.04
0.48169,-0.072,-0.032
0.48169,-0.112,-0.024
0.4817,-0.088,-0.032
0.4817,-0.048,-0.056
0.4817,-0.048,-0.056
0.48171,-0.04,-0.04
0.48171,-0.04,-0.04
0.48172,-0.04,-0.032
0.48172,-0.024,-0.016
0.48172,-0.024,-0.016
0.48173,0.016,-0.04
0.48173,0.008,-0.024
0.48174,0.008,-0.008
0.48174,0.008,-0.04
0.48174,-0.024,-0.04
0.48175,-0.04,-0.04
0.48175,0,-0.04
0.48176,-0.016,0
0.48176,-0.016,0
0.48176,-0.016,0
0.48177,-0.032,-0.024
0.48177,-0.024,-0.032
0.48178,-0.024,-0.024
0.48178,-0.008,-0.032
0.48178,0.024,-0.04
0.48179,0.032,-0.04
0.48179,0.032,-0.016
0.4818,-0.016,-0.024
0.4818,-0.024,-0.04
0.4818,0.008,-0.04
0.48181,-0.008,-0.04
0.48181,-0.032,-0.04
0.48182,-0.024,-0.008
0.48182,0,-0.008
0.48182,0.04,-0.032
0.48183,0.024,-0.056
0.48183,-0.008,-0.064
0.48184,-0.024,-0.064
0.48184,-0.016,-0.032
0.48184,-0.008,-0.032
0.48185,-0.008,-0.04
0.48185,-0.08,-0.04
0.48186,-0.08,-0.04
0.48186,-0.064,-0.04
0.48186,-0.064,-0.064
0.48187,-0.064,-0.088
0.48187,-0.072,-0.096
0.48188,-0.048,-0.104
0.48188,-0.048,-0.088
0.48188,-0.056,-0.056
0.48189,-0.064,-0.04
0.48189,-0.056,-0.08
0.4819,-0.04,-0.08
0.4819,-0.024,-0.048
0.4819,-0.024,-0.016
0.48191,-0.04,-0.008
0.48191,-0.032,0
0.48192,-0.04,0.016
0.48192,-0.056,0
0.48192,-0.056,-0.016
0.48193,-0.032,-0.04
0.48193,0.024,-0.048
0.48194,0.032,-0.056
0.48194,0.032,-0.04
0.48194,0.056,-0.04
0.48195,0.04,-0.032
0.48195,0.032,0.008
0.48196,0.024,0.032
0.48196,0,0.048
0.48196,-0.016,0.016
0.48197,0,-0.024
0.48197,0.008,-0.064
0.48198,0.016,-0.056
0.48198,0.008,-0.048
0.48198,0.016,-0.072
0.48199,0,-0.072
0.48199,-0.016,-0.064
0.482,-0.056,-0.032
0.482,-0.048,-0.016
0.482,-0.088,-0.008
0.48201,-0.104,-0.024
0.48201,-0.08,-0.024
0.48202,-0.064,0
0.48202,-0.072,-0.032
0.48202,-0.04,-0.048
0.48203,-0.008,-0.032
0.48203,-0.032,0
0.48204,-0.024,0.032
0.48204,-0.024,0.024
0.48204,-0.016,0.008
0.48205,0,0.008
0.48205,-0.056,0
0.48206,-0.08,0
0.48206,-0.096,-0.008
0.48206,-0.072,0.024
0.48207,-0.088,0.024
0.48207,-0.104,0.008
0.48208,-0.08,0
0.48208,-0.04,-0.032
0.48208,-0.024,-0.064
0.48209,-0.016,-0.088
0.48209,-0.016,-0.096
0.4821,-0.024,-0.064
0.4821,-0.04,-0.048
0.4821,-0.064,-0.032
0.48211,-0.048,-0.008
0.48211,-0.024,-0.016
0.48212,-0.024,-0.008
0.48212,-0.016,-0.024
0.48212,0.008,-0.032
0.48213,0.04,-0.04
0.48213,0.016,-0.024
0.48214,0,-0.008
0.48214,-0.008,0.008
0.48214,-0.064,0.008
0.48215,-0.08,-0.024
0.48215,-0.072,-0.048
0.48216,-0.048,-0.048
0.48216,-0.04,-0.064
0.48216,-0.016,-0.056
0.48217,0.008,-0.048
0.48217,0.024,-0.088
0.48218,0.072,-0.08
0.48218,0.056,-0.064
0.48218,0.032,-0.056
0.48219,-0.016,-0.016
0.48219,-0.048,0.008
0.4822,-0.048,0
0.4822,-0.024,-0.032
0.4822,-0.016,-0.04
0.48221,-0.008,-0.04
0.48221,-0.032,-0.008
0.48222,-0.056,0.008
0.48222,-0.08,0.016
0.48222,-0.072,0.008
0.48223,-0.064,0.024
0.48223,-0.104,0.024
0.48224,-0.088,0.016
0.48224,-0.048,0.008
0.48224,-0.064,0
0.48225,-0.064,0.016
0.48225,-0.056,0.032
0.48226,-0.048,0.048
0.48226,-0.032,0.032
0.48226,-0.024,0.008
0.48227,-0.04,0
0.48227,-0.016,-0.016
0.48228,-0.024,-0.032
0.48228,-0.024,-0.056
0.48228,-0.024,-0.088
0.48229,-0.032,-0.08
0.48229,-0.072,-0.04
0.4823,-0.048,-0.024
0.4823,-0.032,-0.032
0.4823,-0.032,-0.056
0.48231,-0.032,-0.072
0.48231,-0.048,-0.04
0.48232,-0.064,-0.016
0.48232,-0.048,-0.032
0.48232,-0.032,-0.056
0.48233,-0.048,-0.088
0.48233,-0.056,-0.08
0.48234,-0.08,-0.056
0.48234,-0.104,-0.016
0.48234,-0.088,0
0.48235,-0.056,0
0.48235,-0.064,0.008
0.48236,-0.064,0.024
0.48236,-0.08,0.04
0.48236,-0.08,0.032
0.48237,-0.064,0.024
0.48237,-0.056,0
0.48238,-0.056,0
0.48238,-0.048,0
0.48238,-0.032,0.008
0.48239,-0.048,0.008
0.48239,-0.04,-0.008
0.4824,-0.032,-0.024
0.4824,-0.04,-0.016
0.4824,-0.04,-0.016
0.48241,-0.056,-0.04
0.48241,-0.08,-0.04
0.48242,-0.088,-0.016
0.48242,-0.088,-0.04
0.48242,-0.096,-0.048
0.48243,-0.104,-0.04
0.48243,-0.136,-0.064
0.48244,-0.128,-0.072
0.48244,-0.12,-0.04
0.48244,-0.096,0
0.48245,-0.08,0.008
0.48245,-0.072,0.008
0.48246,-0.104,0.008
0.48246,-0.112,0.016
0.48246,-0.12,0.024
0.48247,-0.08,0.024
0.48247,-0.072,0.008
0.48248,-0.064,0.016
0.48248,-0.04,0.008
0.48248,-0.048,-0.008
0.48249,-0.048,-0.04
0.48249,-0.072,-0.04
0.4825,-0.088,-0.016
0.4825,-0.12,-0.032
0.4825,-0.104,-0.056
0.48251,-0.08,-0.048
0.48251,-0.056,-0.056
0.48252,-0.056,-0.056
0.48252,-0.072,-0.04
0.48252,-0.08,-0.024
0.48253,-0.08,-0.024
0.48253,-0.08,-0.016
0.48254,-0.088,-0.016
0.48254,-0.04,-0.016
0.48254,0.008,0.008
0.48255,-0.008,0.008
0.48255,0.016,-0.016
0.48256,-0.024,-0.048
0.48256,-0.04,-0.024
0.48256,-0.048,-0.032
0.48257,-0.064,-0.024
0.48257,-0.072,-0.032
0.48258,-0.072,-0.008
0.48258,-0.096,0
0.48258,-0.12,0.008
0.48259,-0.112,0
0.48259,-0.064,-0.008
0.4826,-0.04,0.008
0.4826,-0.04,0.024
0.4826,-0.064,0.04
0.48261,-0.08,0.04
0.48261,-0.08,0.008
0.48262,-0.08,0
0.48262,-0.096,-0.024
0.48262,-0.112,-0.016
0.48263,-0.136,-0.024
0.48263,-0.144,-0.032
0.48264,-0.136,0.008
0.48264,-0.12,0.04
0.48264,-0.08,0.048
0.48265,-0.056,0.016
0.48265,-0.064,-0.008
0.48266,-0.056,-0.016
0.48266,-0.016,-0.032
0.48266,0.016,-0.016
0.48267,0,-0.032
0.48267,0,-0.048
0.48268,-0.008,-0.032
0.48268,-0.032,0.016
0.48268,-0.04,0.048
0.48269,-0.032,0.048
0.48269,-0.064,0.032
0.4827,-0.112,-0.016
0.4827,-0.12,-0.016
0.4827,-0.12,-0.024
0.48271,-0.104,0.008
0.48271,-0.08,0.048
0.48272,-0.064,0.072
0.48272,-0.04,0.048
0.48272,-0.056,0.016
0.48273,-0.048,-0.008
0.48273,-0.056,0.008
0.48274,-0.072,0.008
0.48274,-0.08,0.032
0.48274,-0.072,0.016
0.48275,-0.072,0.032
0.48275,-0.08,0.016
0.48276,-0.08,0.04
0.48276,-0.088,0.008
0.48276,-0.08,-0.016
0.48277,-0.096,0
0.48277,-0.096,0.016
0.48278,-0.088,0.032
0.48278,-0.072,0.032
0.48278,-0.064,0.032
0.48279,-0.096,0
0.48279,-0.12,0.016
0.4828,-0.112,-0.016
0.4828,-0.072,-0.032
0.4828,-0.024,-0.04
0.48281,-0.04,-0.032
0.48281,-0.024,-0.032
0.48282,-0.024,-0.056
0.48282,-0.048,-0.032
0.48282,-0.064,-0.032
0.48283,-0.072,-0.032
0.48283,-0.08,-0.024
0.48284,-0.08,-0.016
0.48284,-0.072,0.008
0.48284,-0.056,0
0.48285,-0.04,0
0.48285,-0.064,0.032
0.48286,-0.088,0.04
0.48286,-0.096,0.064
0.48286,-0.104,0.032
0.48287,-0.088,0.04
0.48287,-0.072,0
0.48288,-0.088,0
0.48288,-0.112,0
0.48288,-0.12,-0.024
0.48289,-0.144,0.016
0.48289,-0.152,0.032
0.4829,-0.152,0.064
0.4829,-0.128,0.04
0.4829,-0.08,0.032
0.48291,-0.064,0.032
0.48291,-0.088,0.024
0.48292,-0.096,0.016
0.48292,-0.096,0.008
0.48292,-0.088,0.008
0.48293,-0.096,0.024
0.48293,-0.072,0.008
0.48294,-0.072,0.024
0.48294,-0.064,0.008
0.48294,-0.08,0.008
0.48295,-0.096,0
0.48295,-0.104,-0.008
0.48296,-0.08,-0.024
0.48296,-0.04,-0.048
0.48296,-0.032,-0.04
0.48297,-0.04,-0.032
0.48297,-0.064,0.008
0.48298,-0.08,0
0.48298,-0.08,-0.024
0.48298,-0.072,0
0.48299,-0.072,0.032
0.48299,-0.08,0.032
0.483,-0.12,-0.008
0.483,-0.104,-0.048
0.483,-0.064,-0.056
0.48301,-0.032,-0.032
0.48301,-0.04,-0.024
0.48302,-0.024,-0.008
0.48302,-0.008,-0.008
0.48302,-0.016,0.016
0.48303,-0.048,0.024
0.48303,-0.064,0
0.48304,-0.104,-0.04
0.48304,-0.096,-0.056
0.48304,-0.088,-0.048
0.48305,-0.048,-0.024
0.48305,-0.032,-0.032
0.48306,-0.04,-0.04
0.48306,-0.048,-0.048
0.48306,-0.056,-0.024
0.48307,-0.112,-0.016
0.48307,-0.104,-0.008
0.48308,-0.088,0.008
0.48308,-0.056,0.032
0.48308,-0.064,0.064
0.48309,-0.08,0.04
0.48309,-0.088,0.016
0.4831,-0.096,-0.016
0.4831,-0.072,-0.048
0.4831,-0.064,-0.04
0.48311,-0.04,0
0.48311,-0.008,0.016
0.48312,0,-0.008
0.48312,0,-0.024
0.48312,-0.032,-0.04
0.48313,-0.096,0
0.48313,-0.128,0
0.48314,-0.128,0.024
0.48314,-0.088,0.024
0.48314,-0.032,0.008
0.48315,0.032,0.016
0.48315,0.032,0.024
0.48316,0.024,0.056
0.48316,0.008,0.056
0.48316,-0.024,0.024
0.48317,-0.056,0.016
0.48317,-0.04,0.024
0.48318,-0.016,0
0.48318,-0.008,-0.008
0.48318,-0.008,-0.016
0.48319,-0.048,-0.024
0.48319,-0.016,-0.024
0.4832,-0.032,-0.04
0.4832,-0.032,-0.016
0.4832,-0.016,0
0.48321,-0.016,0.008
0.48321,-0.016,0.024
0.48322,-0.024,0.024
0.48322,-0.024,0.024
0.48322,-0.008,0.032
0.48323,0.008,0.056
0.48323,0.008,0.048
0.48324,-0.016,0.048
0.48324,0,0.032
0.48324,0.016,0.024
0.48325,0.008,0.008
0.48325,-0.024,-0.016
0.48326,-0.04,-0.016
0.48326,-0.024,-0.04
0.48326,-0.024,-0.056
0.48327,-0.048,-0.048
0.48327,-0.04,0
0.48328,-0.016,0.032
0.48328,-0.032,0.008
0.48328,-0.024,0
0.48329,0,0.024
0.48329,-0.024,-0.008
0.4833,-0.016,-0.016
0.4833,-0.048,-0.008
0.4833,-0.072,0.008
0.48331,-0.072,0.016
0.48331,-0.08,0.008
0.48332,-0.08,-0.016
0.48332,-0.104,-0.032
0.48332,-0.104,-0.024
0.48333,-0.104,0.016
0.48333,-0.08,0
0.48334,-0.048,-0.032
0.48334,-0.032,0
0.48334,-0.048,0.008
0.48335,-0.032,0.016
0.48335,-0.024,0.024
0.48336,-0.016,0.016
0.48336,-0.008,0
0.48336,-0.032,-0.024
0.48337,-0.064,-0.064
0.48337,-0.088,-0.04
0.48338,-0.112,-0.024
0.48338,-0.12,-0.024
0.48338,-0.136,-0.016
0.48339,-0.144,0
0.48339,-0.136,0.024
0.4834,-0.112,0.008
0.4834,-0.12,0.008
0.4834,-0.136,-0.024
0.48341,-0.128,0
0.48341,-0.096,0
0.48342,-0.072,0.008
0.48342,-0.024,-0.016
0.48342,-0.016,0
0.48343,-0.024,0.008
0.48343,-0.064,0.032
0.48344,-0.088,0.04
0.48344,-0.088,0.024
0.48344,-0.064,-0.008
0.48345,-0.064,-0.024
0.48345,-0.12,-0.032
0.48346,-0.12,0.008
0.48346,-0.104,0.008
0.48346,-0.096,0
0.48347,-0.056,-0.024
0.48347,-0.032,-0.048
0.48348,-0.024,-0.04
0.48348,-0.064,-0.032
0.48348,-0.096,0
0.48349,-0.12,0.016
0.48349,-0.12,0.016
0.4835,-0.152,-0.008
0.4835,-0.16,0
0.4835,-0.12,0.008
0.48351,-0.112,0.008
0.48351,-0.12,0
0.48352,-0.112,-0.032
0.48352,-0.096,-0.016
0.48352,-0.096,0.016
0.48353,-0.088,0.048
0.48353,-0.072,0.048
0.48354,-0.056,0.04
0.48354,-0.016,0.008
0.48354,-0.048,0.016
0.48355,-0.056,0.04
0.48355,-0.048,0.032
0.48356,-0.032,-0.024
0.48356,-0.016,-0.016
0.48356,-0.032,-0.016
0.48357,-0.016,-0.008
0.48357,-0.04,-0.032
0.48358,-0.064,-0.024
0.48358,-0.032,0
0.48358,-0.024,0.008
0.48359,-0.016,0.008
0.48359,-0.04,0.008
0.4836,-0.016,0.016
0.4836,0.008,-0.008
0.4836,0.016,-0.016
0.48361,-0.008,-0.016
0.48361,-0.056,-0.048
0.48362,-0.12,-0.04
0.48362,-0.136,-0.04
0.48362,-0.12,-0.024
0.48363,-0.12,0
0.48363,-0.072,-0.008
0.48364,-0.056,-0.032
0.48364,-0.04,-0.024
0.48364,-0.048,0.016
0.48365,-0.072,0.04
0.48365,-0.056,0.056
0.48366,-0.048,0.04
0.48366,-0.048,-0.016
0.48366,-0.016,-0.016
0.48367,0.024,-0.024
0.48367,-0.008,-0.04
0.48368,-0.048,-0.056
0.48368,-0.048,-0.064
0.48368,-0.064,-0.056
0.48369,-0.056,-0.024
0.48369,-0.048,0.024
0.4837,-0.056,0.048
0.4837,-0.072,0.048
0.4837,-0.08,0.04
0.48371,-0.12,0.008
0.48371,-0.128,-0.04
0.48372,-0.128,-0.04
0.48372,-0.136,-0.056
0.48372,-0.104,-0.072
0.48373,-0.064,-0.072
0.48373,-0.064,-0.032
0.48374,-0.08,-0.032
0.48374,-0.072,-0.024
0.48374,-0.072,-0.024
0.48375,-0.064,-0.016
0.48375,-0.056,0.024
0.48376,-0.056,0.032
0.48376,-0.024,0.048
0.48376,-0.04,0.032
0.48377,-0.048,0.008
0.48377,-0.08,-0.016
0.48378,-0.088,0.008
0.48378,-0.072,0.008
0.48378,-0.088,-0.008
0.48379,-0.08,-0.04
0.48379,-0.072,-0.008
0.4838,-0.08,0.032
0.4838,-0.072,0.048
0.4838,-0.064,0.032
0.48381,-0.072,0.024
0.48381,-0.064,0.016
0.48382,-0.096,0.008
0.48382,-0.072,-0.008
0.48382,-0.04,-0.008
0.48383,-0.056,0
0.48383,-0.088,0.048
0.48384,-0.096,0.016
0.48384,-0.088,0.024
0.48384,-0.056,0.016
0.48385,0,0.008
0.48385,0.056,0.008
0.48386,0.04,0.016
0.48386,-0.008,0.04
0.48386,-0.048,0.032
0.48387,-0.072,0.048
0.48387,-0.128,0.048
0.48388,-0.144,0.032
0.48388,-0.12,0.008
0.48388,-0.096,-0.024
0.48389,-0.064,-0.056
0.48389,-0.024,-0.008
0.4839,-0.008,-0.008
0.4839,-0.008,-0.008
0.4839,-0.016,-0.008
0.48391,-0.072,-0.016
0.48391,-0.08,-0.032
0.48392,-0.08,-0.04
0.48392,-0.072,-0.016
0.48392,-0.088,-0.008
0.48393,-0.112,0
0.48393,-0.088,0
0.48394,-0.08,0
0.48394,-0.048,0.008
0.48394,-0.048,-0.008
0.48395,-0.056,-0.024
0.48395,-0.04,0.008
0.48396,-0.064,0.016
0.48396,-0.056,0.024
0.48396,-0.048,0.032
0.48397,-0.048,0.064
0.48397,-0.04,0.048
0.48398,-0.024,0.056
0.48398,-0.056,0.048
0.48398,-0.072,0.008
0.48399,-0.048,-0.016
0.48399,-0.016,-0.016
0.484,-0.008,-0.008
0.484,-0.048,-0.016
0.484,-0.072,-0.024
0.48401,-0.048,-0.04
0.48401,-0.056,-0.032
0.48402,-0.056,-0.048
0.48402,-0.072,-0.032
0.48402,-0.088,-0.016
0.48403,-0.08,-0.016
0.48403,-0.048,-0.024
0.48404,-0.048,0.016
0.48404,-0.088,0.04
0.48404,-0.104,0.032
0.48405,-0.096,0
0.48405,-0.072,0.008
0.48406,-0.088,-0.032
0.48406,-0.088,-0.064
0.48406,-0.088,-0.032
0.48407,-0.088,-0.032
0.48407,-0.12,-0.024
0.48408,-0.128,-0.04
0.48408,-0.112,-0.056
0.48408,-0.072,-0.064
0.48409,-0.056,-0.064
0.48409,-0.08,-0.064
0.4841,-0.064,-0.024
0.4841,-0.056,0.016
0.4841,-0.064,0.04
0.48411,-0.104,0.024
0.48411,-0.104,-0.008
0.48412,-0.08,-0.008
0.48412,-0.096,-0.032
0.48412,-0.064,-0.032
0.48413,-0.064,-0.016
0.48413,-0.064,0.016
0.48414,-0.048,0.008
0.48414,-0.032,0
0.48414,-0.024,0.008
0.48415,0,0.016
0.48415,0,0.032
0.48416,0,0.048
0.48416,-0.048,0.056
0.48416,-0.064,0.064
0.48417,-0.064,0.032
0.48417,-0.032,0.024
0.48418,-0.016,-0.032
0.48418,-0.008,-0.048
0.48418,-0.024,-0.008
0.48419,-0.04,0
0.48419,-0.056,-0.008
0.4842,-0.064,0
0.4842,-0.08,0
0.4842,-0.056,0
0.48421,-0.016,-0.008
0.48421,-0.032,-0.008
0.48422,-0.04,0
0.48422,-0.048,-0.008
0.48422,-0.024,0.008
0.48423,-0.04,0.016
0.48423,-0.056,0.016
0.48424,-0.088,0
0.48424,-0.12,-0.008
0.48424,-0.12,0.016
0.48425,-0.112,0.024
0.48425,-0.088,0.032
0.48426,-0.088,0.016
0.48426,-0.08,0.024
0.48426,-0.072,0.032
0.48427,-0.08,0.048
0.48427,-0.072,0.056
0.48428,-0.072,0
0.48428,-0.08,-0.032
0.48428,-0.064,-0.04
0.48429,-0.072,-0.056
0.48429,-0.112,-0.032
0.4843,-0.12,-0.04
0.4843,-0.12,-0.056
0.4843,-0.096,-0.032
0.48431,-0.088,0.008
0.48431,-0.08,0.032
0.48432,-0.064,0.04
0.48432,-0.056,0.032
0.48432,-0.08,0.032
0.48433,-0.12,0.032
0.48433,-0.12,0.024
0.48434,-0.096,0.04
0.48434,-0.096,0.032
0.48434,-0.112,0.024
0.48435,-0.12,0.008
0.48435,-0.112,0.024
0.48436,-0.064,0
0.48436,-0.024,0
0.48436,-0.032,-0.016
0.48437,-0.008,0.016
0.48437,-0.016,0.016
0.48438,-0.024,0.008
0.48438,-0.016,0
0.48438,-0.008,-0.008
0.48439,-0.008,-0.024
0.48439,-0.008,-0.008
0.4844,0.008,-0.008
0.4844,-0.008,-0.032
0.4844,0,-0.016
0.48441,0.008,0.032
0.48441,-0.016,0.048
0.48442,-0.048,0.04
0.48442,-0.056,0
0.48442,-0.04,-0.016
0.48443,-0.024,-0.024
0.48443,-0.048,-0.024
0.48444,-0.048,-0.048
0.48444,-0.032,-0.048
0.48444,-0.016,-0.016
0.48445,-0.008,-0.024
0.48445,0,-0.008
0.48446,-0.008,0.008
0.48446,-0.064,0.024
0.48446,-0.088,0.048
0.48447,-0.072,0.048
0.48447,-0.072,0.024
0.48448,-0.072,-0.016
0.48448,-0.072,-0.024
0.48448,-0.096,-0.016
0.48449,-0.08,0.024
0.48449,-0.096,0.032
0.4845,-0.128,0.04
0.4845,-0.144,0.032
0.4845,-0.144,-0.008
0.48451,-0.08,-0.024
0.48451,-0.072,-0.024
0.48452,-0.056,0
0.48452,-0.04,0
0.48452,-0.056,-0.024
0.48453,-0.064,-0.04
0.48453,-0.056,-0.032
0.48454,-0.056,-0.024
0.48454,-0.072,-0.024
0.48454,-0.056,0
0.48455,-0.024,0.008
0.48455,-0.032,0.016
0.48456,-0.056,0.04
0.48456,-0.072,0.04
0.48456,-0.064,0.024
0.48457,-0.064,0.008
0.48457,-0.048,-0.008
0.48458,-0.048,-0.008
0.48458,-0.048,-0.008
0.48458,-0.032,0.016
0.48459,-0.064,0.048
0.48459,-0.072,0.048
0.4846,-0.064,0.032
0.4846,-0.064,0.04
0.4846,-0.088,0.008
0.48461,-0.072,-0.008
0.48461,-0.072,0.016
0.48462,-0.056,0.016
0.48462,-0.032,0
0.48462,-0.048,0
0.48463,-0.08,0
0.48463,-0.072,0
0.48464,-0.112,0
0.48464,-0.12,0.008
0.48464,-0.112,0.008
0.48465,-0.072,0
0.48465,-0.032,-0.008
0.48466,0,0.032
0.48466,-0.024,0.024
0.48466,-0.032,0.024
0.48467,-0.04,0.024
0.48467,-0.056,0.032
0.48468,-0.048,0.048
0.48468,-0.056,0.056
0.48468,-0.032,0.072
0.48469,-0.04,0.064
0.48469,-0.032,0.04
0.4847,-0.024,0.04
0.4847,-0.032,0.056
0.4847,-0.056,0.064
0.48471,-0.096,0.048
0.48471,-0.088,0.048
0.48472,-0.064,0.04
0.48472,-0.008,0.008
0.48472,0.024,0
0.48473,0.024,-0.008
0.48473,-0.008,-0.032
0.48474,-0.008,0
0.48474,0.008,0.008
0.48474,0.032,0.04
0.48475,0.024,0.064
0.48475,-0.008,0.032
0.48476,0,0.008
0.48476,-0.016,-0.024
0.48476,-0.032,-0.008
0.48477,-0.024,0.016
0.48477,-0.032,0.008
0.48478,-0.016,-0.008
0.48478,0,-0.016
0.48478,0.016,0
0.48479,0.016,0.032
0.48479,0.008,0.072
0.4848,-0.04,0.08
0.4848,-0.08,0.048
0.4848,-0.088,-0.008
0.48481,-0.08,0
0.48481,-0.048,0.024
0.48482,-0.032,0.032
0.48482,-0.024,0.048
0.48482,-0.024,0.04
0.48483,-0.032,0.024
0.48483,-0.04,0.008
0.48484,-0.032,0.008
0.48484,0,-0.016
0.48484,0.008,0
0.48485,0,0
0.48485,-0.04,-0.016
0.48486,-0.04,-0.016
0.48486,-0.016,0
0.48486,-0.04,0
0.48487,-0.056,-0.016
0.48487,-0.064,-0.032
0.48488,-0.056,-0.032
0.48488,-0.056,-0.04
0.48488,-0.064,-0.056
0.48489,-0.088,-0.04
0.48489,-0.096,-0.024
0.4849,-0.04,0.008
0.4849,-0.016,0.032
0.4849,-0.016,0.016
0.48491,-0.048,-0.024
0.48491,-0.064,-0.032
0.48492,-0.096,-0.032
0.48492,-0.064,-0.04
0.48492,-0.048,-0.016
0.48493,-0.048,0.008
0.48493,-0.048,0.008
0.48494,-0.048,0.024
0.48494,-0.056,0.032
0.48494,-0.056,0.024
0.48495,-0.056,0.024
0.48495,-0.064,0.016
0.48496,-0.064,0.008
0.48496,-0.064,0.016
0.48496,-0.04,-0.016
0.48497,-0.048,-0.016
0.48497,-0.048,-0.016
0.48498,-0.032,-0.024
0.48498,0,0.016
0.48498,-0.024,0.024
0.48499,-0.032,0.016
0.48499,0.016,0.024
0.485,0.032,0.04
0.485,0.008,0
0.485,-0.048,-0.008
0.48501,-0.064,0
0.48501,-0.072,0.032
0.48502,-0.064,0.04
0.48502,-0.048,0.024
0.48502,-0.032,0.032
0.48503,-0.04,0.064
0.48503,-0.024,0.032
0.48504,-0.008,0
0.48504,-0.016,-0.008
0.48504,0,0.008
0.48505,0.024,0.016
0.48505,0.04,0.024
0.48506,0.016,0.024
0.48506,-0.024,0.024
0.48506,-0.064,0.04
0.48507,-0.064,0.048
0.48507,-0.04,0.024
0.48508,-0.016,0.016
0.48508,0,0.032
0.48508,-0.016,0.048
0.48509,-0.024,0.032
0.48509,-0.072,0.04
0.4851,-0.112,0.056
0.4851,-0.088,0.064
0.4851,-0.064,0.08
0.48511,-0.024,0.088
0.48511,-0.008,0.064
0.48512,-0.024,0.016
0.48512,-0.048,0
0.48512,-0.04,-0.008
0.48513,-0.04,-0.032
0.48513,-0.04,-0.032
0.48514,-0.016,-0.064
0.48514,-0.048,-0.064
0.48514,-0.04,-0.064
0.48515,-0.024,-0.016
0.48515,-0.048,0.016
0.48516,-0.072,0.048
0.48516,-0.048,0.04
0.48516,-0.032,0.008
0.48517,-0.048,0.032
0.48517,-0.04,0.056
0.48518,-0.024,0.048
0.48518,-0.04,0.048
0.48518,-0.072,0.024
0.48519,-0.08,0.016
0.48519,-0.08,-0.016
0.4852,-0.072,-0.032
0.4852,-0.04,0.024
0.4852,-0.024,0.04
0.48521,-0.048,0.048
0.48521,-0.056,0.024
0.48522,-0.04,0.016
0.48522,-0.024,0.032
0.48522,-0.04,0.008
0.48523,-0.04,0
0.48523,-0.072,0
0.48524,-0.072,0.008
0.48524,-0.072,0.032
0.48524,-0.096,0.024
0.48525,-0.056,0.04
0.48525,-0.048,0.064
0.48526,-0.056,0.048
0.48526,-0.04,-0.016
0.48526,-0.056,-0.04
0.48527,-0.056,0.008
0.48527,-0.064,-0.008
0.48528,-0.048,-0.024
0.48528,-0.064,-0.016
0.48528,-0.096,0
0.48529,-0.088,-0.016
0.48529,-0.104,-0.032
0.4853,-0.104,-0.032
0.4853,-0.08,-0.016
0.4853,-0.056,0.008
0.48531,-0.064,0.008
0.48531,-0.056,0.024
0.48532,-0.04,-0.008
0.48532,0,-0.04
0.48532,-0.024,-0.04
0.48533,-0.04,-0.032
0.48533,-0.032,-0.024
0.48534,-0.008,-0.032
0.48534,-0.008,-0.032
0.48534,-0.04,-0.032
0.48535,-0.056,-0.032
0.48535,-0.056,-0.024
0.48536,-0.072,-0.04
0.48536,-0.088,-0.04
0.48536,-0.08,-0.04
0.48537,-0.056,-0.04
0.48537,-0.048,-0.032
0.48538,-0.04,-0.008
0.48538,-0.032,-0.016
0.48538,-0.016,-0.032
0.48539,-0.024,0.008
0.48539,-0.04,0.032
0.4854,-0.048,0.048
